{
    "url": "https://www.reuters.com/article/us-health-coronavirus-usa-airlines/american-airlines-delta-united-to-require-facial-coverings-on-u-s-flights-idUSKBN22C3QZ",
    "uid": "1637680232.4467728.-article-us-health-coronavirus-usa-airlines-american-airlines-delta-united-to-require-facial-coverin",
    "images": [
        "https://static.reuters.com/resources/r/?m=02&d=20200430&t=2&i=1517097736&r=LYNXMPEG3T2K0&w=800"
    ],
    "publication-date": "2020-04-30",
    "text": "WASHINGTON (Reuters) - Three of the largest four U.S. airlines said Thursday they will require passengers to wear facial coverings on U.S. flights, joining JetBlue Airways Corp JBLU.O in taking the step to address the spread of the coronavirus and convince reluctant passengers to resume flying.\n\nSlideshow ( 3 images )\n\nUnited Airlines UAL.O, Delta Air Lines Inc DAL.N and American Airlines Group Inc AAL.O, along with the smaller Frontier Airlines, which is owned by private equity firm Indigo Partners LLC, announced they will require facial coverings next month.\n\nDelta and United\u2019s new rules start May 4, while Frontier\u2019s start May 8 and American\u2019s requirements begin May 11. The policies exempt young children from wearing masks or other facial coverings.\n\nMany U.S. airlines are also requiring pilots and flight attendants to use facial coverings while on board aircraft.\n\nAirlines in the United States have seen a nearly 95% drop in U.S. passengers and have slashed flight schedules. They are now working to reassure customers about the safety of air travel by instituting new cleaning and social distancing procedures.\n\nSome airline unions and U.S. lawmakers have urged the Federal Aviation Administration (FAA) to require facial coverings for all passengers and crew.\n\nUnited said it will provide complimentary masks to passengers. Southwest Airlines Co LUV.N, one of the largest U.S. airlines, has not required facial coverings.\n\nThe FAA has declined to implement the requirement, and it is not clear if the agency has the authority to compel passengers to wear face masks. The FAA said Wednesday it is \u201cworking with air carriers to ensure they have processes in place for addressing public health risks for their crews and passengers.\u201d\n\nRepresentative Peter DeFazio, who chairs the House Transportation Committee, called on the FAA Wednesday to \u201crequire masks or other face coverings for all crewmembers and passengers on U.S. flights\u201d and to require airlines \u201cadopt reasonable, sound procedures for ensuring that passengers are spaced at safe distances from one another.\u201d\n\nDelta said the airline will require face coverings \u201cstarting in the check-in lobby\u201d and at \u201cDelta Sky Clubs, boarding gate areas, jet bridges and on board the aircraft for the duration of the flight \u2013 except during meal service.\u201d\n\nDelta added their use \u201cis also strongly encouraged in high-traffic areas, including security lines and restrooms. People unable to keep a face covering in place, including children, are exempt.\u201d\n\nAmerican said the rules will prioritize \u201ccustomer and team member well-being.\u201d\n\nGerman airline group Lufthansa LHAG.DE also said this week it would require facial coverings for all passengers starting May 4.\n\nSara Nelson, international president of the Association of Flight Attendants union, praised the carriers adopting the requirements and added \u201cabsent federal action, we need every airline to require passengers wear face coverings to keep everyone safe in aviation.\u201d",
    "title": "American Airlines, Delta, United to require facial coverings on U.S. flights",
    "top-image": "https://static.reuters.com/resources/r/?m=02&d=20200430&t=2&i=1517097736&r=LYNXMPEG3T2K0&w=800",
    "df_date": 20200501,
    "source": "www.reuters.com",
    "label": "reliable"
}