{
    "url": "https://uk.reuters.com/article/us-health-coronavirus-gilead-remdesivir-idUKKBN22B1T9",
    "uid": "1637680228.3867693.-article-us-health-coronavirus-gilead-remdesivir-idukkbn22b1t9",
    "images": [
        "https://static.reuters.com/resources/r/?m=02&d=20200430&t=2&i=1516952988&r=LYNXMPEG3S1ZX&w=800"
    ],
    "publication-date": "2020-04-29",
    "text": "(Reuters) - The top U.S. infectious disease official said Gilead Sciences Inc\u2019s experimental antiviral drug remdesivir will become the standard of care for COVID-19 after early clinical trial results on Wednesday showed it helped patients recover more quickly from the illness caused by the coronavirus.\n\nPreliminary results from a U.S. government trial showing that patients given remdesivir recovered 31% faster than those given a placebo, were hailed by Dr. Anthony Fauci as \u201chighly significant.\u201d\n\n\u201cThis is really quite important,\u201d Fauci told reporters at the White House, likening it to a moment in 1986 \u201cwhen we were struggling for drugs for HIV and we had nothing.\u201d\n\n\u201cThis will be the standard of care,\u201d he said.\n\nThe U.S. Food and Drug Administration said it has been in discussions with Gilead GILD.O about making remdesivir available to patients as quickly as possible, but the agency declined to comment on any plans to grant the drug regulatory approval.\n\n\u201cI want them to go as quickly as they can,\u201d President Donald Trump said, when asked if he wanted the FDA to grant emergency use authorization for remdesivir. \u201cWe want everything to be safe, but we would like to see very quick approvals, especially with things that work.\u201d\n\nThe closely watched drug, given by intravenous infusion to hospitalized patients, has moved markets in the past few weeks following the release of data from several studies that painted a mixed picture of its effectiveness, and Fauci cautioned that the latest data still needs to be analyzed.\n\nGilead\u2019s shares rose more than 5% on Wednesday to close at $83.14 and are up 27% so far this year.\n\nInterest in remdesivir has been high as there are no approved treatments or preventive vaccines for COVID-19, and doctors are desperate for anything that might alter the course of the disease that attacks the lungs and can shut down other organs in severe cases.\n\nDoctors have been eager for results from the NIH study because it is a large trial in which patients were randomized to treatment with the drug or a placebo without participants or doctors knowing which group they were in - the gold standard for clinical trials.\n\nGilead earlier this month said it was prepared to donate to hospitals its existing supply of 1.5 million doses of remdesivir, which it said was enough for more than 140,000 patients, although that number would increase if the drug could be given for a shorter duration. Regulatory approval of the drug would clear the way for commercial sales.\n\n\u201cWe are working to build a global consortium of pharmaceutical and chemical manufacturers to expand global capacity and production,\u201d Gilead Chief Executive Daniel O\u2019Day said in an open letter on Wednesday.\n\nHe also said Gilead is looking at ways to potentially bring the treatment to a broader patient population by investigating other formulations and means of delivery.\n\nGilead Sciences Inc pharmaceutical company is seen after they announced a Phase 3 Trial of the investigational antiviral drug Remdesivir in patients with severe coronavirus disease (COVID-19), during the outbreak of the coronavirus disease (COVID-19), in Oceanside, California, U.S., April 29, 2020. REUTERS/Mike Blake\n\nThe National Institute of Allergy and Infectious Diseases, part of the National Institutes of Health, said partial results from its 1,063-patient trial show that hospitalized COVID-19 patients given remdesivir recovered in 11 days, compared to 15 days for patients given a placebo.\n\nThe study showed a trend toward better survival for remdesivir - 8% of patients given the drug died compared with 11.6% in the placebo group - but the difference was not statistically significant so may not be due to Gilead\u2019s drug.\n\nThe trial\u2019s lead researcher told Reuters on Friday that full results could come by mid-May.\n\n\u201cThe full dataset will provide more clarity on how remdesivir can best be used,\u201d said Dr. Aneesh Mehta, a researcher on the NIH trial from Emory University School of Medicine in Atlanta.\n\n\u2018GLIMMER OF HOPE\u2019\n\nDespite the excitement, Dr. Lawrence K. Altman, global fellow at The Wilson Center in Washington, DC, was not ready to celebrate the preliminary findings.\n\nThe new data \u201coffers a glimmer of hope\u201d that remdesivir has an effect against COVID-19, but more scientific analysis is needed \u201ccomparing them to other studies of the drug that have shown mixed results,\u201d he said in a statement.\n\nAlso on Wednesday, results were published by the Lancet medical journal of a trial conducted in China that concluded remdesivir failed to improve patients\u2019 condition or reduce the pathogen\u2019s presence in the bloodstream. Gilead said previously that those findings were inconclusive because the study was terminated early.\n\n\u201cThe drug seems to have antiviral activity - how much is as yet unclear,\u201d Dr. Daniel McQuillen, an infectious disease specialist at Lahey Hospital & Medical Center in Burlington, Massachusetts, told Reuters. \u201cSeems likely that it might need use with another antiviral agent.\u201d\n\nCombination antiviral treatments have proven highly effective against other diseases.\n\nGilead also provided data on a study in severe COVID-19 patients it has conducted in dozens of medical centers, which does not have a placebo comparison but tested the drug under five-day and 10-day regimens.\n\nIn that 397-patient trial, Gilead said clinical improvements were similar regardlesss of treatment duration, and patients treated early on with remdesivir did better than patients who were treated later in the course of infection.\n\nRemdesivir, which previously failed as a treatment for Ebola, is being tried against COVID-19 because it is designed to disable the mechanism by which certain viruses make copies of themselves and potentially overwhelm their host\u2019s immune system.\n\nThe company is also studying the drug in patients with less severe COVID-19, but those results are not expected until later next month.",
    "title": "Data on Gilead drug raises hopes in pandemic fight, Fauci calls it 'highly significant'",
    "top-image": "https://static.reuters.com/resources/r/?m=02&d=20200430&t=2&i=1516952988&r=LYNXMPEG3S1ZX&w=800",
    "df_date": 20200501,
    "source": "uk.reuters.com",
    "label": "reliable"
}