{
    "url": "https://in.reuters.com/article/us-health-coronavirus-usa-china/trump-threatens-new-tariffs-on-china-as-u-s-mulls-retaliatory-action-over-virus-idINKBN22C3DS",
    "uid": "1637680227.6950018.-article-us-health-coronavirus-usa-china-trump-threatens-new-tariffs-on-china-as-u-s-mulls-retaliato",
    "images": [
        "https://static.reuters.com/resources/r/?m=02&d=20200501&t=2&i=1517107259&r=LYNXMPEG402MX&w=800"
    ],
    "publication-date": "2020-05-01",
    "text": "WASHINGTON (Reuters) - U.S. President Donald Trump said on Thursday his hard-fought trade deal with China was now of secondary importance to the coronavirus pandemic and he threatened new tariffs on Beijing, as his administration crafted retaliatory measures over the outbreak.\n\nTrump\u2019s sharpened rhetoric against China reflected his growing frustration with Beijing over the pandemic, which has cost tens of thousands of lives in the United States alone, sparked an economic contraction and threatened his chances of re-election in November.\n\nTwo U.S. officials, speaking on condition of anonymity, said a range of options against China were under discussion, but cautioned that efforts were in the early stages. Recommendations have not yet reached the level of Trump\u2019s top national security team or the president, one official told Reuters.\n\n\u201cThere is a discussion as to how hard to hit China and how to calibrate it properly,\u201d one of the sources said as Washington walks a tightrope in its ties with Beijing while it imports personal protection equipment (PPE) from there and is wary of harming a sensitive trade deal.\n\nTrump made clear, however, that his concerns about China\u2019s role in the origin and spread of the coronavirus were taking priority for now over his efforts to build on an initial trade agreement with Beijing that long dominated his dealings with the world\u2019s second-largest economy.\n\n\u201cWe signed a trade deal where they\u2019re supposed to buy, and they\u2019ve been buying a lot, actually. But that now becomes secondary to what took place with the virus,\u201d Trump told reporters. \u201cThe virus situation is just not acceptable.\u201d\n\nThe Washington Post, citing two people with knowledge of internal discussions, reported on Thursday that some officials had discussed the idea of canceling some of the massive U.S. debt held by China as a way to strike at Beijing for perceived shortfalls in its candidness on the COVID-19 pandemic.\n\nTrump\u2019s top economic adviser denied the report. \u201cThe full faith and credit of U.S. debt obligations is sacrosanct. Period. Full stop,\u201d White House economic adviser Larry Kudlow told Reuters.\n\nAsked whether he would consider having the United States stop payment of its debt obligations as a way to punish Beijing, Trump said: \u201cWell, I can do it differently. I can do the same thing, but even for more money, just by putting on tariffs. So, I don\u2019t have to do that.\u201d\n\nWAR OF WORDS\n\nSeeking to quell a damaging trade war, Trump signed a first phase of a multibillion-dollar trade deal with China in January that cut some U.S. tariffs on Chinese goods in exchange for Chinese pledges to purchase more American farm, energy and manufactured goods and address some U.S. complaints about intellectual property practices.\n\nU.S. President Donald Trump speaks about Trump Administration efforts to protect senior citizens from the coronavirus disease (COVID-19) pandemic during an event in the East Room at the White House in Washington, U.S., April 30, 2020. REUTERS/Carlos Barria\n\nTariffs of up to 25% remain on some $370 billion worth of Chinese goods imports annually.\n\nTrump has touted his tough stance on China trade as a key differentiator from Democratic challengers in the presidential race. Keeping tariffs in place on Chinese goods allows him to say he is maintaining leverage over China for a Phase 2 trade deal.\n\nSpeaking to reporters, Trump declined to say whether he held Chinese President Xi Jinping responsible for what he feels is misinformation from China when the virus emerged from Wuhan, China, and quickly spread around the world.\n\nA senior Trump administration official, speaking on condition of anonymity, said on Wednesday that an informal \u201ctruce\u201d in the war of words that Trump and Xi essentially agreed to in a phone call in late March appeared to be over.\n\nWashington and Beijing have traded increasingly bitter recriminations over the origin of the virus and the response to it.\n\nTrump and his top aides, while stepping up their anti-China rhetoric, have stopped short of directly criticizing Xi, whom the U.S. president has repeatedly called his \u201cfriend.\u201d\n\nSome of Trump\u2019s domestic critics say that although China performed poorly at the start of the outbreak, he now appears to be trying to use Beijing to help deflect from the shortcomings of his own response.\n\nWhile saying China should ultimately be held to account, Daniel Russel, who served as the State Department\u2019s top Asia adviser until early in Trump\u2019s term, said in a tweet: \u201cYou would be hard pressed to find a political leader in Asia or Europe who does not believe this anti-China push by the Trump administration is an entirely a political move.\u201d\n\nAmong the other ideas under consideration for retaliation against China are sanctions, new non-tariff trade restrictions and a possible effort to lift China\u2019s sovereign immunity, two sources familiar with the matter said.\n\nLifting sovereign immunity could allow the U.S. government and American citizens to file lawsuits seeking damages from Beijing in U.S. courts.\n\nThe options are being discussed, informally for now, across government agencies including the State Department, White House National Security Council, Treasury Department and Pentagon, two of the sources said.\n\nThe strongest pressure for action is coming from the National Security Council, including deputy national security adviser Matthew Pottinger, while Treasury officials are advising caution, the sources said.\n\nConversations are at a very preliminary stage and significant action is not considered imminent, the sources said. When asked, U.S. Secretary of State Mike Pompeo has repeatedly said Washington\u2019s priority at the moment is to fight the virus but that the time to hold China accountable would come.",
    "title": "Trump threatens new tariffs on China in retaliation for coronavirus",
    "top-image": "https://static.reuters.com/resources/r/?m=02&d=20200501&t=2&i=1517107259&r=LYNXMPEG402MX&w=800",
    "df_date": 20200501,
    "source": "in.reuters.com",
    "label": "reliable"
}