{
    "url": "https://www.nytimes.com/2020/04/30/us/politics/senate-coronavirus-mcconnell.html",
    "uid": "1637680227.7088614.-2020-04-30-us-politics-senate-coronavirus-mcconnell-html",
    "images": [
        "https://static01.nyt.com/images/2018/11/26/multimedia/author-sheryl-gay-stolberg/author-sheryl-gay-stolberg-thumbLarge.png",
        "https://static01.nyt.com/images/2020/04/30/us/politics/30dc-virus-mcconnell/merlin_171800898_bf453a48-c06a-4fcf-9ee4-a8e0e02a9b32-articleLarge.jpg?quality=75&auto=webp&disable=upscale",
        "https://static01.nyt.com/images/2020/04/30/us/politics/30dc-virus-mcconnell/30dc-virus-mcconnell-facebookJumbo.jpg?year=2020&h=550&w=1050&s=272f15f4e7b3268150ee97910ab371d804cec94e994061c5e1c517747c1995d2&k=ZQJBKqZ0VN"
    ],
    "publication-date": "2020-04-30",
    "text": "WASHINGTON \u2014 Senate Democrats assailed Senator Mitch McConnell on Thursday for insisting on bringing the Senate back to Washington in the thick of the coronavirus pandemic, saying it could imperil not only senators and their aides, but also large numbers of low-level employees, including racial minorities at higher risk of infection and death from Covid-19.\n\nWith coronavirus cases in the District of Columbia and neighboring Maryland and Virginia continuing to rise, and the region still on lockdown, senators in both parties are grappling with how to respond to the decision by Mr. McConnell, Republican of Kentucky and the majority leader, to put them back to work on Monday.\n\nA number of Republican senators \u2014 including Bill Cassidy of Louisiana, who is a medical doctor, and Mitt Romney of Utah, the party\u2019s 2012 presidential nominee \u2014 are planning for their staffs to continue to work from home, as they have done for the last month.\n\nDemocrats expressed concern for themselves, their aides and others who work in and around the Capitol. They have been particularly critical of the decision to return given that Mr. McConnell has not scheduled any coronavirus-related work, but is instead planning to move ahead on nominations, including of a conservative judge nominated by President Trump for a federal appeals court.",
    "title": "Democrats Assail Mitch McConnell for Bringing Senate Back Amid Pandemic",
    "top-image": "https://static01.nyt.com/images/2020/04/30/us/politics/30dc-virus-mcconnell/30dc-virus-mcconnell-facebookJumbo.jpg?year=2020&h=550&w=1050&s=272f15f4e7b3268150ee97910ab371d804cec94e994061c5e1c517747c1995d2&k=ZQJBKqZ0VN",
    "df_date": 20200501,
    "source": "www.nytimes.com",
    "label": "reliable"
}