{
    "url": "https://www.nbcnews.com/news/us-news/kentucky-teenage-cancer-survivor-dies-covid-19-n1248728",
    "uid": "1637680393.4655032.-news-us-news-kentucky-teenage-cancer-survivor-dies-covid-19-n1248728",
    "images": [
        "https://media-cldnry.s-nbcnews.com/image/upload/t_nbcnews-fp-1200-630,f_auto,q_auto:best/newscms/2020_48/3430720/201123-alexa-rose-veit-covid-obit-bw.jpg",
        "https://media-cldnry.s-nbcnews.com/image/upload/t_focal-760x428,f_auto,q_auto:best/MSNBC/Components/Video/202011/nn_sgo_school_testing_201123_1920x1080.jpg"
    ],
    "publication-date": "2020-11-24",
    "text": "A 15-year-old cancer survivor died from Covid-19 after contracting the virus in October, Kentucky officials said.\n\nAlexa Rose Veit, 15, died from Covid-19 on November 15. Courtesy Ballard County Emergency Management\n\nAlexa Rose Veit, who was born with special needs and survived a bout with Leukemia in 2019, first began exhibiting symptoms October 26 and underwent a routine Covid-19 test. Her mother also began feeling unwell and was tested. A few days later, both learned they were positive, according to a statement from Ballard County Emergency Management Director Travis Holder.\n\nHer mother\u2019s symptoms worsened and she was hospitalized and placed on a ventilator, while Veit\u2019s symptoms remained mild, Holder said. During this time, Veit\u2019s grandparents also were hospitalized for Covid-19.\n\nVeit\u2019s symptoms continued to worsen, and she was eventually hospitalized in Nashville, Tennessee, after developing pneumonia. Her older sister, who had recently recovered from Covid-19, accompanied her as their mother was still hospitalized.\n\nVeit\u2019s condition continued to deteriorate, and she, too, was placed on a ventilator. She died November 15, one day after her mother was released from the hospital and rushed to be at her daughter\u2019s side.\n\nVeit, who was a freshman at Ballard Memorial High School in Barlow, Kentucky, was described as a \u201csocial butterfly\u201d whose infectious smile could brighten anyone's day.\n\n\u201cOur world is a little less bright today without Alexa in it, and she will be missed always,\u201d Ballard Memorial High School wrote on its Facebook page.\n\nHolder implored residents to take the virus seriously and take precautions to protect the vulnerable members of the community.\n\nVeit was the first school-aged child to die from Covid-19 in the state, according to Holder. Kentucky has reported more than 160,000 cases and more than 1,700 deaths.",
    "title": "Kentucky teenage cancer survivor dies from Covid-19",
    "top-image": "https://media-cldnry.s-nbcnews.com/image/upload/t_nbcnews-fp-1200-630,f_auto,q_auto:best/newscms/2020_48/3430720/201123-alexa-rose-veit-covid-obit-bw.jpg",
    "df_date": 20201124,
    "source": "www.nbcnews.com",
    "label": "reliable"
}