{
    "url": "https://uk.reuters.com/article/us-berkshire-buffett/warren-buffett-says-coronavirus-cannot-stop-america-despite-huge-berkshire-loss-idUKKBN22E0TR",
    "uid": "1637691874.0123863.-article-us-berkshire-buffett-warren-buffett-says-coronavirus-cannot-stop-america-despite-huge-berks",
    "images": [
        "https://static.reuters.com/resources/r/?m=02&d=20200504&t=2&i=1517361796&r=LYNXMPEG42003&w=800"
    ],
    "publication-date": "2020-05-02",
    "text": "(This May 2 story has been refiled to correct spelling of \u201ctowel\u201d in second paragraph)\n\nWarren Buffett addresses shareholders at the annual meeting of his Berkshire Hathaway Inc, which is being virtually broadcast due to the coronavirus disease (COVID-19) pandemic, in Omaha, Nebraska May 2, 2020, in this still image taken from video. Yahoo! Finance/via REUTERS\n\n(Reuters) - Billionaire investor Warren Buffett on Saturday said the United States\u2019 capacity to withstand crises provides a silver lining as it combats the coronavirus, even as he acknowledged that the global pandemic could significantly damage the economy and his investments.\n\nOver more than 4-1/2 hours at the annual meeting of Berkshire Hathaway Inc BRKa.N, Buffett said his conglomerate has taken many steps responding to the pandemic, including providing cash to struggling operating units, and throwing in the towel on a multi-billion-dollar bet on U.S. airlines.\n\nBuffett also said he remains keen on making a big acquisition, which he has not done since 2016, but has not provided financial support to companies as he did during the 2008 financial crisis because he saw nothing attractive enough, even after the recent bear market.\n\nThe 89-year-old opened the meeting in Omaha, Nebraska with 1-3/4 hours of remarks to soothe anxious investors, urging them to stay committed to stocks despite this year\u2019s bear market, even if the pandemic gets a second wind late this year.\n\nIllustrating his remarks with dozens of plain black-and-white slides, Buffett called dealing with the pandemic \u201cquite an experiment\u201d that had an \u201cextraordinarily wide\u201d range of possible economic outcomes.\n\nBut he said Americans have persevered and prospered through such crises as the Civil War in the 1860s, the influenza pandemic a century ago and the Great Depression. American \u201cmagic\u201d prevailed before and would do again, he said.\n\n\u201cNothing can stop America when you get right down to it,\u201d Buffett said. \u201cI will bet on America the rest of my life.\u201d\n\nThe meeting was held virtually for the first time because of the pandemic, without shareholders in attendance, and streamed by Yahoo Finance.\n\nBuffett and Vice Chairman Greg Abel, 57, spent nearly 2-1/2 hours answering shareholder questions posed by a reporter.\n\nAbel has day-to-day oversight of Berkshire\u2019s non-insurance businesses, and is considered by many analysts and investors a top candidate to eventually succeed Buffett as chief executive.\n\nSlideshow ( 3 images )\n\nBERKSHIRE EXITS AIRLINES\n\nThe meeting began several hours after Berkshire reported a record $49.75 billion first-quarter net loss, reflecting huge unrealized losses on common stock holdings such as Bank of America Corp BAC.N and Apple Inc AAPL.O during the market meltdown.\n\nWhile quarterly operating profit rose 6%, several larger businesses including the BNSF railroad posted declines, hurt by the negative impact of COVID-19, the illness caused by the novel coronavirus.\n\nBuffett said operating earnings will, through at least this year, be \u201cconsiderably less\u201d than they would have been had the pandemic not occurred.\n\nBerkshire\u2019s cash stake ended the quarter at a record $137.3 billion, though Buffett said \u201cwe\u2019re willing to do something very big,\u201d perhaps a $30 billion to $50 billion transaction.\n\nBut it won't be in U.S. airlines, after Buffett confirmed that Berkshire in April sold its \"entire positions\" in the four largest: American Airlines Group Inc AAL.O, Delta Air Lines Inc DAL.N, Southwest Airlines Co LUV.N and United Airlines Holdings Inc UAL.O.\n\nBuffett said he \u201cmade a mistake\u201d investing in the sector, which the pandemic has changed \u201cin a very major way\u201d with no fault of the airlines, leaving limited upside for investors.\n\n\u201cIt is basically that we shut off air travel in this country,\u201d he said.\n\nThe meeting was devoid of the surrounding three-day weekend of dining, shopping and other celebratory events that annually draw tens of thousands of people to Omaha for what Buffett calls \u201cWoodstock for Capitalists.\u201d\n\nABEL SHARES THE STAGE\n\nAbel stood in for longtime Vice Chairman Charlie Munger, 96, who normally joins Buffett to answer shareholder questions.\n\nBuffett said Munger was in \u201cfine shape\u201d and \u201cgood health,\u201d and looked forward to attending Berkshire\u2019s 2021 annual meeting.\n\nVice Chairman Ajit Jain, 68, who oversees Berkshire\u2019s insurance businesses and is also considered a possible CEO candidate, was also absent from the meeting. Abel lives closer to Omaha than Munger and Jain.\n\nBerkshire has said its board of directors knows who would become CEO if Buffett died or became incapacitated.\n\nBuffett\u2019s eldest son Howard would likely become non-executive chairman, and portfolio managers Todd Combs and Ted Weschler could succeed Buffett as chief investment officer.\n\nAbel told investors \u201cI don\u2019t see the culture of Berkshire changing\u201d after Buffett and Munger are no longer there.\n\nHe also said Berkshire was likely to expand its workforce, which totaled 391,539 people at year end, even though some businesses have furloughed employees and cut salaries since the pandemic began, and could start resorting to layoffs.\n\nBerkshire wouldn\u2019t be alone. Nationwide jobless claims have since March 21 totaled about 30.3 million, or 18% of the workforce, a level not seen since the Great Depression.\n\nAbel nonetheless said that in five years, \u201cwe see our employment numbers being far greater than they are today.\u201d\n\nShareholders also elected Kenneth Chenault, a former chief executive of longtime Berkshire holding American Express Co AXP.N, to Berkshire's board, making him the company's first African American director.",
    "title": "Warren Buffett says the coronavirus cannot stop America, or Berkshire Hathaway",
    "top-image": "https://static.reuters.com/resources/r/?m=02&d=20200504&t=2&i=1517361796&r=LYNXMPEG42003&w=800",
    "df_date": 20200503,
    "source": "uk.reuters.com",
    "label": "reliable"
}