{
    "url": "https://www.reuters.com/article/health-coronavirus-india-cenbank/rbi-may-soon-allow-repo-operations-in-corporate-bonds-sources-idUSL4N2BD2WW",
    "uid": "1637750428.8803246.-article-health-coronavirus-india-cenbank-rbi-may-soon-allow-repo-operations-in-corporate-bonds-sour",
    "images": [
        "https://s1.reutersmedia.net/resources_v2/images/rcom-default.png?w=800"
    ],
    "publication-date": "2020-03-23",
    "text": "MUMBAI/NEW DELHI, March 23 (Reuters) - The Reserve Bank of India may soon allow corporate bonds as collateral for repurchase operations in an attempt to cool the recent sharp uptick in corporate bond yields in the wake of the coronovirus outbreak, two sources told Reuters.\n\n\u201cWe have to work it out. Under the RBI Act, we are not allowed to take any other collateral other than government securities. But we are not looking upon that as an impediment,\u201d a senior official said.\n\n\u201cWe will look at ways in which we can directly reach the corporates. We are saying just give us time to work our way through these regulations and all, but we are indeed looking at directly helping them out,\u201d the official added.\n\nThe RBI did not immediately respond to a request for comment.",
    "title": "RBI may soon allow repo operations in corporate bonds - sources",
    "top-image": "https://s1.reutersmedia.net/resources_v2/images/rcom-default.png?w=800",
    "df_date": 20200323,
    "source": "www.reuters.com",
    "label": "reliable"
}