{
    "url": "https://www.reuters.com/article/us-health-coronavirus-apple/apple-scraps-curbs-on-online-buyers-of-iphones-amid-virus-outbreak-idUSKBN21A0SA",
    "uid": "1637750440.714537.-article-us-health-coronavirus-apple-apple-scraps-curbs-on-online-buyers-of-iphones-amid-virus-outbr",
    "images": [
        "https://static.reuters.com/resources/r/?m=02&d=20200323&t=2&i=1506964012&r=LYNXMPEG2M0IH&w=800"
    ],
    "publication-date": "2020-03-23",
    "text": "FILE PHOTO - A cab drives down 5av while Apple store is seen closed to public due to the coronavirus disease (COVID-19) in New York City, New York, U.S., March 14, 2020. REUTERS/Eduardo Munoz\n\nSHANGHAI (Reuters) - Apple has dropped a two-device limit on online purchases of iPhones, a check of its web stores showed on Monday, just days after changing the checkout procedure amid a coronavirus pandemic.\n\nDrop-down menus in online stores for territories ranging from the United States to Hong Kong and mainland China now allow customers to buy more than 10 devices. Curbs stay for some iPad and Macbook models, however.\n\nApple declined to comment.\n\nThis month Apple said it would shut all its brick-and-mortar retail stores outside mainland China, Taiwan, Hong Kong and Macao, in effect switching purchases to its website.",
    "title": "Apple scraps curbs on online buyers of iPhones amid virus outbreak",
    "top-image": "https://static.reuters.com/resources/r/?m=02&d=20200323&t=2&i=1506964012&r=LYNXMPEG2M0IH&w=800",
    "df_date": 20200323,
    "source": "www.reuters.com",
    "label": "reliable"
}