{
    "url": "https://www.reuters.com/article/health-coronavirus-pakistan-idUSL1N2BC2JT",
    "uid": "1637750440.517166.-article-health-coronavirus-pakistan-idusl1n2bc2jt",
    "images": [
        "https://static.reuters.com/resources/r/?m=02&d=20200323&t=2&i=1506981161&r=LYNXMPEG2M0KG&w=800"
    ],
    "publication-date": "2020-03-23",
    "text": "PESHAWAR (Reuters) - When Saadat Khan, 50, returned to Pakistan on March 9 from a pilgrimage to Saudi Arabia, he was greeted in his village with a rousing welcome and a grand feast attended by more than 2,000 people, many of whom embraced him warmly.\n\nFILE PHOTO: Police officers stand guard at a blocked road leading to Manga village after an outbreak of coronavirus disease (COVID-19), in Marden, Pakistan March 19, 2020. REUTERS/Abdul Sattar\n\nOn March 18, less than 10 days later, Khan died at an isolation center for coronavirus patients in the northwestern city of Mardan. He died from COVID-19, the day his test results came back positive.\n\nKhan was Pakistan\u2019s first fatality from a disease that is rapidly spreading through the country of 220 million people. The virus has already infected over 317,000 people worldwide, and killed more than 13,000.\n\nThe number of confirmed cases in Pakistan has soared to more than 750 from 22 last week, largely driven by a wave of pilgrims returning from Iran who Pakistani authorities said were inadequately tested and improperly isolated. At least four people have died from the disease in Pakistan in the past week.\n\nThousands of people now need to undergo the slow process of retesting, and authorities fear the number of cases could surge in coming days.\n\nHealth experts say there is a lack of public awareness in Pakistan about the virus and that the cash-strapped government is ill-prepared to tackle its spread. A shortage of quarantine facilities and testing labs have also hampered efforts to effectively deal with high-risk cases.\n\nIn Sindh, Pakistan\u2019s hardest-hit province, the situation is already grim, said Dr. Naseem Salahuddin, the head of department for infectious diseases at Indus Hospital in Karachi. She said that the few hospitals equipped to handle COVID-19 cases in Karachi are either close to capacity or have shut their doors because they can\u2019t handle the influx of suspected cases.\n\n\u201cWe\u2019re likely to have a very big outbreak no matter what we do now,\u201d she said. \u201cAnd we will not be equipped to handle the numbers. There will be breakdowns at many levels.\u201d Better border controls and quarantine measures should have been instituted a lot earlier, she said. \u201cI think the cat\u2019s now out of the bag.\u201d\n\nZafar Mirza, Pakistan\u2019s health minister, who said last week that some of Pakistan\u2019s quarantine facilities had not been \u201cideal\u201d, did not respond to Reuters\u2019 requests for comment. The provincial health minister in Khan\u2019s home province of Khyber Pakhtunkhwa also did not respond to a request for comment.\n\nReuters interviewed three doctors involved in the case, as well as four people from Khan\u2019s village, and reviewed medical case notes detailing his travel history. Together, they provide a picture of Khan\u2019s last days, and illustrate why the South Asian nation is rapidly becoming the latest hotbed of the fast-spreading disease.\n\nFATEFUL JOURNEY\n\nIn late February, Khan flew to Saudi Arabia to visit the holy city of Mecca for Umrah, a religious pilgrimage performed by millions of Muslims from across the world each year. Khan entered the country just before it shut its borders to Umrah pilgrims, in a bid to stem the spread of COVID-19.\n\nKhan was in Saudi Arabia for two to three weeks, according to the doctors handling his case and an acquaintance from his village.\n\n(GRAPHIC: Pakistan\u2019s first fatality of COVID-19 may have endangered thousands - )\n\nMedical case notes, provided by one of Khan\u2019s doctors, show that he departed from the kingdom\u2019s Jeddah International Airport on March 8 via flight number PK736, which landed the following day at Peshawar International Airport, in northwest Pakistan.\n\nAt least two people who knew Khan said he was already ill when he got on the plane and needed assistance on arrival in Pakistan.\n\nDespite Pakistan having identified its first confirmed cases of COVID-19 two weeks prior, the case notes state Khan was only asked to fill out a form and did not undergo a medical screening at the Peshawar airport.\n\nKhan did not mention any illness, and he would have escaped detection anyway if he had taken fever suppressors, said a Peshawar airport official who asked not to be named.\n\nAuthorities are also scrambling to trace dozens of other passengers on flight PK736 that night, as well as airport staff who assisted Khan.\n\nVILLAGE BANQUET\n\nKhan first visited a district hospital close to his village on March 16, complaining of cough, fever and breathing issues. The doctor diagnosed him as a potential COVID-19 patient and had him tested for the virus. The sample was sent to Islamabad for testing, according to the case notes reviewed by Reuters.\n\nWhile it is unclear if doctors could have forced Khan into quarantine, the case notes indicate he refused to be isolated. Instead, he went home, where he lived with his wife, three sons, two daughters-in-law, three daughters and four grandchildren.\n\nHospital officials say Khan returned on March 17, when his symptoms intensified. On March 18, test results confirmed he was infected with COVID-19, and he was moved to an isolation center, where he died the same day.\n\nIt is the events before his death, though, that have worried medical officials and alarmed many residents of his village.\n\nOn March 9, Khan was greeted with a mass gathering in his village, as is traditional in Pakistan when someone returns from Umrah. According to local authorities, some 2,000 people were in attendance at the lunch \u2013 most of whom embraced Khan.\n\nKhan also ran a popular \u201cmedical clinic\u201d in his village \u2013 though he wasn\u2019t a qualified doctor, say local health officials.\n\nAs is the case in many rural areas of Pakistan, people with just rudimentary medical knowledge often run such dispensaries to treat patients with ailments like fevers and colds, despite not having any qualifications.\n\nKhan had not resumed his practice on returning to Pakistan, but his sons ran it for him while he stayed at home in \u201cself-quarantine,\u201d health officials from the village told Reuters.\n\nHowever, they added, the \u201cself-quarantine\u201d involved his sons staying in the same room as him. The sons in turn also tended to dozens of patients at their father\u2019s clinic during that period.\n\nReuters was unable to speak with anyone in Khan\u2019s family.\n\nMASS PANIC\n\nThere is mass panic in the village, local residents told Reuters via phone, adding that no one had taken the coronavirus threat seriously prior to this.\n\n\u201cThere are hundreds of people believed to have been infected but they are hiding and reluctant to go to hospital,\u201d said Liaqat Ali Shah, a local social worker, adding that villagers feared being ostracized by the community and shunned by healthcare workers.\n\nThe village, Union Council Mangah, was locked down following Khan\u2019s death, according to an official directive from authorities.\n\nA complete lockdown was ordered \u201cwith immediate effect and there shall be no entry and no exit,\u201d the order seen by Reuters read.\n\nThe village of about 7,000 people, has been declared a mass quarantine zone, according to the provincial government, and testing has begun.\n\nBut residents of Mangah say none of the officials surveying the area have testing kits with them.\n\nA medical worker on the ground said test kits were limited so they couldn\u2019t test everyone and were only testing patients displaying symptoms.\n\n\u201cThere\u2019s a virtual lockdown in the village and movement is restricted,\u201d a school teacher in the village, told Reuters via phone.\n\nDespite this, at least four people showing symptoms, including two members of Khan\u2019s family, are now missing and have gone underground, health officials told Reuters.\n\nAll four had tested positive for COVID-19, the officials said.",
    "title": "Pakistan's first coronavirus death exposes nation's vulnerability",
    "top-image": "https://static.reuters.com/resources/r/?m=02&d=20200323&t=2&i=1506981161&r=LYNXMPEG2M0KG&w=800",
    "df_date": 20200323,
    "source": "www.reuters.com",
    "label": "reliable"
}