{
    "url": "https://uk.reuters.com/article/uk-health-coronavirus-regulator-companie/factbox-uk-companies-delay-results-after-regulators-relax-reporting-rules-idUKKBN21A1HO",
    "uid": "1637750452.4277706.-article-uk-health-coronavirus-regulator-companie-factbox-uk-companies-delay-results-after-regulator",
    "images": [
        "https://static.reuters.com/resources/r/?m=02&d=20200324&t=2&i=1507610641&r=LYNXMPEG2M0WT&w=800"
    ],
    "publication-date": "2020-03-23",
    "text": "FILE PHOTO: The Canary Wharf financial district is seen from the construction site of 22 Bishopsgate in London, Britain June 25, 2019. REUTERS/Hannah McKay/File Photo\n\n(Reuters) - British companies rushed to heed unprecedented calls by regulators to delay their results so they can better assess how the coronavirus outbreak is affecting their business.\n\nThe move by British regulators follows similar action in countries already harder hit by the virus. Authorities in Hong Kong and Spain have extended the deadline for annual reports by two months.\n\nIn China, where the impact was felt first, companies listed on the mainland stock markets have postponed filing annual reports as auditors struggle to sign off accounts after the government effectively closed businesses to slow the coronavirus outbreak.",
    "title": "UK companies delay results after regulators relax reporting rules",
    "top-image": "https://static.reuters.com/resources/r/?m=02&d=20200324&t=2&i=1507610641&r=LYNXMPEG2M0WT&w=800",
    "df_date": 20200323,
    "source": "uk.reuters.com",
    "label": "reliable"
}