{
    "url": "https://www.wsj.com/articles/nashville-gets-one-two-punch-first-tornadoes-now-coronavirus-11584961200",
    "uid": "1637750454.381515.-articles-nashville-gets-one-two-punch-first-tornadoes-now-coronavirus-11584961200",
    "images": [
        "https://images.wsj.net/im-439727?width=111&height=62",
        "https://m.wsj.net/video/20210820/082021teslaaiselects.00065710.still005/082021teslaaiselects.00065710.still005_167x94.jpg",
        "https://images.wsj.net/im-439085?width=111&height=62",
        "https://images.wsj.net/im-167592/social",
        "https://m.wsj.net/video/20210820/082021afghanistan.updatev2/082021afghanistan.updatev2_167x94.jpg",
        "https://images.wsj.net/im-439711?width=111&height=62",
        "https://images.wsj.net/im-439876?width=111&height=62",
        "https://images.wsj.net/im-439722?width=111&height=62",
        "https://sts3.wsj.net/iweb/images/wsj-logo-big-black.svg",
        "https://m.wsj.net/video/20210818/booster0818212/booster0818212_167x94.jpg",
        "https://images.wsj.net/im-439884?width=111&height=62",
        "https://m.wsj.net/video/20210816/081621afghanlatest2/081621afghanlatest2_167x94.jpg",
        "https://images.wsj.net/im-436659?width=111&height=62",
        "https://m.wsj.net/video/20210816/081621kabulairportv2/081621kabulairportv2_167x94.jpg",
        "https://images.wsj.net/im-439084?width=111&height=62",
        "https://images.wsj.net/im-439788?width=111&height=62",
        "https://images.wsj.net/im-438622?width=111&height=62"
    ],
    "publication-date": null,
    "text": "When a tornado tore across Nashville earlier this month, destroying homes and businesses, it blew out windows at one of Margot McCormack\u2019s restaurants and damaged the roof of another. She managed to reopen the eateries in the trendy East Nashville neighborhood in less than a week despite power outages and no phone or internet service.\n\nThen the new coronavirus struck. She had to close the restaurant dining rooms again and focus on takeout service. Sales have plummeted. She had to lay off most of her roughly 50 employees.",
    "title": "Nashville Gets One-Two Punch: First Tornadoes, Now Coronavirus",
    "top-image": "https://images.wsj.net/im-167592/social",
    "df_date": 20200323,
    "source": "www.wsj.com",
    "label": "reliable"
}