{
    "url": "https://uk.reuters.com/article/uk-health-coronavirus-usa-trump/trump-says-u-s-to-make-a-decision-on-coronavirus-at-end-of-15-day-plan-idUKKBN21A0C2",
    "uid": "1637750425.9698393.-article-uk-health-coronavirus-usa-trump-trump-says-u-s-to-make-a-decision-on-coronavirus-at-end-of-",
    "images": [
        "https://static.reuters.com/resources/r/?m=02&d=20200324&t=2&i=1507422586&r=LYNXMPEG2M2AN&w=800"
    ],
    "publication-date": "2020-03-23",
    "text": "WASHINGTON (Reuters) - President Donald Trump said on Monday he is considering how to reopen the U.S. economy when a 15-day shutdown ends next week, even as the highly contagious coronavirus is spreading rapidly and hospitals are bracing for a wave of virus-related deaths.\n\n\u201cAmerica will again and soon be open for business,\u201d Trump told a White House news conference. \u201cWe are not going to let it turn into a long-lasting financial problem.\u201d\n\nTrump issued guidelines a week ago that he said aimed to slow the spread of the disease over 15 days, including curbing unnecessary travel. In the meantime, economic activity has ground to a halt in some states.\n\nBut watching the loss of many jobs and a sharp drop in stock markets and facing a tough re-election battle, Trump has privately expressed worries to aides and allies about the impact of the restrictions on the long-term health of the economy.\n\nTrump told reporters it was possible to resume economic activity in states with what he said were relatively low rates of infection, citing Nebraska, Idaho and Iowa as examples, while continuing to work on the hot zones in other states like New York.\n\n\u201cIf it were up to the doctors, they\u2019d say let\u2019s shut down the entire world,\u201d said Trump.\n\nTrump senior economic adviser Larry Kudlow signaled a possible policy change in an earlier interview with Fox News on Monday: \u201cThe president is right. The cure can\u2019t be worse than the disease. We\u2019re going to have to make some difficult trade-offs.\u201d\n\nThe White House would look at \u201ca number of things,\u201d he said.\n\nTrump, who had hoped to build his campaign for the Nov. 3 election on a booming U.S. economy, now is looking at hundreds if not thousands of deaths from COVID-19. Many of his Republican allies fear the toll on the economy would make it harder for him to win another four-year term.\n\nSlideshow ( 3 images )\n\nCases of coronavirus have grown more than 15 times since last week\u2019s guidelines. New York City hospitals are days from a crisis, Mayor Bill de Blasio said on Sunday. \u201cIf we don\u2019t get more ventilators in the next 10 days, people will die who don\u2019t have to die,\u201d he said.\n\nRepublican Senator Lindsey Graham, a Trump confidant, cautioned against prematurely lifting containment rules because of concerns about the economy.\n\n\u201cMy advice would be to follow medical advice to contain the virus,\u201d he told reporters on Capitol Hill. \u201cIf we can take some pressure off the economy, fine, but my primary focus is to make sure the virus is contained and defeated. And we\u2019re just going to have to suffer through the economic consequences.\u201d\n\nThe Trump administration has been pushing for aggressive monetary policy steps to stem the economic hit of the epidemic, after the president spent several weeks playing down the health risks and rapid spread.\n\nThe Federal Reserve on Monday rolled out an extraordinary array of programs to backstop an economy reeling from sweeping restrictions on people and businesses that scientists say are needed to limit the spread of the coronavirus.\n\nWhile Trump ponders ways to reopen at least parts of the economy, some advisers are warning that the spread of the virus is worsening.\n\n\u201cThis week, it\u2019s going to get bad,\u201d Surgeon General Dr. Jerome Adams told NBC\u2019s \u201cToday\u201d show on Monday. Americans are not taking stay-at-home guidelines seriously enough, he said.\n\nTreasury Secretary Steve Mnuchin said on Sunday the lockdown affecting large segments of the American public was likely to last 10 to 12 weeks, or until early June.\n\nSlideshow ( 3 images )\n\nTRADE-OFFS\n\nOver the last few days, some White House economic policy advisers have started to focus on how long lockdowns and other measures to contain the virus might last, said one adviser outside the administration.\n\nNewly returned economic adviser Kevin Hassett\u2019s team has determined that if the shutdowns continue much longer, the United States could slip into depression, he said.\n\nOne source said Trump began talking privately late last week about reopening the country after the 15-day shutdown. Trump believes \u201cwe are strong and need a strong economy as we deal with this crisis,\u201d the source said.\n\nStephen Moore, the economic commentator whom Trump tried to tap for a vacant Federal Reserve seat last year but who, facing staunch criticism, withdrew his candidacy, has been particularly influential, the adviser said. \u201cHe has the president\u2019s ear on this issue,\u201d he added.\n\nMoore told Reuters on Monday there is a re-examination in the White House of the wisdom of \u201ca full scale \u2026 shutdown of the economy.\u201d\n\nHe said there were some who thought that \u201cif we go on too long with the economy shut down, the human toll for that could be greater than the risk of the virus.\u201d\n\nMedical experts say there is no way to return to more normal activity without knowing how widespread the virus is in the U.S. population.\n\n\u201cNo one wants to see this go on a day longer than it has to,\u201d said Dr. William Schaffner, a professor of preventive medicine and infectious diseases at the Vanderbilt University School of Medicine. \u201cBut at the moment, the emphasis needs to stay on social distancing.\u201d The United States is still nowhere near meeting the demand for tests, so U.S. officials do not fully grasp how many Americans have been infected and where they are concentrated - crucial to containment efforts.",
    "title": "Trump suggests he may scale back closures soon despite worsening coronavirus outbreak",
    "top-image": "https://static.reuters.com/resources/r/?m=02&d=20200324&t=2&i=1507422586&r=LYNXMPEG2M2AN&w=800",
    "df_date": 20200323,
    "source": "uk.reuters.com",
    "label": "reliable"
}