{
    "url": "https://www.nytimes.com/interactive/2020/03/23/world/coronavirus-great-empty.html",
    "uid": "1637750453.548527.-interactive-2020-03-23-world-coronavirus-great-empty-html",
    "images": [
        "https://static01.nyt.com/newsgraphics/2020/03/18/empty-spaces/assets/images/emptyspaces-10-2000.jpg",
        "https://static01.nyt.com/newsgraphics/2020/03/18/empty-spaces/assets/images/emptyspaces-08-2000.jpg",
        "https://static01.nyt.com/newsgraphics/2020/03/18/empty-spaces/assets/images/emptyspaces-28-2000.jpg",
        "https://static01.nyt.com/newsgraphics/2020/03/18/empty-spaces/assets/images/emptyspaces-22-2000.jpg",
        "https://static01.nyt.com/newsgraphics/2020/03/18/empty-spaces/assets/images/emptyspaces-21-2000.jpg",
        "https://static01.nyt.com/newsgraphics/2020/03/18/empty-spaces/assets/images/emptyspaces-05-2000.jpg",
        "https://static01.nyt.com/newsgraphics/2020/03/18/empty-spaces/assets/images/emptyspaces-25-2000.jpg",
        "https://static01.nyt.com/newsgraphics/2020/03/18/empty-spaces/assets/images/emptyspaces-32-2000.jpg",
        "https://static01.nyt.com/newsgraphics/2020/03/18/empty-spaces/assets/images/emptyspaces-31-2000.jpg",
        "https://static01.nyt.com/newsgraphics/2020/03/18/empty-spaces/assets/images/emptyspaces-23-2000.jpg",
        "https://static01.nyt.com/newsgraphics/2020/03/18/empty-spaces/assets/images/emptyspaces-30-2000.jpg",
        "https://static01.nyt.com/newsgraphics/2020/03/18/empty-spaces/assets/images/emptyspaces-16-2000.jpg",
        "https://static01.nyt.com/newsgraphics/2020/03/18/empty-spaces/assets/images/emptyspaces-34-2000.jpg",
        "https://static01.nyt.com/newsgraphics/2020/03/18/empty-spaces/assets/images/emptyspaces-20-2000.jpg",
        "https://static01.nyt.com/newsgraphics/2020/03/18/empty-spaces/assets/images/emptyspaces-24-2000.jpg",
        "https://static01.nyt.com/newsgraphics/2020/03/18/empty-spaces/assets/images/emptyspaces-09-2000.jpg",
        "https://static01.nyt.com/newsgraphics/2020/03/18/empty-spaces/assets/images/emptyspaces-27-2000.jpg",
        "https://static01.nyt.com/newsgraphics/2020/03/18/empty-spaces/assets/images/emptyspaces-11-2000.jpg",
        "https://static01.nyt.com/images/2020/03/29/world/29virus-empty-london/xxx-pictures-slide-L5AP-facebookJumbo.jpg?year=2020&h=549&w=1050&s=4abf0d2ce099161c173ec5c7906b418d5cdfc781e66e002471e7a3a06ef794e2&k=ZQJBKqZ0VN",
        "https://static01.nyt.com/newsgraphics/2020/03/18/empty-spaces/assets/images/emptyspaces-15-2000.jpg",
        "https://static01.nyt.com/newsgraphics/2020/03/18/empty-spaces/assets/images/emptyspaces-07-2000.jpg",
        "https://static01.nyt.com/newsgraphics/2020/03/18/empty-spaces/assets/images/emptyspaces-03-2000.jpg",
        "https://static01.nyt.com/newsgraphics/2020/03/18/empty-spaces/assets/images/emptyspaces-01-2000.jpg",
        "https://static01.nyt.com/newsgraphics/2020/03/18/empty-spaces/assets/images/emptyspaces-17-2000.jpg",
        "https://static01.nyt.com/newsgraphics/2020/03/18/empty-spaces/assets/images/emptyspaces-06-2000.jpg",
        "https://static01.nyt.com/newsgraphics/2020/03/18/empty-spaces/assets/images/emptyspaces-29-2000.jpg",
        "https://static01.nyt.com/newsgraphics/2020/03/18/empty-spaces/assets/images/emptyspaces-33-2000.jpg",
        "https://static01.nyt.com/newsgraphics/2020/03/18/empty-spaces/assets/images/emptyspaces-13-2000.jpg",
        "https://static01.nyt.com/newsgraphics/2020/03/18/empty-spaces/assets/images/emptyspaces-19-2000.jpg",
        "https://static01.nyt.com/newsgraphics/2020/03/18/empty-spaces/assets/images/emptyspaces-14-2000.jpg",
        "https://static01.nyt.com/newsgraphics/2020/03/18/empty-spaces/assets/images/emptyspaces-12-2000.jpg",
        "https://static01.nyt.com/newsgraphics/2020/03/18/empty-spaces/assets/images/emptyspaces-26-2000.jpg",
        "https://static01.nyt.com/newsgraphics/2020/03/18/empty-spaces/assets/images/emptyspaces-02-2000.jpg",
        "https://static01.nyt.com/newsgraphics/2020/03/18/empty-spaces/assets/images/emptyspaces-04-2000.jpg",
        "https://static01.nyt.com/packages/flash/multimedia/ICONS/transparent.png",
        "https://static01.nyt.com/newsgraphics/2020/03/18/empty-spaces/assets/images/emptyspaces-18-2000.jpg"
    ],
    "publication-date": "2020-03-23",
    "text": "Alessandro Grassani for The New York Times\n\nVictor Moriyama for The New York Times\n\nAndrea Mantovani for The New York Times\n\nDuring the 1950s, New York\u2019s Museum of Modern Art organized a famous photo exhibition called \u201cThe Family of Man.\u201d In the wake of a world war, the show, chockablock with pictures of people, celebrated humanity\u2019s cacophony, resilience and common bond. Today a different global calamity has made scarcity the necessary condition of humanity\u2019s survival. Cafes along the Navigli in Milan hunker behind shutters along with the Milanese who used to sip aperos beside the canal. Times Square is a ghost town, as are the City of London and the Place de la Concorde in Paris during what used to be the morning rush. The photographs here all tell a similar story: a temple in Indonesia; Haneda Airport in Tokyo; the Americana Diner in New Jersey. Emptiness proliferates like the virus. The Times recently sent dozens of photographers out to capture images of once-bustling public plazas, beaches, fairgrounds, restaurants, movie theaters, tourist meccas and train stations. Public spaces, as we think of them today, trace their origins back at least to the agoras of ancient Greece. Hard to translate, the word \u201cagora\u201d in Homer suggested \u201cgathering.\u201d Eventually it came to imply the square or open space at the center of a town or city, the place without which Greeks did not really regard a town or city as a town or city at all, but only as an assortment of houses and shrines.\n\nThousands of years later, public squares and other spaces remain bellwethers and magnets, places to which we gravitate for pleasure and solace, to take our collective temperature, celebrate, protest. Following the uprisings in Tiananmen Square, Tahrir Square, Taksim Square and elsewhere, Yellow Vest protesters in France demonstrated their discontent last year not by starting a GoFundMe page but by occupying public sites like the Place de la R\u00e9publique and the Place de l\u2019Op\u00e9ra in Paris. Both of those squares were built during the 19th century as part of a master plan by a French official, Baron Georges-Eug\u00e8ne Haussmann, who remade vast swaths of Paris after the city passed new health regulations in 1850 to combat disease. Beset by viruses and other natural disasters, cities around the world have time and again devised new infrastructure and rewritten zoning regulations to ensure more light and air, and produced public spaces, buildings and other sites, including some of the ones in these photographs, that promised to improve civic welfare and that represented new frontiers of civic aspiration. Their present emptiness, a public health necessity, can conjure up dystopia, not progress, but, promisingly, it also suggests that, by heeding the experts and staying apart, we have not yet lost the capacity to come together for the common good. Covid-19 doesn\u2019t vote along party lines, after all. These images are haunted and haunting, like stills from movies about plagues and the apocalypse, but in some ways they are hopeful. They also remind us that beauty requires human interaction. I don\u2019t mean that buildings and fairgrounds and railway stations and temples can\u2019t look eerily beautiful empty. Some of these sites, like many of these photographs, are works of art. I mean that empty buildings, squares and beaches are what art history textbooks, boutique hotel advertisements and glossy shelter and travel magazines tend to traffic in. Their emptiness trumpets an existence mostly divorced from human habitation and the messy thrum of daily life. They imagine an experience more akin to the wonder of bygone explorers coming upon the remains of a lost civilization. They evoke the romance of ruins. Beauty entails something else. It is something we bestow. It will be the moment we return.\n\nemptyspaces-05 London This is what rush hour looks like now in a major metropolis. Andrew Testa for The New York Times\n\nemptyspaces-06 Munich A subway without commuters. Laetitia Vancon for The New York Times\n\nemptyspaces-07 Moscow The seats were empty at rehearsal, and remained so for the online performance. Sergey Ponomarev for The New York Times\n\nemptyspaces-08 Beijing A lone diner in a neighborhood known for its nightlife. Gilles Sabri\u00e9 for The New York Times\n\nemptyspaces-09 Caracas Day 2 of Venezuela\u2019s nationwide quarantine. Adriana Loureiro Fernandez for The New York Times\n\nemptyspaces-10 Los Angeles An unchanging ocean, a barely recognizable beach in Santa Monica. Philip Cheung for The New York Times\n\nemptyspaces-11 Barcelona Pigeons had Las Ramblas to themselves. Maria Contreras Coll for The New York Times\n\nemptyspaces-12 New Jersey The Americana Diner in West Orange was open \u2014 but only for takeout. Bryan Anselm for The New York Times\n\nemptyspaces-13 Srinagar, India In a tourist season without tourists, boats without passengers. Atul Loke for The New York Times\n\nemptyspaces-14 Bangkok Streets of fear in a city popular with Chinese visitors from Wuhan. Amanda Mustard for The New York Times\n\nemptyspaces-15 Berlin Keep your distance: That is the plea from the German government. Emile Ducke for The New York Times\n\nemptyspaces-16 New Delhi A day at the fair in Red Fort. Saumya Khandelwal for The New York Times\n\nemptyspaces-17 Rome The view from the Spanish Steps. Alessandro Penso for The New York Times\n\nemptyspaces-18 Washington Even cherry blossom season did not draw visitors to the Lincoln Memorial. Alyssa Schukar for The New York Times\n\nemptyspaces-19 Tokyo When the world stops traveling. Noriko Hayashi for The New York Times\n\nemptyspaces-20 Seoul South Korea\u2019s outbreak was, for weeks, the worst outside China. Woohae Cho for The New York Times\n\nemptyspaces-21 Seattle A hot dog was as unlikely as a visit to the Space Needle. Grant Hindsley for The New York Times\n\nemptyspaces-22 Milan The Navigli, where the Milanese often gather at the end of the day. Alessandro Grassani for The New York Times\n\nemptyspaces-23 San Francisco California residents have been ordered to stay home. Rozette Rago for The New York Times\n\nemptyspaces-24 Rawalpindi, Pakistan No standees, and few seat takers. Saiyna Bashir for The New York Times\n\nemptyspaces-25 New York A major transit hub, the Oculus, in a city no longer on the move. Victor J. Blue for The New York Times\n\nemptyspaces-26 Yangon, Myanmar Nothing to see here: Tourists used to come for the panoramic view. Minzayar Oo for The New York Times\n\nemptyspaces-27 S\u00e3o Paulo The last picture show, or one of them, before theaters were shut. Victor Moriyama for The New York Times\n\nemptyspaces-28 Siem Reap, Cambodia No visits to Angkor Wat, and no Pub Street toasts afterward. Adam Dean for The New York Times\n\nemptyspaces-29 Sydney, Australia Sunset is normally prime photo-taking time at the Opera House. Matthew Abbott for The New York Times\n\nemptyspaces-30 Hong Kong A popular viewing point, but few takers. Lam Yik Fei for The New York Times\n\nemptyspaces-31 Yogyakarta, Indonesia Only the buildings needed guarding at a temple complex. Ulet Ifansasti for The New York Times\n\nemptyspaces-32 Paris The view is still there, the viewers far less so. Andrea Mantovani for The New York Times\n\nemptyspaces-33 Bogot\u00e1, Colombia An empty cloverleaf tells the story of a city on lockdown. Federico Rios for The New York Times",
    "title": "The Great Empty",
    "top-image": "https://static01.nyt.com/images/2020/03/29/world/29virus-empty-london/xxx-pictures-slide-L5AP-facebookJumbo.jpg?year=2020&h=549&w=1050&s=4abf0d2ce099161c173ec5c7906b418d5cdfc781e66e002471e7a3a06ef794e2&k=ZQJBKqZ0VN",
    "df_date": 20200323,
    "source": "www.nytimes.com",
    "label": "reliable"
}