{
    "url": "https://www.aljazeera.com/ajimpact/coronavirus-relief-bill-hits-snag-senate-talks-continue-200323012543258.html",
    "uid": "1637750412.280895.-ajimpact-coronavirus-relief-bill-hits-snag-senate-talks-continue-200323012543258-html",
    "images": [
        "/wp-content/uploads/2021/11/2021-11-11T143909Z_466735942_RC2DSQ90DTVF_RTRMADP_3_LEBANON-CRISIS-HEZBOLLAH.jpg?resize=170%2C113",
        "/wp-content/uploads/2020/04/a16044b78b8c466b969ef03f8fa62362_18.jpeg?resize=170%2C113",
        "/wp-content/uploads/2021/11/2021-11-22T135315Z_331302909_RC29YQ9FW9AI_RTRMADP_3_ETHIOPIA-ARTEFACTS.jpg?resize=170%2C113",
        "/wp-content/uploads/2020/11/2020-11-18T163245Z_44636026_RC2S5K9DXJ7A_RTRMADP_3_JPMORGAN-DIMON.jpg?resize=170%2C113",
        "/wp-content/uploads/2021/07/2021-06-17T132848Z_949080200_RC2D2O97NXXW_RTRMADP_3_ETHIOPIA-ELECTION-PREVIEW.jpg?resize=170%2C113",
        "/wp-content/uploads/2021/11/oil-1.jpg?resize=170%2C113",
        "/wp-content/uploads/2021/11/DART-at-Asteroids-1024x576-1.jpeg?resize=170%2C113",
        "/wp-content/uploads/2020/03/8cc0e5760f8c4578ac4287f7f334ede2_18.jpeg?resize=770%2C513",
        "/wp-content/uploads/2018/09/1c17bb416dec42b98092335a7e7c8b7c_18.jpeg?resize=170%2C113",
        "/static/media/aj-footer-logo.bac952ad.svg",
        "https://www.aljazeera.com/wp-content/uploads/2020/03/8cc0e5760f8c4578ac4287f7f334ede2_18.jpeg?fit=1000%2C561"
    ],
    "publication-date": null,
    "text": "Democrats object to bill, saying it would benefit companies more than hospitals, healthcare workers, cities and states.\n\nPartisan battles in the United States Senate stopped a $1 trillion-plus coronavirus response bill from advancing, but talks continued over Democrats\u2019 demands for more funding for medical care and state and local efforts to combat the pandemic.\n\nThe measure faltered after it failed to get the necessary 60 votes in the 100-member chamber to clear a procedural hurdle after days of negotiations, with 47 senators voting in favour and 47 against it.\n\nSenate Majority Leader Mitch McConnell urged Democrats to stop their \u201cobstruction,\u201d saying it was delaying aid and hurting financial markets. Democrats decried the Republican proposal as prioritising the needs of Wall Street and corporate America over those of average people.\n\nThe bill is Congress\u2019 third effort to blunt the economic toll of a disease that has killed at least 420 people in the US and sickened more than 33,000, leading governors to order nearly a third of the nation\u2019s population to stay at home and putting much business activity on hold.\n\nThe bill includes financial aid for regular Americans, small businesses and critically affected industries, including airlines.\n\nDemocrats raised objections to the Senate bill throughout the day, with top Senate Democrat Chuck Schumer saying it had \u201cmany, many problems\u201d and would benefit corporate interests at the expense of hospitals, healthcare workers, cities and states.\n\nThe failure of the measure to move forward sends Democrats and Republicans back to the bargaining table. The speaker of the House of Representatives, Nancy Pelosi, said Democrats in that chamber will begin crafting an alternative bill.\n\nAfter the vote, Schumer said more money was needed for community health centres, nursing homes, masks, ventilators, personal protective equipment and aid to state and local governments.\n\nSchumer added that \u201cchanges to the legislation are being made even as we speak\u201d but there still were \u201ctoo many problems in the legislation.\u201d He said he thought those problems could be overcome in the next 24 hours.\n\nMarkets battered\n\nOn the Senate floor, a visibly angry McConnell accused Democrats of obstruction.\n\n\u201cIf we aren\u2019t able to act tomorrow, it will be because of our colleagues on the other side continuing to dicker when the country expects us to come together and address this problem,\u201d he said.\n\nPolicymakers were mindful that a failure to reach a deal on Sunday could batter already reeling financial markets on Monday.\n\nUS stock futures, Asian cash share markets and oil prices plunged in early Monday trade after the legislative impasse.\n\nBut Democratic Senator Joe Manchin said would not rush Democrats into a deal they do not want.\n\n\u201cMarkets always come back,\u201d he said.\n\nIn a sign of the disease\u2019s spread, Republican Senator Rand Paul on Sunday said he had tested positive. Republican Senators Mike Lee and Mitt Romney said they would self-quarantine as a result.\n\n\u2018They are very close\u2019\n\nAt a White House briefing on Sunday, President Donald Trump said he still had hope that a massive aid package could pass Congress swiftly.\n\n\u201cThey are very close to getting a deal done,\u201d Trump said. \u201cSo I\u2019d be surprised if they didn\u2019t and if they don\u2019t, I think frankly the American people will be very upset with the Democrats because the Republicans are ready to approve a deal. The only reason a deal couldn\u2019t get done is pure politics.\u201d\n\nVice President Mike Pence said 254,000 Americans have been tested for the virus and slightly more than 30,000 have tested positive.\n\nTrump said he had activated the National Guard in the three states hardest hit by the outbreak: California, New York and Washington.\n\nThe Senate bill\u2019s controversial provisions included those aimed at helping corporations, rather than workers, as well as those allowing the government to delay disclosing which firms, states or municipalities had received aid for up to six months.\n\nFormer Vice President Joe Biden, the leading Democratic candidate to challenge Trump in the November US presidential election, blasted the president\u2019s handling of the crisis.\n\n\u201cPresident Trump neglected, minimized, and lied about this virus,\u201d Biden said in a statement. \u201cStop lying and start acting. Use the full extent of your authorities, now, to ensure that we are producing all essential goods and delivering them.\u201d\n\nTreasury Secretary Steven Mnuchin told Fox News Sunday the package would include loans for small businesses, direct deposits that could give an average family of four $3,000, and up to $4 trillion in liquidity for the US Federal Reserve to help businesses get through the next 90 to 120 days.\n\nA Republican-drafted bill seen by Reuters news agency gives the US Treasury the authority to provide up to $500bn in loans, loan guarantees and other investments in eligible businesses, states and municipalities during the crisis.\n\nOf this, up to $50bn could provide loans and loan guarantees for passenger airlines, $8bn for cargo air carriers and $17bn for businesses critical to national security.\n\nThe remaining $425bn would be available for loans, loan guarantees and other investments for the Federal Reserve to provide liquidity to help the financial system lend to businesses, states and municipalities.",
    "title": "US coronavirus relief bill hits snag in Senate, talks continue",
    "top-image": "https://www.aljazeera.com/wp-content/uploads/2020/03/8cc0e5760f8c4578ac4287f7f334ede2_18.jpeg?fit=1000%2C561",
    "df_date": 20200323,
    "source": "www.aljazeera.com",
    "label": "reliable"
}