{
    "url": "https://nypost.com/2020/03/23/coronavirus-infected-rep-ben-mcadams-hospitalized-with-trouble-breathing/",
    "uid": "1637750416.3791692.-2020-03-23-coronavirus-infected-rep-ben-mcadams-hospitalized-with-trouble-breathing-",
    "images": [
        "https://nypost.com/wp-content/uploads/sites/2/2021/11/Christian-marriage-rules.jpg?quality=90&strip=all&w=260",
        "https://nypost.com/wp-content/uploads/sites/2/2020/03/benmcadams.jpg?quality=90&strip=all&w=744",
        "https://nypost.com/wp-content/uploads/sites/2/2020/03/benmcadams.jpg?quality=90&strip=all&w=1024",
        "https://nypost.com/wp-content/mu-plugins/vip-helpers/images/vip-powered-dark-small.png",
        "//googleads.g.doubleclick.net/pagead/viewthroughconversion/988380111/?value=0&guid=ON&script=0",
        "https://nypost.com/wp-content/uploads/sites/2/2021/11/laundrie-comp.jpg?quality=90&strip=all&w=260",
        "https://nypost.com/wp-content/uploads/sites/2/2021/11/uber-date-1.jpg?quality=90&strip=all&w=260",
        "https://nypost.com/wp-content/uploads/sites/2/2021/11/saks_light_show_wp-thumb.jpg?quality=90&strip=all&w=1024",
        "https://nypost.com/wp-content/mu-plugins/jetpack-9.8/modules/sharedaddy/images/loading.gif",
        "https://nypost.com/wp-content/uploads/sites/2/2021/11/biden-kitchen-comp.jpg?quality=90&strip=all&w=260",
        "https://sb.scorecardresearch.com/p?c1=2&c2=6390601&cj=1&cv=3.6"
    ],
    "publication-date": "2020-03-23",
    "text": "Sign up for our special edition newsletter to get a daily update on the coronavirus pandemic.\n\nCoronavirus-stricken Congressman Ben McAdams was admitted to the hospital over the weekend when he began having difficulty breathing, he announced on Sunday night.\n\nThe Utah Democrat, who had tested positive for the illness last Wednesday, said in a statement that he was receiving oxygen to regulate his blood oxygen levels.\n\nAs of Sunday night, McAdams said he\u2019s breathing on his own again \u201cand feeling relatively better and expect[s] to be released as soon as the doctors determine it is appropriate.\u201d\n\n\u201cMy experience has shown me how critical it is to follow the advice of the CDC and the Utah Department of Health in order to stop the spread of this virus,\u201d McAdams said.\n\nThe lawmaker first started feeling sick March 14 after returning home to Salt Lake City from Washington, D.C., where he had voted on a coronavirus relief package that was signed into law last Wednesday.\n\nAt first, McAdams\u2019 doctor told him his fever and cough did not justify getting a coronavirus test, the lawmaker told the \u201cToday\u201d show last Thursday from his home.\n\nMcAdams said his condition \u201creally took a turn for the worse\u201d late last Monday.\n\n\u201cI had a temperature of about 103 and my lungs were really constricted \u2014 it felt like I had a belt around my chest,\u201d he said.\n\nHis doctor then arranged for him to get tested.",
    "title": "Coronavirus-infected Rep. Ben McAdams hospitalized with trouble breathing",
    "top-image": "https://nypost.com/wp-content/uploads/sites/2/2020/03/benmcadams.jpg?quality=90&strip=all&w=1024",
    "df_date": 20200323,
    "source": "nypost.com",
    "label": "reliable"
}