{
    "url": "https://www.telegraph.co.uk/money/consumer-affairs/coronavirus-travel-advice-refund-flights-cancelled-ryanair/",
    "uid": "1637750438.7797055.-money-consumer-affairs-coronavirus-travel-advice-refund-flights-cancelled-ryanair-",
    "images": [
        "/content/dam/business/2020/02/25/TELEMMGLPICT000225875223_trans_NvBQzQNjv4BqaRL1kC4G7DT9ZsZm6Pe3PehAFAI_f6ud569StXyOKH0.jpeg?imwidth=480",
        "https://img.youtube.com/vi/nqQLI-_8dZM/maxresdefault.jpg",
        "/content/dam/property/2021/11/18/TELEMMGLPICT000277931847_trans_NvBQzQNjv4Bq9cVb9ktRBi7nz9sNeCziVelISlSMSkVs1ZDDZLR9_ZY.jpeg?imwidth=350",
        "/content/dam/money/2021/02/16/TELEMMGLPICT000250857211_trans_NvBQzQNjv4Bql0ESzSgmr2JmlmzSGWdBfv4Xpit_DMGvdp2n7FDd82k.jpeg?imwidth=350",
        "/content/dam/money/2021/04/01/TELEMMGLPICT000253088008_trans_NvBQzQNjv4BqZIMJ0qksxD3z9aUqBjvdFwdywFhZ-VLif-V8Ga6m0mI.jpeg?imwidth=350",
        "/content/dam/education-and-careers/2021/07/02/TELEMMGLPICT000262326198_trans_NvBQzQNjv4BqpVlberWd9EgFPZtcLiMQf0Rf_Wk3V23H2268P_XkPxc.jpeg?imwidth=350",
        "/content/dam/personal-banking/2021/08/17/268302745_trans_NvBQzQNjv4BqqGw_8_YqFn6oOhW46YSWnxGtqk8hw2rlPwBR-lPNGjw.jpg?imwidth=350",
        "/content/dam/money/2020/02/26/TELEMMGLPICT000226035923_trans_NvBQzQNjv4BqpVlberWd9EgFPZtcLiMQfyf2A9a6I9YchsjMeADBa08.jpeg?imwidth=480",
        "https://img.youtube.com/vi/nqQLI-_8dZM/mqdefault.jpg",
        "/content/dam/money/2021/11/23/MORALMONEY-231121-01_trans_NvBQzQNjv4BqqVzuuqpFlyLIwiB6NTmJwfSVWeZ_vEN7c6bHu2jJnT8.jpg?imwidth=350",
        "/content/dam/generic/Matt-cartoon-255x206px-small.png"
    ],
    "publication-date": "2020-11-16",
    "text": "People with holidays booked will have their travel plans disrupted, as the Government has banned non-essential travel from November 5.\n\nBoth domestic and international stays will no longer be permitted except for work purposes.\n\nAlthough Prime Minister Boris Johnson gave the green light for holidays to go ahead this summer, this decision was dependent on the coronavirus infection rate remaining low.\n\nThe Foreign Office (FCO) is now advising against all non-essential travel and airlines are cancelling flights. Many people have already had holidays cancelled and are struggling to get a refund. But fear not, I'm here to help. To give you an overview of your rights, I've put together this guide on what to do if you've got a trip coming up or are thinking of booking one.\n\nThe Money team and I are here to answer your questions and tackle any injustices you come up against. Please email money@telegraph.co.uk or kminvestigates@telegraph.co.uk with specific questions or to have your case solved.\n\n*Please note all information is correct at the time of writing, but information relating to the spread of coronavirus will change, so please check the Foreign Office's specific page, which is regularly updated, and speak to your insurer and travel providers.*",
    "title": "Coronavirus travel advice: our consumer champion explains your rights",
    "top-image": "https://img.youtube.com/vi/nqQLI-_8dZM/maxresdefault.jpg",
    "df_date": 20200323,
    "source": "www.telegraph.co.uk",
    "label": "reliable"
}