{
    "url": "https://www.cnn.com/2020/03/23/business/coronavirus-work-from-home-casual-dress-code-trnd/",
    "uid": "1637750458.0158656.-2020-03-23-business-coronavirus-work-from-home-casual-dress-code-trnd-",
    "images": [
        "//cdn.cnn.com/cnnnext/dam/assets/200322115100-04-coronavirus-work-from-home-fashions-trnd-large-169.jpg",
        "data:image/gif;base64,R0lGODlhEAAJAJEAAAAAAP///////wAAACH5BAEAAAIALAAAAAAQAAkAAAIKlI+py+0Po5yUFQA7",
        "https://cdn.cnn.com/cnnnext/dam/assets/200322113528-03-coronavirus-work-from-home-fashions-trnd-super-tease.jpg",
        "//cdn.cnn.com/cnnnext/dam/assets/200322113528-03-coronavirus-work-from-home-fashions-trnd-large-169.jpg",
        "//cdn.cnn.com/cnnnext/dam/assets/200323084748-laura-anne-cotney-wfh-large-169.jpg",
        "//cdn.cnn.com/cnnnext/dam/assets/200322181746-01-coronavirus-work-from-home-fashions-trnd-large-169.jpg",
        "//cdn.cnn.com/cnnnext/dam/assets/200322113418-01-coronavirus-work-from-home-fashions-trnd-large-169.jpg",
        "//cdn.cnn.com/cnnnext/dam/assets/200322183400-02-coronavirus-work-from-home-fashions-trnd-large-169.jpg"
    ],
    "publication-date": null,
    "text": "How disheveled do you look when you're working from home? Do you stay in your pajamas all day? Do you even shower? Or are you one of those people who insists on looking your office-best even while pecking away at your keyboard at home?\n\nAs officials try to control the Covid-19 pandemic, millions of white collar workers \u2014 normally bound by dress codes and expectations in the office \u2014 are trading business trousers for sweat pants, and stiff blazers for that hoodie they would only ever allow their family, roommates or dog to see.\n\nFor some work-from-homers, comfort-first attire is a source of shame \u2014 a symptom of broken routines and under-motivation. For others, it's ultimate liberation.\n\nDorie Griggs of Roswell, Georgia, snapped these photos of her husband, a photographer, who edits from home. \"Stanley's afternoon attire went upscale for a virtual meeting/dinner conference,\" Griggs joked.\n\nAfter all, fashion in general has become increasingly casual over the past few decades. These days, activewear or \" athleisure \" is customary weekend wear, even outside the gym.\n\nPlus, formal work environments have become the exception, not the rule \u2014 a trend often blamed on millennials in tech startups. Even notoriously buttoned-up Goldman Sachs is adopting a more ' flexible ' dress code.\n\nBut even in a casual work environment, there's a limit. When going to a job interview, 65% of Americans feel it's important to wear a suit, regardless of how formal the company's dress code is, according to a 2019 survey by Ranstad US.\n\nIn the same survey, 50% of respondents say they wear business attire from the waist up and casual clothing from the waist down when they have a video interview.\n\nTasbir Imam works for a tech company in Virginia. He has several video calls a day. His \"work-from-home\" attire is a blazer or jacket paired with pajama pants and house slippers.\n\nSo, given the uncertainty of the coronavirus pandemic, is it unhealthy for people working from home to just wake up and stumble over to the computer screen in their pajamas?\n\n\"If that works for us and we can be in that place to put our energy into work the way it needs to be \u2014 to do the job \u2014 there's nothing wrong with that at all,\" Atlanta-based psychologist Erik Fisher told CNN.\n\nOn the other hand, the CDC has told people it's important to keep up their routines to ease anxiety during the pandemic.\n\n\"It's all about mental preparation,\" Fisher said. \"If this helps somebody to mentally prepare and to go through that habit (of getting dressed), and that's the habit and the structure they've created for themselves, don't change that.\"\n\nNadia Afrin works for an international organization based in Saudi Arabia. She was visiting home in Washington, DC, when all flights to Saudi Arabia were canceled. Because women are expected to dress conservatively, she wears a blazer over her nightgown when she needs to do video calls, and lipstick so she doesn't look \"tired.\"\n\nResearchers have long been fascinated with the meaning behind clothing, not only as a way for people to communicate with others, but as a way to shape one's own perception of oneself. One 2015 study found that people who dress up tend to think more creatively.\n\nBut that just depends on the individual.\n\n\"If you pay attention to staying disciplined, showering as soon as you get up, eating a good breakfast, putting on clothes that make you feel good, you're going to have a good day,\" said Joey Schweitzer, the founder of the successful motivational YouTube channel Better Ideas and who works from his home near Vancouver, Canada. \"You're going to pay more attention to the work that you're doing, and you're going to feel like a functioning member of society.\"\n\nLaura Anne Cotney of Athens, Georgia, who works for a real estate software company, snapped a selfie in her fancy Friday work-from-home attire.\n\nSome employees fortunate enough to work remotely are even trading casual Fridays for fancy Fridays, donning cocktail or black tie.\n\n\"It's nice to build a sense of community and create a reason to make a work day special during such uncertainty,\" said Laura Anne Cotney, who works with a real estate software company in Athens, Georgia.\n\nFisher recommended that if a person is working from home in his or her pajamas and feels like they \"should\" be dressing up, they need to look at where that inner voice is coming from.\n\n\"When people feel judged, they often go back to a place of shame and guilt and inadequacy, and that's why I think we have to be able to be our own self-observers,\" Fisher told CNN.\n\n\"All the looks are exact outfits I've worn,\" said professional illustrator Tyler Feder. \"It was so surprising for me to see how many people commented saying they related! I assumed I was alone in wearing schlubby PJ combos all the time.\"\n\n\"In other words, we're looking for the \"right\" way to do things,\" Fisher said. \"And if it's not the right way, then it must be wrong, and if it's not the good way, it must be bad. And if it's not the strong way, it must be weak. So, ask yourself, where does that voice come from? And then be able to stop and tell yourself, it's my own internal place of comfort and peace that will find my ability to succeed, not how I look on the outside.\"",
    "title": "When you work from home, every day is (very) casual Friday",
    "top-image": "https://cdn.cnn.com/cnnnext/dam/assets/200322113528-03-coronavirus-work-from-home-fashions-trnd-super-tease.jpg",
    "df_date": 20200323,
    "source": "www.cnn.com",
    "label": "reliable"
}