{
    "url": "https://www.nytimes.com/2020/03/23/business/dealbook/coronavirus-congress-bailout.html",
    "uid": "1637750455.4811223.-2020-03-23-business-dealbook-coronavirus-congress-bailout-html",
    "images": [
        "https://static01.nyt.com/images/2020/03/23/business/23db-newsletter-congress/merlin_170850207_c19f53dd-557b-4300-88bf-a3e8f7d340f0-facebookJumbo.jpg?year=2020&h=550&w=1050&s=7d80753af4d0608f19343824cfe9d42b1096344635fff259f0cf52b60de8899a&k=ZQJBKqZ0VN",
        "https://static01.nyt.com/images/2020/03/23/business/23db-newsletter-congress/merlin_170850207_c19f53dd-557b-4300-88bf-a3e8f7d340f0-articleLarge.jpg?quality=75&auto=webp&disable=upscale"
    ],
    "publication-date": "2020-03-23",
    "text": "If you couldn\u2019t join us on Friday for our special conference call about the business and policy implications of the coronavirus pandemic, the recording is here. The response was enormous \u2014 more than 4,000 of you signed up to participate \u2014 so we couldn\u2019t get to all of the questions. What should we cover in future calls? Let us know. (Want this in your inbox each morning? Sign up here.)\n\nIt\u2019s happening again\n\nSenate Democrats blocked a $1.8 trillion stimulus plan on Sunday, preventing the largest such bill in American history from advancing in the chamber. It was an \u201ceerie echo\u201d of 2008, the NYT reports, when House Republicans initially blocked a Wall Street bailout bill.\n\nNegotiations continue, as the market falls (again). Democrats are pushing for more protections of unemployed workers and stricter conditions attached to corporate rescue funds. Senator Elizabeth Warren called a $500 billion fund to bail out airlines and other unspecified sectors a \u201cslush fund.\u201d\n\n\u2022 Despite the rancor, senators from both sides suggested that an agreement was close, with another vote likely later today. Then it will take time to reconcile a Senate agreement with a House bill.",
    "title": "What Will Fill a $4 Trillion Hole in the Economy?",
    "top-image": "https://static01.nyt.com/images/2020/03/23/business/23db-newsletter-congress/merlin_170850207_c19f53dd-557b-4300-88bf-a3e8f7d340f0-facebookJumbo.jpg?year=2020&h=550&w=1050&s=7d80753af4d0608f19343824cfe9d42b1096344635fff259f0cf52b60de8899a&k=ZQJBKqZ0VN",
    "df_date": 20200323,
    "source": "www.nytimes.com",
    "label": "reliable"
}