{
    "url": "https://uk.reuters.com/article/uk-health-coronavirus-alibaba-freshippo/how-alibabas-freshippo-adapted-to-keep-delivering-in-virus-hit-china-idUKKBN21A0W3",
    "uid": "1637750441.7521844.-article-uk-health-coronavirus-alibaba-freshippo-how-alibabas-freshippo-adapted-to-keep-delivering-i",
    "images": [
        "https://s1.reutersmedia.net/resources_v2/images/rcom-default.png?w=800"
    ],
    "publication-date": "2020-03-23",
    "text": "SHANGHAI (Reuters) - As people in China retreated indoors in late January to avoid the coronavirus, Alibaba\u2019s supermarket chain Freshippo faced a dilemma: online orders for fruit were soaring but supplies were low.\n\nTo ease the crunch, Freshippo asked staff to rip up bulk fruit boxes, originally prepared as Lunar New Year gift sets, break them up and sell them individually to serve more locked-down customers.\n\nFreshippo, which has about 200 stores across the country and is known as Hema in Chinese, also launched a group-buying scheme for locked-down Wuhan - the epicenter of the outbreak.\n\nThe company then delivered goods via commissioned buses instead of its usual bike-riding couriers, who deliver individual bags of groceries.\n\nFreshippo\u2019s measures offer some lessons to retailers in Europe and the United States as they brace for a similar spread of the disease, with panic-buying leaving supermarket shelves stripped of many staples and other essential items.\n\n\u201cNobody saw this coming,\u201d Hou Yi, president of Freshippo said in an interview with Reuters.\n\n\u201cA whole ton of challenges surfaced.\u201d\n\nHou said supermarkets might face more difficulties in the United States because most stores were less equipped to deal with large numbers of online orders compared with their counterparts in China.\n\nFreshippo, which had stocked up ahead of the Lunar New Year holiday to meet the usual surge in demand, sent its inventory of dry goods such as noodles and flour to a warehouse in Shanghai to centralize delivery.\n\nFive-year-old Freshippo\u2019s biggest challenge was delivering in Wuhan and its province of Hubei.\n\nThe government set up roadblocks, a shortage of staff disrupted operations and social-distancing requirements hindered last-mile delivery.\n\nFreshippo had to obtain special permits to enter and exit Hubei and find volunteers from within its staff to drive trucks into the disease-stricken province, as they faced a mandatory 14-day quarantine after coming back out, Hou said.\n\nTo cope with low staff numbers in stores, the company hired thousands of people from restaurants and shops, employing those thrown out of work because of government-mandated shutdowns of small business.\n\n\u201cWe simplified our procedures to make everything easier to understand,\u201d Hou said about in-store training. \u201cUsually after two hours of instruction, they could hit the ground running.\u201d\n\nFreshippo services outside Wuhan went back to normal on March 2, Hou wrote in a social media post, and 18 brick-and-mortar stores in the city, which primarily served customers via delivery, are seeing more walk in customers.\n\nHubei has only just started lifting curbs while the rest of China has largely relaxed restrictions and people are going back to work.\n\n(Company corrects current operating status of 18 Freshippo stores in Wuhan.)",
    "title": "How Alibaba's Freshippo adapted to keep delivering in virus-hit China",
    "top-image": "https://s1.reutersmedia.net/resources_v2/images/rcom-default.png?w=800",
    "df_date": 20200323,
    "source": "uk.reuters.com",
    "label": "reliable"
}