{
    "url": "https://www.reuters.com/article/us-health-coronavirus-airbus/airbus-adds-15-billion-euro-credit-line-scraps-dividend-idUSKBN21A0HM",
    "uid": "1637750452.2495837.-article-us-health-coronavirus-airbus-airbus-adds-15-billion-euro-credit-line-scraps-dividend-iduskb",
    "images": [
        "https://static.reuters.com/resources/r/?m=02&d=20200323&t=2&i=1506932394&r=LYNXMPEG2M0AQ&w=800"
    ],
    "publication-date": "2020-03-23",
    "text": "PARIS (Reuters) - Airbus AIR.PA boosted its liquidity with a 15 billion euro ($16 billion) expanded credit facility on Monday while suspending its 2020 outlook in response to the coronavirus crisis that has grounded much of the global airlines fleet.\n\nFILE PHOTO: An Airbus A330neo on its final assembly line at Airbus headquarters in Colomiers, near Toulouse, France, November 26, 2018. REUTERS/Regis Duvignau/File Photo\n\nThe European planemaker also joined U.S. rival Boeing BA.N in scrapping its 2019 dividend, worth a total of 1.4 billion euros. It also said it would suspend the voluntary top-up of staff pension schemes.\n\n\u201cThese measures are designed to protect the future of Airbus and to ensure we can resume normal business or future business as soon as the situation improves,\u201d CEO Guillaume Faury told reporters.\n\nAirbus has not drawn down any credit lines and said it had enough liquidity to cope with the coronavirus with some 30 billion euros worth of liquidity available.\n\n\u201cWe have a lot of runway with this 30 billion,\u201d Chief Financial Officer Dominik Asam said.\n\nAirbus shares fell 10% versus a wider French CAC40 market index .FCHI down by around 4%.\n\nFaury called for \u201cstrong government help\u201d for airlines across the world that have been forced to ground fleets, as well as for distressed aerospace suppliers.\n\nThe French government has offered 300 billion euros of loan guarantees to help companies, but Airbus said its own credit facility was commercial and did not fall under the scheme.\n\nBoeing, already battered by the year-old grounding of its 737 MAX airliner, last week called for $60 billion in U.S. support for the U.S. aerospace sector.\n\nPARTIAL PRODUCTION\n\nFaury said it would become increasingly difficult to deliver jets and some would be stored. Most airlines continue to pay deposits even though many have called for deferrals, he said.\n\nAirbus said it would use customer financing \u201cvery selectively\u201d to help distressed airlines and that it expected leasing companies, which are involved in almost half of its deliveries, to play their role as a \u201cshock absorber\u201d.\n\nAirbus also said it had identified operational measures to save cash as it resumed partial production at factories in France and Spain after a four-day shutdown.\n\nAirbus, which sources say had been producing 58 single-aisle jets a month before the crisis, declined to say at what rate it would resume output.\n\nFactories have installed extra spacing between workers and shorter shift times to allow for sterilizing tools.\n\nIts immediate goal is to maintain parts flowing from a fragile supply chain at a sustainable rate, Faury said.\n\n\u201cWe need to stabilize and see from what base we can restart,\u201d he told analysts.\n\nIndustry executives say shortages are beginning to emerge in the supply chain and some contractors have paused production.\n\nGermany's MTU Aero Engines, which is a supplier to Pratt & Whitney UTX.N engines used on many Airbus single-aisle jets, said it would halt output for three weeks from March 30.",
    "title": "Airbus adds 15 billion euro credit line, scraps dividend",
    "top-image": "https://static.reuters.com/resources/r/?m=02&d=20200323&t=2&i=1506932394&r=LYNXMPEG2M0AQ&w=800",
    "df_date": 20200323,
    "source": "www.reuters.com",
    "label": "reliable"
}