{
    "url": "https://www.reuters.com/article/brief-readcloud-says-minimal-impact-on-o/brief-readcloud-says-minimal-impact-on-operations-so-far-from-covid-19-idUSFWN2BE0FS",
    "uid": "1637750428.6645982.-article-brief-readcloud-says-minimal-impact-on-o-brief-readcloud-says-minimal-impact-on-operations-",
    "images": [
        "https://s1.reutersmedia.net/resources_v2/images/rcom-default.png?w=800"
    ],
    "publication-date": "2020-03-23",
    "text": "March 23 (Reuters) - ReadCloud Ltd:\n\n* COVID-19 HAS SO FAR HAD MINIMAL IMPACT ON CO\u2019S OPERATIONS\n\n* CASH BALANCE AS AT MONDAY WAS $3.1 MILLION AND INVOICING AND NEW BUSINESS FOR FY20 STILL ONGOING Source text for Eikon: Further company coverage:",
    "title": "BRIEF-ReadCloud Says Minimal Impact On Operations So Far From COVID-19",
    "top-image": "https://s1.reutersmedia.net/resources_v2/images/rcom-default.png?w=800",
    "df_date": 20200323,
    "source": "www.reuters.com",
    "label": "reliable"
}