{
    "url": "https://uk.reuters.com/article/uk-health-coronavirus-g20-worldbank/world-bank-could-deploy-150-billion-over-15-months-in-coronavirus-battle-malpass-idUKKBN21A2XC",
    "uid": "1637750484.6182601.-article-uk-health-coronavirus-g20-worldbank-world-bank-could-deploy-150-billion-over-15-months-in-c",
    "images": [
        "https://static.reuters.com/resources/r/?m=02&d=20200323&t=2&i=1507157555&r=LYNXMPEG2M1PK&w=800"
    ],
    "publication-date": "2020-03-23",
    "text": "FILE PHOTO: World Bank President David Malpass attends the \"1+6\" Roundtable meeting at the Diaoyutai state guesthouse in Beijing, China November 21, 2019. REUTERS/Florence Lo/File Photo\n\nWASHINGTON (Reuters) - World Bank Group President David Malpass on Monday said that the development lender could deploy as much as $150 billion in resources over the next 15 months to help developing countries fight and recover from the coronavirus pandemic.\n\nMalpass, in a statement to G20 finance ministers and central bank governors released by the World Bank, also called on G20 creditor nations to allow the poorest countries to suspend all payments on bilateral debt while they battle the virus.\n\nMalpass said the poorest countries should be allowed to concentrate their resources on their health responses to the crisis.\n\n\u201cI\u2019m calling on the G20 leaders to allow the poorest countries to suspend all repayments of official bilateral credit, until the World Bank and the IMF (International Monetary Fund) have made a full assessment of their reconstruction and financing needs,\u201d he said in a statement.\n\nThe World Bank is now preparing projects in 49 countries to help fight the virus under a new fast-track credit facility, and decisions were expected this week on as many as 16 of these projects, Malpass said.\n\nHe said the institution was consulting with China and other key countries to obtain help with the rapid manufacture and delivery of many of medical supplies to countries in need.",
    "title": "World Bank could deploy $150 billion over 15 months in coronavirus battle",
    "top-image": "https://static.reuters.com/resources/r/?m=02&d=20200323&t=2&i=1507157555&r=LYNXMPEG2M1PK&w=800",
    "df_date": 20200323,
    "source": "uk.reuters.com",
    "label": "reliable"
}