{
    "url": "https://uk.reuters.com/article/us-health-coronavirus-g20/mnuchin-says-g20-set-to-coordinate-globally-as-needed-idUKKBN21A2GS",
    "uid": "1637750476.3071585.-article-us-health-coronavirus-g20-mnuchin-says-g20-set-to-coordinate-globally-as-needed-idukkbn21a2",
    "images": [
        "https://static.reuters.com/resources/r/?m=02&d=20200323&t=2&i=1507107563&r=LYNXMPEG2M1H1&w=800"
    ],
    "publication-date": "2020-03-23",
    "text": "WASHINGTON/RIYADH (Reuters) - Finance ministers and central bankers from the world\u2019s 20 largest economies agreed on Monday to develop an \u201caction plan\u201d to respond to a coronavirus pandemic that the IMF now expects to trigger a global recession, but they offered no specifics.\n\nU.S. Secretary of the Treasury Steven Mnuchin walks from a meeting during negotiations on a coronavirus disease (COVID-19) relief package on Capitol in Washington, U.S., March 23, 2020. REUTERS/Joshua Roberts\n\nThe G20 secretariat issued the statement after the finance officials met by video conference for nearly two hours, amid growing criticism that the world\u2019s \u201cfire station\u201d has been slow to respond to the worsening crisis.\n\nG20 leaders are due to gather for an extraordinary virtual summit in coming days as the world races to contain the virus, which has infected 370,000 globally and killed over 16,000.\n\nThe summit, called by this year\u2019s chair, Saudi Arabia, will be complicated by an oil price war between two members, Saudi Arabia and Russia, and rising tensions between two others, the United States and China, over the origin of the virus.\n\nU.S. Treasury Secretary Steven Mnuchin told Fox News his counterparts agreed to act to support their own economies, and coordinate internationally as needed. But he gave no specifics.\n\nMnuchin will chair a conference of G7 finance ministers and central bankers early Tuesday, according to a source familiar with the plans.\n\nHe said the United States was working closely with G20 countries, the Group of Seven (G7), the International Monetary Fund (IMF) and the World Bank in responding to the crisis.\n\n\u201cThis is a team effort to kill this virus and provide economic relief,\u201d said Mnuchin, who is simultaneously struggling to win congressional approval for a nearly $2 trillion U.S. rescue package.\n\nG20 leaders need move beyond recent squabbles and \u201cstop weaponising the new coronavirus in the fight for global influence,\u201d to help stabilize public confidence and markets, said Hung Tran, a senior fellow at the Atlantic Council.\n\nPotential concrete actions could include sharing test results of new treatments and vaccines; rolling back tariffs that were dragging down global growth even before the crisis; and synchronized fiscal action, he said.\n\n\u201cSimply repeating the mantra that \u2018we\u2019ll do whatever it takes\u2019 is not adequate anymore,\u201d he added.\n\nThe IMF and the World Bank on Monday both forecast the pandemic would trigger a global recession in 2020.\n\nIMF Managing Director Kristalina Georgieva welcomed fiscal and monetary steps already taken by countries, but said more would be needed, especially in the fiscal arena.\n\nThe average size of fiscal measures announced by over 20 countries amounts to around 1.8% domestic gross domestic product (GDP), below the 2% packages offered by G20 countries in 2009 during the financial crisis, Tran said.\n\nG7 finance ministers and central bankers will hold a conference call of their own early Tuesday, according to a source familiar with the plans.\n\nJapan, a member of the G7, expressed concern about the impact of the coronavirus, and urged G20 members to act \u201cwithout hesitation in a timely manner.\u201d\n\nArgentina, whose debt has been deemed unsustainable by the IMF, warned fellow G20 member they must act decisively to \u201cavoid a social meltdown\u201d as the pandemic spreads.\n\nArgentina\u2019s Finance Minister Martin Guzman told fellow ministers on the G20 call that countries should use the \u201centire toolkit\u201d of economic policies, including the extension of bilateral swaps to aid those nations most in need.\n\nMonday\u2019s G20 meeting was far from smooth, although no open disputes broke out, said one senior official from a G7 country, adding that Tuesday\u2019s G7 statement would focus heavily on cooperation but also offered little in the way of new ideas.\n\n\u201cThere aren\u2019t very exciting things in there,\u201d said the official, who was not authorized to speak publicly. \u201cBut I have the impression that we\u2019re on the same page now.\u201d",
    "title": "G20 says developing action plan to deal with global pandemic",
    "top-image": "https://static.reuters.com/resources/r/?m=02&d=20200323&t=2&i=1507107563&r=LYNXMPEG2M1H1&w=800",
    "df_date": 20200323,
    "source": "uk.reuters.com",
    "label": "reliable"
}