{
    "url": "https://in.reuters.com/article/health-coronavirus-india-cenbank/rbi-may-soon-allow-repo-operations-in-corporate-bonds-sources-idINKBN21A0BW",
    "uid": "1637750420.437199.-article-health-coronavirus-india-cenbank-rbi-may-soon-allow-repo-operations-in-corporate-bonds-sour",
    "images": [
        "https://static.reuters.com/resources/r/?m=02&d=20200323&t=2&i=1506901871&r=LYNXMPEG2M05Z&w=800"
    ],
    "publication-date": "2020-03-23",
    "text": "MUMBAI/NEW DELHI (Reuters) - Indian authorities are considering allowing corporate bonds as collateral for repurchase operations as they seek to cool the recent spike in corporate borrowing costs in the wake of the coronavirus outbreak, two sources told Reuters.\n\nFILE PHOTO: A worker walks past the logo of Reserve Bank of India (RBI) inside its office in New Delhi, India July 8, 2019. REUTERS/Anushree Fadnavis/File Photo\n\n\u201cWe have to work it out. Under the RBI Act, we are not allowed to take any other collateral other than government securities. But we are not looking upon that as an impediment,\u201d a senior official source with knowledge of the matter said.\n\n\u201cWe will look at ways in which we can directly reach the corporates. We\u2019re saying just give us time to work our way through these regulations and all, but we are indeed looking at directly helping them out,\u201d he added.\n\nBoth of the sources declined to be named as the matter is still under discussion and the talks are private.\n\n\u201cThe government is in discussion with the RBI about this among other things. We will see what is possible,\u201d a second official involved in the discussions said.\n\nThe Indian authorities handling the matter, the Finance Ministry and Reserve Bank of India, both declined to comment on the story.\n\nIndia has confirmed more than 350 cases of coronavirus, with seven deaths so far. Experts have said the number of cases reflect rates during the early stages of the outbreak in other countries, which then spiked sharply in subsequent weeks.\n\nDozens of districts across India have been put under lockdowns with train and bus services suspended in most places, causing panic among investors and sparking sell-offs in bonds, equities and the rupee, which hit fresh lifetime-low early on Monday.\n\nMUTUAL FUND PUSH\n\nThe government last week received a proposal from mutual funds, the largest holders of corporate bonds, seeking the central bank\u2019s intervention. The funds face running into huge losses if current market levels hold up, they wrote.\n\nThree mutual fund sources separately confirmed that they had sought help and said they had been assured of swift intervention by the finance ministry.\n\nLast week, sources told Reuters India is planning a rescue package worth as much as $1.6 billion for the aviation sector, which has been battered after the coronavirus outbreak.\n\nLast week the RBI announced open market operations to buy bonds in an attempt to lower yields in the 2-5 year segment as that part of the yield curve is the reference point for pricing corporate bonds.\n\nThe central bank has also launched long-term repo operations to boost rupee liquidity and said it would conduct dollar/rupee sell/buy auctions to provide dollar liquidity to the market.\n\nThe RBI has pledged its readiness to take necessary action to ensure financial system stability, but for now it has refrained from cutting interest rates.\n\nThe monetary policy committee is due to meet in early April and announce its decision on April 3, when it is widely expected to lower interest rates.\n\nPrime Minister Narendra Modi has also announced setting up of a task force under Finance Minister Nirmala Sitharaman to help businesses already facing strain due to the pandemic.",
    "title": "RBI may soon allow repurchase ops in corporate bonds - sources",
    "top-image": "https://static.reuters.com/resources/r/?m=02&d=20200323&t=2&i=1506901871&r=LYNXMPEG2M05Z&w=800",
    "df_date": 20200323,
    "source": "in.reuters.com",
    "label": "reliable"
}