{
    "url": "https://www.reuters.com/article/health-coronavirus-usps-support-idUSL1N2CI21Y",
    "uid": "1637678205.9266906.-article-health-coronavirus-usps-support-idusl1n2ci21y",
    "images": [
        "https://static.reuters.com/resources/r/?m=02&d=20200430&t=2&i=1517074104&r=LYNXMPEG3T281&w=800"
    ],
    "publication-date": "2020-04-30",
    "text": "FILE PHOTO: A United States Postal Service (USPS) truck is seen in rain in Manhattan during the outbreak of the coronavirus disease (COVID-19) in New York City, New York, U.S., April 13, 2020. REUTERS/Andrew Kelly\n\nWASHINGTON (Reuters) - More than 1,200 groups ranging from the Package Coalition, whose members include Amazon.com AMZN.O, to small town newspapers sent a letter to congressional leaders on Thursday urging support for the U.S. Postal Service, which was struggling before a pandemic slashed its revenues.\n\nThe letter from the Coalition for a 21st Century Postal Service and others noted that the postal service had seen revenues drop as advertising was cut during a partial economic shutdown aimed at slowing the spread of the new coronavirus, which has killed more than 61,000 Americans.\n\nThe leader urged House of Representatives Speaker Nancy Pelosi, House Minority Leader Kevin McCarthy, Senate Majority Leader Mitch McConnell and Minority Leader Chuck Schumer \u201cto provide enough funding to enable USPS to survive and serve its customers, the American people, during this exceptionally trying time.\u201d\n\nThe Postal Service has said that it may not be able to continue service past September without help. The U.S. Congress authorized the Treasury Department to lend it up to $10 billion as part of an earlier $2.3 trillion coronavirus stimulus package but that funding is in question.\n\nPresident Donald Trump last week threatened to block federal aid for the postal service unless it raised rates it charges online shippers like Amazon.com. The president has long accused the post office of charging too little for packages. Amazon founder and Chief Executive Jeff Bezos owns the Washington Post newspaper, which Trump has accused of unfair coverage of his administration.\n\nThe letter said the post office enabled companies to survive by shipping orders during the pandemic, when many stores are closed.\n\n\u201cIt is of particularly acute need in rural areas of the country, where there are no alternatives, and often not even broadband,\u201d the letter said.\n\nIn addition to the Coalition for a 21st Century Postal Service and the Package Coalition, the letter was signed by the American Catalog Mailers Association, Consumer Action, the National Retail Federation and a long list of rural and small town publications like the Ely Echo in Minnesota near the Boundary Waters Canoe Area.",
    "title": "Tech, business and consumer groups urge aid to COVID 19-hit U.S. Postal Service",
    "top-image": "https://static.reuters.com/resources/r/?m=02&d=20200430&t=2&i=1517074104&r=LYNXMPEG3T281&w=800",
    "df_date": 20200430,
    "source": "www.reuters.com",
    "label": "reliable"
}