{
    "url": "https://www.reuters.com/article/us-health-coronavirus-remdesivir-fda/u-s-fda-moving-with-lightning-speed-on-gileads-covid-19-drug-bloomberg-idUSKBN22C2J3",
    "uid": "1637678169.01583.-article-us-health-coronavirus-remdesivir-fda-u-s-fda-moving-with-lightning-speed-on-gileads-covid-1",
    "images": [
        "https://static.reuters.com/resources/r/?m=02&d=20200430&t=2&i=1517031346&r=LYNXMPEG3T1FH&w=800"
    ],
    "publication-date": "2020-04-30",
    "text": "Gilead Sciences Inc pharmaceutical company is seen after they announced a Phase 3 Trial of the investigational antiviral drug Remdesivir in patients with severe coronavirus disease (COVID-19), during the outbreak of the coronavirus disease (COVID-19), in Oceanside, California, U.S., April 29, 2020. REUTERS/Mike Blake\n\n(Reuters) - The U.S. Food and Drug Administration is working at \u201clightning speed\u201d to review data on Gilead Sciences Inc\u2019s experimental antiviral drug remdesivir in treating COVID-19 disease, the head of the agency told Bloomberg in an interview.\n\n\u201cWe\u2019re working with the company to emphasize the necessity of speed while at the same time to understand the data,\u201d FDA Commissioner Stephen Hahn said.\n\nMeanwhile, the FDA in an email statement to Reuters, reiterated it was in talks with Gilead about making the drug available to patients as quickly as possible.\n\nAnthony Fauci, the top U.S. infectious disease official, had said on Wednesday remdesivir will become the standard of care for COVID-19 after early clinical trial results showed it helped patients recover more quickly from the illness caused by the coronavirus.",
    "title": "U.S. FDA moving with 'lightning speed' on Gilead's COVID-19 drug: Bloomberg",
    "top-image": "https://static.reuters.com/resources/r/?m=02&d=20200430&t=2&i=1517031346&r=LYNXMPEG3T1FH&w=800",
    "df_date": 20200430,
    "source": "www.reuters.com",
    "label": "reliable"
}