{
    "url": "https://www.reuters.com/article/us-health-coronavirus-ukraine/health-minister-urges-patience-as-ukraine-passes-10000-coronavirus-cases-idUSKBN22C0VT",
    "uid": "1637678146.4390383.-article-us-health-coronavirus-ukraine-health-minister-urges-patience-as-ukraine-passes-10000-corona",
    "images": [
        "https://static.reuters.com/resources/r/?m=02&d=20200430&t=2&i=1517024291&r=LYNXMPEG3T1AJ&w=800"
    ],
    "publication-date": "2020-04-30",
    "text": "KIEV (Reuters) - Ukraine reached 10,000 coronavirus cases on Thursday and its health minister urged people not to violate lockdown measures that have kept the country\u2019s death toll much lower than in much of western Europe.\n\nFILE PHOTO: Ukrainian Health Minister Maksym Stepanov attends an interview in Kiev, Ukraine April 29, 2020. REUTERS/Sergiy Karazy\n\nIn an interview with Reuters, Health Minister Maksym Stepanov said the lockdown could be lifted and life return to some sort of normality by the summer but the government could not risk a second wave of infections by opening up too soon.\n\nThe early introduction of lockdown measures had kept the total caseload manageable and avoided excessive strain on the hospital system, he said.\n\nBut the government cannot \u201copen up everything and endanger the entire population of Ukraine, because there will immediately be a big outbreak and a peak in the development of this disease,\u201d Stepanov said.\n\nEven after the lockdown is lifted, \u201cthere are some things that we will still have to observe, for example, everything related to personal disinfection, protection, everything about handshaking,\u201d he said. \u201cCOVID changed the world.\u201d\n\nUkraine has 10,406 coronavirus cases and 261 deaths. Medical workers account for 2,063 of cases.\n\nStepanov said his biggest worry was the high rate of infections among doctors -- about a fifth of all cases. The government has tripled salaries of medical staff working with patients who have the COVID-19 respiratory disease that the coronavirus can cause.\n\nSlideshow ( 6 images )\n\nUkraine is ramping up its testing rate to 8,000-10,0000 a day next month from around 5,820 now, he said.\n\n\u201cIn general, the incidence of medical workers is my biggest headache. And I am very worried about this,\u201d said Stepanov, who took office at the end of March after his predecessor was fired after less than a month in charge.\n\nStepanov said the government was increasing stocks of personal protective equipment both to fight coronavirus now and against any second wave of infections.\n\n\u201cAt the beginning of the epidemic, personal protective equipment was completely lacking,\u201d he said.\n\n\u201cTHINK ABOUT YOUR LOVED ONES\u201d\n\nThe government shut businesses such as cafes, restaurants, markets and cinemas last month, closed its borders to foreign citizens and shut down almost all air and rail travel, causing an increase in job losses.\n\nAnger at the lockdown led to hundreds of businessmen protesting near the government building on Wednesday.\n\nThe government has extended the lockdown until May 11 and expects the pandemic to peak in Ukraine early next month. But there are growing signs of public impatience.\n\n\u201cWhat do we see in the last days? We see rallies, people on the streets, we see traffic jams, we see an increase in the number of people in parks. I understand that being in quarantine for five, six weeks is very difficult,\u201d Stepanov told a briefing after the interview.\n\n\u201cWhen you go out to rallies or when you start violating the quarantine, don\u2019t think about just yourself. Think about your loved ones whom you can infect by becoming infected at such events.\u201d",
    "title": "Health minister urges patience as Ukraine passes 10,000 coronavirus cases",
    "top-image": "https://static.reuters.com/resources/r/?m=02&d=20200430&t=2&i=1517024291&r=LYNXMPEG3T1AJ&w=800",
    "df_date": 20200430,
    "source": "www.reuters.com",
    "label": "reliable"
}