{
    "url": "https://www.wsj.com/articles/workers-likely-to-fare-better-in-nations-with-coronavirus-job-retention-programs-11588250818",
    "uid": "1637678146.5788143.-articles-workers-likely-to-fare-better-in-nations-with-coronavirus-job-retention-programs-115882508",
    "images": [
        "https://images.wsj.net/im-435576?width=111&height=62",
        "https://images.wsj.net/im-437107?width=111&height=62",
        "https://m.wsj.net/video/20210820/082021teslaaiselects.00065710.still005/082021teslaaiselects.00065710.still005_167x94.jpg",
        "https://images.wsj.net/im-439085?width=111&height=62",
        "https://m.wsj.net/video/20210816/081621afghanlatest2/081621afghanlatest2_167x94.jpg",
        "https://images.wsj.net/im-439788?width=111&height=62",
        "https://images.wsj.net/im-181970/social",
        "https://images.wsj.net/im-439720?width=111&height=62",
        "https://m.wsj.net/video/20210816/081621kabulairportv2/081621kabulairportv2_167x94.jpg",
        "https://images.wsj.net/im-438867?width=111&height=62",
        "https://sts3.wsj.net/iweb/images/wsj-logo-big-black.svg",
        "https://images.wsj.net/im-439722?width=111&height=62",
        "https://m.wsj.net/video/20210820/082021afghanistan.updatev2/082021afghanistan.updatev2_167x94.jpg",
        "https://images.wsj.net/im-439310?width=111&height=62",
        "https://m.wsj.net/video/20210818/booster0818212/booster0818212_167x94.jpg",
        "https://images.wsj.net/im-437806?width=111&height=62",
        "https://images.wsj.net/im-439711?width=111&height=62"
    ],
    "publication-date": null,
    "text": "WASHINGTON\u2014Workers in Germany and Japan are likely to weather an expected coronavirus-induced global recession better than their U.S. peers, thanks in part to stronger job-retention programs, recent data suggest.\n\nGermany\u2019s jobless rate will average just 3.9% this year, up from 3.2% in 2019, the International Monetary Fund projected this month. In Japan, the rate is forecast to rise to 3% from 2.4%. But in the U.S., it is expected to jump to 10.4% from 3.7% in 2019.",
    "title": "Workers Likely to Fare Better in Nations With Coronavirus Job-Retention Programs",
    "top-image": "https://images.wsj.net/im-181970/social",
    "df_date": 20200430,
    "source": "www.wsj.com",
    "label": "reliable"
}