{
    "url": "https://www.nytimes.com/2020/04/30/world/americas/coronavirus-mexico-factories.html",
    "uid": "1637678225.630084.-2020-04-30-world-americas-coronavirus-mexico-factories-html",
    "images": [
        "https://static01.nyt.com/images/2019/03/01/multimedia/author-natalie-kitroeff/author-natalie-kitroeff-thumbLarge.png",
        "https://static01.nyt.com/images/2020/04/28/world/28virus-factories/28virus-factories-articleLarge.jpg?quality=75&auto=webp&disable=upscale",
        "https://static01.nyt.com/images/2020/04/28/world/28virus-factories/28virus-factories-facebookJumbo.jpg?year=2020&h=549&w=1050&s=84aefc4d9048b306ed977880d2de826dfedaee09934c85578574d5a58bfcf00e&k=ZQJBKqZ0VN"
    ],
    "publication-date": "2020-04-30",
    "text": "MEXICO CITY \u2014 The Trump administration and major U.S. manufacturers have successfully pressured Mexico to keep factories that supply the United States operating during the coronavirus pandemic, even as outbreaks erupt and waves of cases and deaths sweep the companies.\n\nThe lobbying group for large manufacturers in the United States pressed Mexico to reopen plants south of the border, effectively putting American interests ahead of Mexican public health measures.\n\nAnd in a blunt warning, the U.S. ambassador said that if Mexico did not respond to American needs, it would lose the jobs these factories provide.\n\n\u201cYou don\u2019t have \u2018workers\u2019 if you close all the companies and they move elsewhere,\u201d Ambassador Christopher Landau said on Twitter. \u201cOf course health comes first, but to me it seems myopic to suggest that economic effects don\u2019t matter.\u201d",
    "title": "As Workers Fall Ill, U.S. Presses Mexico to Keep American-Owned Plants Open",
    "top-image": "https://static01.nyt.com/images/2020/04/28/world/28virus-factories/28virus-factories-facebookJumbo.jpg?year=2020&h=549&w=1050&s=84aefc4d9048b306ed977880d2de826dfedaee09934c85578574d5a58bfcf00e&k=ZQJBKqZ0VN",
    "df_date": 20200430,
    "source": "www.nytimes.com",
    "label": "reliable"
}