{
    "url": "https://www.aljazeera.com/news/2020/10/3/trump-moves-to-walter-reed-after-covid-19-diagnosis",
    "uid": "1637749639.4140189.-news-2020-10-3-trump-moves-to-walter-reed-after-covid-19-diagnosis",
    "images": [
        "/wp-content/uploads/2020/10/AP_20275074997476.jpg?resize=270%2C180",
        "/wp-content/uploads/2021/11/2021-11-11T143909Z_466735942_RC2DSQ90DTVF_RTRMADP_3_LEBANON-CRISIS-HEZBOLLAH.jpg?resize=170%2C113",
        "/static/media/aj-footer-logo.bac952ad.svg",
        "https://www.aljazeera.com/wp-content/uploads/2020/10/AP_20276823992960.jpg?resize=1200%2C630",
        "/wp-content/uploads/2020/10/AP_20089462974712.jpg?resize=270%2C180",
        "/wp-content/uploads/2020/10/AP_20276823992960.jpg?resize=770%2C513",
        "/wp-content/uploads/2021/11/1236407196.jpg?resize=170%2C113",
        "/wp-content/uploads/2020/10/1000-1.jpg?resize=270%2C180",
        "/wp-content/uploads/2021/07/2021-06-17T132848Z_949080200_RC2D2O97NXXW_RTRMADP_3_ETHIOPIA-ELECTION-PREVIEW.jpg?resize=170%2C113",
        "/wp-content/uploads/2021/11/AP21314219060154.jpg?resize=170%2C113",
        "/wp-content/uploads/2021/11/DART-at-Asteroids-1024x576-1.jpeg?resize=170%2C113",
        "/wp-content/uploads/2021/11/AP21250562457262.jpg?resize=170%2C113",
        "/wp-content/uploads/2021/11/000_9T68YB.jpg?resize=170%2C113",
        "/wp-content/uploads/2020/10/2020-10-01T184019Z_26222815_RC2U9J9KVWM4_RTRMADP_3_USA-TRUMP.jpg?resize=270%2C180",
        "/wp-content/uploads/2021/11/2021-09-29T125746Z_1507666650_RC2OZP9496G6_RTRMADP_3_SWEDEN-POLITICS.jpg?resize=170%2C113"
    ],
    "publication-date": null,
    "text": "White House says Trump transferred to Walter Reed medical centre \u2018out of an abundance of caution\u2019 and will be working from there for the \u2018next few days\u2019.\n\nUS President Donald Trump has arrived at a military hospital for treatment after being diagnosed with COVID-19, a move the White House said would last for a \u201cfew days\u201d and was taken \u201cout of an abundance of caution\u201d.\n\nRoughly 17 hours after he announced he had tested positive for the coronavirus, Trump on Friday walked slowly from the White House to a waiting helicopter to be taken to Walter Reed National Military Medical Center in Bethesda, Maryland.\n\nHe wore a mask and business suit and did not speak to reporters.\n\n\u201cI think I\u2019m doing very well, but we\u2019re going to make sure that things work out,\u201d Trump said in a brief video that was taped before leaving for Walter Reed and posted on Twitter.\n\nTrump will work in a special suite at the hospital for the next few days as a precautionary measure, White House press secretary Kayleigh McEnany said.\n\nShe said he remains \u201cin good spirits, has mild symptoms, and has been working throughout the day\u201d and added: \u201cOut of an abundance of caution, and at the recommendation of his physician and medical experts, the president will be working from the presidential offices at Walter Reed for the next few days.\u201d\n\nTrump, 74, has a mild fever, nasal congestion and a cough, the New York Times reported, citing two people close to him.\n\nWhite House doctor Sean P Conley said the president is being treated with an experimental drug cocktail and is \u201cfatigued but in good spirits\u201d.\n\nRisk factors\n\nTrump\u2019s diagnosis came during an already turbulent period in Washington and around the world, with the US gripped in a heated presidential election amid the human and economic toll of the virus.\n\nTrump\u2019s immediate campaign events were all cancelled, and his next debate with Democrat rival Joe Biden, scheduled for October 15, is now in question.\n\nTrump has been trying all year \u2013 and as recently as Wednesday \u2013 to convince the American public that the worst of the pandemic is in the past, and he has consistently played down concerns about being personally vulnerable. He has mostly refused to abide by basic public health guidelines \u2013 including those issued by his own administration \u2013 such as wearing face coverings in public and practising social distancing. Until he tested positive, he continued to hold campaign rallies that drew thousands of often maskless supporters.\n\nEsther Choo, an emergency physician and professor at Oregon Health and Science University, told Al Jazeera that Trump has a number of risk factors.\n\n\u201cHe falls into several categories of people who tend to experience more severe symptoms of COVID-19 and to need hospitalisation: his age, his obesity, the fact he\u2019s male \u2013 there seems to be a male predominance in severe disease and hospitalisation and ICU care and fatalities.\u201d\n\nReferring to the president\u2019s doctor previously revealing that Trump has high calcium deposits in his coronary arteries, Choo said: \u201cWe also know that he has some coronary heart disease. So, he has more than one risk factor, but that\u2019s across the population and how that plays out in an individual person, we never know.\u201d\n\nShe added: \u201cHe also has some positive things \u2013 he doesn\u2019t smoke, he doesn\u2019t drink alcohol and also importantly, he\u2019s extremely wealthy and privileged.\u201d\n\nConley, the White House doctor, said Trump has received an experimental treatment, Regeneron\u2019s REGN-COV2. The drug is one of several experimental COVID-19 drugs known as monoclonal antibodies, which are used for treating a wide range of illnesses. US infectious disease chief Dr Anthony Fauci has been among those saying the technology has promise.\n\nTrump is also taking zinc, Vitamin D, famotidine, melatonin and a daily aspirin.\n\nTrump \u2018is in charge\u2019\n\nWhite House officials said the president has not transferred his powers to Vice President Mike Pence. \u201cThe president is in charge,\u201d Judd Deere, a spokesman, told the New York Times.\n\nPeter Mathews, professor of political science at Cypress College in California, said the president\u2019s move to Walter Reed is significant, adding that it is important to know what plans are in place for any transfer of power.\n\n\u201cThe fact that he\u2019s been transferred to Walter Reed is a major development. He could have been quarantined in the White House and waited it out there. It could be they are being very cautious as he\u2019s the president, but still, you have to take these things seriously and look at what is being put in place by this administration to make sure there\u2019s a smooth transition,\u201d Mathews told Al Jazeera.\n\n\u201cThere\u2019s two ways to go and there\u2019s a precedent when President Ronald Reagan had to go in for surgery, he signed a letter saying he\u2019s turning over power to Vice President George HW Bush for eight hours and then he would resume after that. And it worked out pretty smoothly. That\u2019s one way, with the president voluntarily signing a statement.\n\n\u201cAnother way is when the president is incapacitated, and it seems very clear that he is, the vice president has to lead and call the cabinet has to vote by majority vote to proceed to transfer of power to the vice president. When that happens, the president can challenge it if he\u2019s available to do that, then it goes to Congress where it is voted by a two-thirds majority in each house to transfer the power over. So, there\u2019s a couple of options here and it all depends on how President Trump comes through right now as far as his physical health goes.\u201d\n\nBiden, Trump\u2019s election opponent, pulled ads attacking Trump off the air but otherwise continued his campaign, travelling to Michigan on Friday after testing negative for the virus.\n\nAt a union hall in Grand Rapids, Biden said he was praying for his rival\u2019s recovery. However, he also implicitly criticised Trump, who has mocked Biden for routinely wearing a mask and has held huge campaign rallies with little social distancing.\n\n\u201cBe patriotic,\u201d Biden said. \u201cIt\u2019s not about being a tough guy. It\u2019s about doing your part.\u201d\n\nTrump is the latest world leader to contract the virus, which can cause a severe respiratory infection.\n\nBritish Prime Minister Boris Johnson was rushed into intensive care after falling gravely ill in March. Brazilian President Jair Bolsonaro called the virus a \u201clittle flu\u201d after being infected in July. Both men recovered.",
    "title": "Trump moves to Walter Reed after COVID-19 diagnosis",
    "top-image": "https://www.aljazeera.com/wp-content/uploads/2020/10/AP_20276823992960.jpg?resize=1200%2C630",
    "df_date": 20201003,
    "source": "www.aljazeera.com",
    "label": "reliable"
}