{
    "url": "https://www.aljazeera.com/news/2020/10/3/president-trumps-comments-on-the-coronavirus-timeline",
    "uid": "1637749643.827198.-news-2020-10-3-president-trumps-comments-on-the-coronavirus-timeline",
    "images": [
        "/wp-content/uploads/2020/10/AP_20258091921686.jpg?w=770&resize=770%2C513",
        "/wp-content/uploads/2021/11/1236407196.jpg?resize=170%2C113",
        "/wp-content/uploads/2020/10/AP_20120633511636.jpg?w=770&resize=770%2C513",
        "/wp-content/uploads/2021/11/DART-at-Asteroids-1024x576-1.jpeg?resize=170%2C113",
        "/wp-content/uploads/2020/10/AP_20266751456663.jpg?w=770&resize=770%2C513",
        "/wp-content/uploads/2020/10/AP_20042028603507.jpg?w=770&resize=770%2C513",
        "/wp-content/uploads/2020/10/AP_20072653182271.jpg?w=770&resize=770%2C513",
        "/wp-content/uploads/2021/11/000_9T68YB.jpg?resize=170%2C113",
        "/wp-content/uploads/2021/11/2021-09-29T125746Z_1507666650_RC2OZP9496G6_RTRMADP_3_SWEDEN-POLITICS.jpg?resize=170%2C113",
        "https://www.aljazeera.com/wp-content/uploads/2020/10/AP_20275091174617.jpg?resize=1200%2C630",
        "/wp-content/uploads/2020/10/AP_20276489551203.jpg?w=770&resize=770%2C514",
        "/wp-content/uploads/2020/09/Simply2020_label_2x.png?fit=276%2C26",
        "/wp-content/uploads/2021/11/AP21250562457262.jpg?resize=170%2C113",
        "/static/media/aj-footer-logo.bac952ad.svg",
        "/wp-content/uploads/2020/10/AP_20094800550361.jpg?w=770&resize=770%2C513",
        "/wp-content/uploads/2020/10/AP_20167713598122.jpg?w=770&resize=770%2C513",
        "/wp-content/uploads/2021/11/2021-11-11T143909Z_466735942_RC2DSQ90DTVF_RTRMADP_3_LEBANON-CRISIS-HEZBOLLAH.jpg?resize=170%2C113",
        "/wp-content/uploads/2020/10/AP_20275091174617.jpg?resize=770%2C513",
        "/wp-content/uploads/2021/07/2021-06-17T132848Z_949080200_RC2D2O97NXXW_RTRMADP_3_ETHIOPIA-ELECTION-PREVIEW.jpg?resize=170%2C113",
        "/wp-content/uploads/2021/11/AP21314219060154.jpg?resize=170%2C113"
    ],
    "publication-date": null,
    "text": "In briefings, interviews and rallies, Trump has repeatedly claimed the virus is \u2018under control and will \u2018go away\u2019\n\nPresident Donald Trump has sought to minimise the risks of the coronavirus since it first emerged and has contradicted US public health experts as he pushed to reopen the US economy.\n\nOn the campaign trail, Trump has mocked his Democratic rival Joe Biden for excessive caution and warned voters Biden would seek to shut down the US economy to control the virus.\n\nNow Trump\u2019s comments discounting the risks of COVID-19 are coming under new scrutiny following disclosure he and his wife Melania Trump have tested positive for the virus.\n\nHere is a timeline of key statements by Trump about the coronavirus:\n\nSeptember 29: Trump says he wears a mask \u2018when needed\u2019 and sees \u2018no negative effect\u2019 from rallies\n\nIn his first debate with Democratic rival, Joe Biden, Trump said he wore a mask \u201cwhen needed\u201d, pulling one out from his breast pocket.\n\nThe US president disparaged Biden\u2019s caution in adhering to social-distancing rules, saying: \u201cWe\u2019ve had no negative effect\u201d from the large public campaign rallies.\n\n\u201cEvery time you see him, he\u2019s got a mask. He could be speaking 200 feet away from them, and he shows up with the biggest mask I\u2019ve ever seen,\u201d Trump said of Biden.\n\nPresident Donald Trump holds up his facemask during the first presidential debate at Case Western University in Cleveland, Ohio. [Julio Cortez/AP Photo]\n\nSeptember 16: Trump says US deaths would be lower without \u2018blue states\u2019\n\nTrump claimed his administration had saved 1.5 million lives by keeping US deaths about \u201c100,000 to 240,000\u201d.\n\n\u201cIf you take the blue states out, we\u2019re at a level that I don\u2019t think anybody in the world would be at. We\u2019re really at a very low level.\u201d Blue states was a reference to US states governed by the Democrats.\n\nPresident Donald Trump claimed his administration has saved US lives during a news conference at the White House in Washington, DC [Evan Vucci/AP Photo]\n\nSeptember 14: Not concerned about contagion at indoor rally In Nevada\n\nIn an interview with the Las Vegas Review-Journal newspaper, Trump said he was not afraid of getting the coronavirus from speaking at an indoor rally.\n\n\u201cI\u2019m on a stage and it\u2019s very far away. And so I\u2019m not at all concerned.\u201d\n\n\u201cI\u2019m more concerned about how close you are, to be honest,\u201d Trump said to the interviewer.\n\nPresident Donald Trump spoke at an indoor rally in a warehouse in Henderson, Nevada, on September 13 [Andrew Harnik/AP Photo]\n\nSeptember 4: Disputes experts, says vaccine coming before election day\n\n\u201cWe remain on track to deliver a vaccine before the end of the year and maybe even before November 1st,\u201d Trump said at a White House briefing.\n\n\u201cWe think we can probably have it sometime during the month of October.\u201d\n\nAugust 3: \u2018It is what it is\u2019, Trump tells Axios in interview on HBO\n\n\u201cThey are dying. That\u2019s true. And you \u2013 it is what it is,\u201d Trump told an Axios news outlet reporter who quoted the death toll from the virus in the US.\n\n\u201cBut that doesn\u2019t mean we aren\u2019t doing everything we can. It\u2019s under control as much as you can control it.\u201d\n\nJuly 19: US has lowest \u2018mortality rate\u2019 in the world\n\n\u201cWhen you talk about mortality rates, I think it\u2019s the opposite. I think we have one of the lowest mortality rates in the world,\u201d Trump said, arguing with broadcaster Fox News\u2019 Sunday host Chris Wallace.\n\n\u201cI heard we have one of the lowest, maybe the lowest mortality rate anywhere in the world.\u201d\n\nJuly 7: US is \u2018in a good place\u2019 and will be in \u2018very good shape\u2019\n\n\u201cI think we are in a good place,\u201d Trump told a TV interviewer, after breaking with Dr Anthony Fauci who had warned on July 6 the US was still in a \u201cserious situation\u201d.\n\n\u201cI disagree with him,\u201d Trump said. \u201cI think we\u2019re going to be in very good shape.\u201d\n\nJune 17: Trump says the virus is going to \u2018fade away\u2019\n\n\u201cWe\u2019re very close to a vaccine and we\u2019re very close to therapeutics, really good therapeutics,\u201d Trump said in a television interview with Fox News.\n\n\u201cBut even without that, I don\u2019t even like to talk about that, because it\u2019s fading away, it\u2019s going to fade away, but having a vaccine would be really nice and that\u2019s going to happen.\u201d\n\nJune 15: Trump says without testing, case numbers would decline\n\n\u201cIf you don\u2019t test, you don\u2019t have any cases,\u201d Trump said at a White House round-table discussion.\n\n\u201cIf we stopped testing right now, we\u2019d have very few cases, if any.\u201d\n\nPresident Donald Trump argues the US has so many cases of COVID-19 because it tests so many Americans on June 15 [File: Evan Vucci/AP Photo]\n\nMay 8: \u2018Not worried\u2019 about virus at the White House, it will \u2018go away\u2019\n\n\u201cNo, I\u2019m not worried. But, you know, look, I get things done. I don\u2019t worry about things. I do what I have to do. We\u2019ve taken very strong precautions at the White House. But again, we\u2019re dealing with a invisible situation. Nobody knows,\u201d Trump said.\n\n\u201cWell, I feel about vaccines like I feel about tests. This is going to go away without a vaccine. It\u2019s going to go away, and it\u2019s \u2013 we\u2019re not going to see it again, hopefully, after a period of time.\u201d\n\nApril 29: Trump says in Oval Office meeting \u2018This is going away\u2019\n\n\u201cIt\u2019s going to go away. This is going to go away,\u201d Trump said in an Oval Office meeting with Dr Fauci, Dr Deborah Birx, and Louisiana Governor John Bel Edwards.\n\nTrump told reporters the White House\u2019s social-distancing guidelines for the US would be \u201cfading out\u201d.\n\nPresident Donald Trump met with Louisiana Governor John Bel Edwards about the coronavirus response in the Oval Office of the White House on April 29, 2020. (From left) Director of the National Institute of Allergy and Infectious Diseases Dr Fauci, White House coronavirus response coordinator Dr Deborah Birx, and Bel Edwards. Trump said the virus would be \u2018fading out\u2019 [File: Evan Vucci/AP Photo]\n\nApril 23: Trump suggests \u2018injection\u2019 of disinfectant could kill virus\n\n\u201cI see the disinfectant that knocks it out in a minute, one minute,\u201d Trump said in a White House press briefing.\n\n\u201cAnd is there a way we can do something like that by injection inside, or almost a cleaning? Because you see it gets inside the lungs and it does a tremendous number on the lungs, so it would be interesting to check that,\u201d he speculated.\n\nApril 6: Trump sees \u2018light at the end of the tunnel\u2019\n\n\u201cThere\u2019s tremendous light at the end of the tunnel,\u201d Trump said in a White House briefing.\n\n\u201cStay inside and let\u2019s win this and let\u2019s get our country (back) as soon as we can. I think it\u2019s going to be sooner than people think. Things are going really well,\u201d Trump said.\n\nApril 3: CDC advises public wear face masks, Trump says he will not\n\n\u201cThe CDC is advising the use of non-medical cloth face covering as an additional voluntary public health measure. So it\u2019s voluntary. You don\u2019t have to do it. They suggested for a period of time. But this is voluntary. I don\u2019t think I\u2019m going to be doing it,\u201d Trump said at the White House.\n\nPresident Donald Trump says he is not going to wear a mask at the White House on April 3 [File: Alex Brandon/AP Photo]\n\n\u201cI just don\u2019t want to be doing, I don\u2019t know, somehow sitting in the Oval Office behind that beautiful resolute desk, the great resolute desk. I think wearing a face mask as I greet presidents, prime ministers, dictators, kings, queens. I don\u2019t know, somehow I don\u2019t see it for myself. I just, I just don\u2019t.\u201d\n\nMarch 7 & 16: \u2018Not concerned\u2019 about virus, and it \u2018washes through\u2019\n\nAsked at Mar-a-Lago at a working dinner on March 7 with Brazil President Bolsonaro whether he was concerned about the virus, Trump said: \u201cNo, I\u2019m not concerned at all. No, I\u2019m not. No, we\u2019ve done a great job.\u201d\n\nLater on March 16 in White House press briefing, Trump said he expected the virus to go away: \u201cIt washes through. Other people don\u2019t like that term. But where it washes through.\u201d\n\nPresident Donald Trump is seated before a dinner with Brazilian President Jair Bolsonaro (left) at Mar-a-Lago in Palm Beach, Florida. Bolsonaro\u2019s communications director tested positive just days later [File:Alex Brandon/AP Photo]\n\nFebruary 26-27: Compares coronavirus to the flu, says \u2018it will disappear\u2019\n\n\u201cWe\u2019re very, very ready for this, for anything \u2013 whether it\u2019s going to be a breakout of larger proportions or whether or not we\u2019re \u2013 you know, we\u2019re at that very low level, and we want to keep it that way,\u201d Trump said at a White House press briefing on February 26.\n\n\u201cThis is a flu. This is like a flu,\u201d Trump said.\n\nAt a White House meeting the next day, Trump said: \u201cIt\u2019s going to disappear. One day \u2013 it\u2019s like a miracle \u2013 it will disappear.\u201d\n\nFebruary 25: On state visit to India, Trump says virus \u2018well under control\u2019\n\n\u201cYou may ask about the coronavirus, which is very well under control in our country,\u201d Trump said. \u201cWe have very few people with it.\u201d\n\nFebruary 10: Trump tells governors, rally virus will recede in April\n\n\u201cNow, the virus that we\u2019re talking about having to do \u2013 you know, a lot of people think that goes away in April with the heat \u2013 as the heat comes in. Typically, that will go away in April. We\u2019re in great shape, though,\u201d Trump told governors at the White House.\n\nLater at a campaign rally in New Hampshire, Trump said: \u201cLooks like by April, you know, in theory, when it gets a little warmer, it miraculously goes away.\u201d\n\nPresident Donald Trump pumps his fist at a campaign rally on February 10 in Manchester, New Hampshire. The virus would \u2018miraculously go away\u2019 , he said [File: Evan Vucci/AP Photo]\n\nFebruary 2: Trump tells Fox News virus is shutdown\n\n\u201cWe pretty much shut it down coming in from China,\u201d President Trump told the Fox News presenter Sean Hannity.\n\n\u201cBut we can\u2019t have thousands of people coming in who may have this problem, the coronavirus. We\u2019re going to see what happens, but we did shut it down, yes.\u201d\n\nJanuary 24: Trump tweets confidence in China\u2019s handling of the virus\n\nChina has been working very hard to contain the Coronavirus. The United States greatly appreciates their efforts and transparency. It will all work out well. In particular, on behalf of the American People, I want to thank President Xi! \u2014 Donald J. Trump (@realDonaldTrump) January 24, 2020\n\nJanuary 22: Trump says the US and China have virus \u2018under control\u2019\n\n\u201cWe have it totally under control,\u201d Trump said in a CNBC television interview from the World Economic Forum in Davos, Switzerland.\n\n\u201cIt\u2019s one person coming in from China. We have it under control. It\u2019s going to be just fine.\u201d",
    "title": "Timeline: President Trump\u2019s comments on the coronavirus",
    "top-image": "https://www.aljazeera.com/wp-content/uploads/2020/10/AP_20275091174617.jpg?resize=1200%2C630",
    "df_date": 20201003,
    "source": "www.aljazeera.com",
    "label": "reliable"
}