{
    "url": "https://www.nbcnews.com/news/world/india-s-coronavirus-death-toll-passes-100-000-cases-continue-n1241953",
    "uid": "1637749642.8307762.-news-world-india-s-coronavirus-death-toll-passes-100-000-cases-continue-n1241953",
    "images": [
        "https://media-cldnry.s-nbcnews.com/image/upload/t_focal-760x428,f_auto,q_auto:best/MSNBC/Components/Video/202009/nn_ren_covid_1_million_deaths_200929_1601421491957.jpg",
        "https://media-cldnry.s-nbcnews.com/image/upload/t_nbcnews-fp-1200-630,f_auto,q_auto:best/newscms/2020_38/3412675/200917-india-corona-mc-10232.JPG",
        "https://media-cldnry.s-nbcnews.com/image/upload/t_fit-760w,f_auto,q_auto:best/newscms/2020_38/3412675/200917-india-corona-mc-10232.JPG"
    ],
    "publication-date": "2020-10-03",
    "text": "India's death toll from the novel coronavirus surpassed 100,000 on Saturday, only the third country in the world to reach that bleak milestone, after the United States and Brazil \u2014 while its epidemic shows no sign of abating.\n\nTotal deaths rose to 100,842, the health ministry said, while the tally of infections climbed to 6.47 million after a daily increase in cases of 79,476.\n\nIndia now has the highest rate of daily increase in infections in the world.\n\nPrime Minister Narendra Modi's government, faced with a collapsing economy after imposing a tough lockdown to try to stem the spread of the virus in late March, is pushing ahead with a full opening of the country.\n\nCinemas were allowed to re-open at half capacity this week and authorities can decide to re-open schools from the middle of this month.\n\nHeading into winter and the holiday season, including the Hindu festival of Diwali next month, the world's second most populous country could see a jump in cases, health experts said.\n\n\"We have seen some recent slowdown of the virus curve but this may be a local peak, there may be another coming,\" said Bhramar Mukherjee, a professor of biostatistics and epidemiology at the University of Michigan.\n\nShe said data showed a little over 7 percent of the population of 1.3 billion had been exposed to the virus, meaning India was still far from any sort of herd immunity.\n\n\"It will continue like a slow burning coil, that is my hope, and we have to play the long game to stop it from being a wildfire.\"\n\nThe United States, Brazil and India together account for nearly 45 percent of all Covid-19 deaths globally.\n\nDeath rates in India, however, have been significantly lower than in those other two countries, raising questions about the accuracy of its data.\n\nIndia has, on average, less than one death from the disease for every 10,000 people while the United States and Brazil have seen six deaths per 10,000.\n\nDownload the NBC News app for breaking news and politics\n\nPresident Donald Trump, who tested positive for Covid-19 this week, defended his administration's handling of the pandemic in last week's presidential debate, and said countries such as India were under-reporting their deaths.\n\nShashank Tripathi, of the Centre for Infectious Disease Research at the Indian Institute of Science in Bengaluru, acknowledged there could be problems with the data, though India's young population might help explain the lower death rate.\n\n\"In India, even without a pandemic, all deaths are not properly registered,\" Tripathi said.\n\n\"I'm not very confident that the mortality rates reflect the right numbers, though the younger demographic has given us some advantage.\"\n\nRepresentatives of the health ministry and the Indian Council of Medical Research did not immediately respond to calls or emails for comment from Reuters.\n\nHealth experts said there could be greater immunity in India because of the high incidence of infectious diseases such as tuberculosis.\n\nNearly 1,200 people in India die of TB every day, roughly the same as deaths from Covid-19.",
    "title": "India's coronavirus death toll passes 100,000 as cases continue to rise",
    "top-image": "https://media-cldnry.s-nbcnews.com/image/upload/t_nbcnews-fp-1200-630,f_auto,q_auto:best/newscms/2020_38/3412675/200917-india-corona-mc-10232.JPG",
    "df_date": 20201003,
    "source": "www.nbcnews.com",
    "label": "reliable"
}