{
    "url": "https://edition.cnn.com/politics/live-news/trump-coronavirus-positive/h_9b25b74e29a2a9ed2203624204f1b432",
    "uid": "1637749637.7183192.-politics-live-news-trump-coronavirus-positive-h-9b25b74e29a2a9ed2203624204f1b432",
    "images": [
        "https://dynaimage.cdn.cnn.com/cnn/digital-images/org/55b372ac-783c-4ffe-970d-68b8334044c9.jpg",
        "https://dynaimage.cdn.cnn.com/cnn/digital-images/org/15b3fbd4-fc0e-4b21-9d8c-c2936797b8a1.jpg",
        "https://dynaimage.cdn.cnn.com/cnn/digital-images/org/432e66a8-31ae-4a61-9f26-9a88053685da.jpg",
        "https://dynaimage.cdn.cnn.com/cnn/digital-images/org/4fc2dd72-da2b-4f71-b68a-2ed07cc568d0.jpg",
        "https://dynaimage.cdn.cnn.com/cnn/digital-images/org/3cf1680e-b3d0-48a3-a23b-718d69156f8e.jpg",
        "https://dynaimage.cdn.cnn.com/cnn/digital-images/org/4d66aabb-7438-43fa-a8fc-4371255f4cca.jpg",
        "https://dynaimage.cdn.cnn.com/cnn/digital-images/org/120bb11a-db0e-4c77-8483-d9888c9b0639.jpg"
    ],
    "publication-date": "2020-10-02",
    "text": "Miles Taylor, former chief of staff at the Department of Homeland Security, says that President Trump having coronavirus also sparks national security concerns.\n\n\u201cYou have key agents that are responsible for protecting him that now likely have to also go into quarantine. So you have new shifts of agents coming in. \u2026 There's going to be an extensive contact tracing effort, and this isn't just a contact tracing effort for anyone. It's a contact tracing effort for the commander in chief,\u201d Taylor said on CNN\u2019s \u201cNew Day.\u201d\n\n\u201cThere's a broader issue here regarding continuity of government,\u201d he said.\n\nTaylor said that while he was in the DHS, there were trainings to prepare for situations where leadership might be affected from doing their jobs.\n\n\u201cThe thing that very few of us have talked about publicly and hoped never happened is that that lax approach to the Covid-19 pandemic might actually have an affect on the stability of the federal government. We are now in that situation,\u201d he said.\n\nTaylor said that while he wishes the President a speedy recovery, \u201cwe have to consider the possibility that this may affect, again, his ability to carry out the duties of his office. That's a big concern. It's something that this White House wasn't preparing for, in my view.\u201d\n\nTaylor said officials also need to keep an eye on foreign actors looking to capitalize on this moment.\n\n\u201cSenior national security officials are watching to make sure that our foreign adversaries don't find a way to exploit this health crisis that's reached the highest levels of the US government,\u201d he added.\n\nWatch:",
    "title": "Biden will be tested for coronavirus this morning",
    "top-image": "https://dynaimage.cdn.cnn.com/cnn/digital-images/org/432e66a8-31ae-4a61-9f26-9a88053685da.jpg",
    "df_date": 20201003,
    "source": "edition.cnn.com",
    "label": "reliable"
}