{
    "url": "https://uk.reuters.com/article/us-health-coronavirus-imf-georgieva/imf-chief-says-growth-forecast-cuts-very-likely-as-coronavirus-hits-economies-hard-idUKKBN22O254",
    "uid": "1637681872.5925756.-article-us-health-coronavirus-imf-georgieva-imf-chief-says-growth-forecast-cuts-very-likely-as-coro",
    "images": [
        "https://static.reuters.com/resources/r/?m=02&d=20200512&t=2&i=1518357044&r=LYNXMPEG4B1CW&w=800"
    ],
    "publication-date": "2020-05-12",
    "text": "WASHINGTON (Reuters) - International Monetary Fund Managing Director Kristalina Georgieva said on Tuesday it was \u201cvery likely\u201d the Fund would cut global growth forecasts further as the coronavirus pandemic was hitting many economies harder than previously projected.\n\nFILE PHOTO: IMF Managing Director Kristalina Georgieva speaks during a conference hosted by the Vatican on economic solidarity, at the Vatican, February 5, 2020. REUTERS/Remo Casilli/File Photo\n\n\u201cIncoming data from many countries is worse than our already pessimistic projections,\u201d Georgieva said during a webcast conference sponsored by the Financial Times. \u201cVery likely we are going to come up with the update to our projections some time in June, and at that point ... our expectation is that there would be a bit more bad news in terms of how we see 2020.\u201d\n\nThe IMF forecast a month ago that business closures and lockdowns to slow the spread of the virus would throw the world into the deepest recession since the 1930s Great Depression, with gross domestic product output shrinking 3% in 2020.\n\nUnder the IMF\u2019s baseline scenario, which called for effects of the pandemic to fade in the second half of the year, it predicted growth would rebound to 5.8% in 2021. But the Fund also said at the time its forecast was precarious and depended on incoming data.\n\nThe United States lost 20.5 million jobs in April with the unemployment rate at 14.7%, and some U.S. officials have said that May jobs data could be worse.\n\nThe IMF typically revises its World Economic Outlook forecasts in early July. Georgieva said the worsening data was also likely to mean that emerging markets and developing economies would need more than $2.5 trillion in additional financing to grapple with the pandemic.\n\nThe IMF\u2019s previous estimate of that amount -- from both internal country resources and external financing -- was \u201con the lower end,\u201d she said.\n\nGeorgieva expected that number to be revised upward when the IMF released its new global economic forecasts.\n\nA month after the IMF and World Bank Spring Meetings, Georgieva said IMF members still lacked agreement over an issue of new IMF Special Drawing Rights, a step last taken in 2009 that would provide hundreds of billions of dollars in new liquidity for all IMF members, rich and poor.\n\nBut members would continue to review liquidity needs and IMF resources, she said.\n\n\u201cDuring our spring meetings, it was very clear the membership said, \u2018Everything is on the table. Let\u2019s see how this crisis evolves in the future.\u2019\u201d\n\nDebt sustainability remained a major concern, she said, and countries needed to build more resilient economies to be able to weather crises in the future.\n\nGeorgieva said the IMF was \u201cvery keen\u201d to support Argentina as it deals with both the coronavirus crisis and its unsustainable debt level.\n\nThe IMF chief said she was convinced the current Argentine government was working earnestly to address the debt problems.\n\n\u201cWhat I see in Argentina is actually a government that wants to do the right thing for its own people, and for its role in the region, (and) in the world economy,\u201d Georgieva said.",
    "title": "IMF chief says growth forecast cuts 'very likely' as coronavirus hits economies hard",
    "top-image": "https://static.reuters.com/resources/r/?m=02&d=20200512&t=2&i=1518357044&r=LYNXMPEG4B1CW&w=800",
    "df_date": 20200512,
    "source": "uk.reuters.com",
    "label": "reliable"
}