{
    "url": "https://in.reuters.com/article/health-coronavirus-bolsonaro-negative/brazils-bolsonaro-to-be-tested-again-for-coronavirus-report-idINKBN2102IK",
    "uid": "1637743319.7407403.-article-health-coronavirus-bolsonaro-negative-brazils-bolsonaro-to-be-tested-again-for-coronavirus-",
    "images": [
        "https://static.reuters.com/resources/r/?m=02&d=20200313&t=2&i=1502759675&r=LYNXMPEG2C1SP&w=800"
    ],
    "publication-date": "2020-03-13",
    "text": "RIO DE JANEIRO (Reuters) - Brazilian President Jair Bolsonaro, who met with Donald Trump in the United States less than a week ago, will be retested for coronavirus following a negative test on Friday, Brazil\u2019s Estado de S.Paulo newspaper reported.\n\nThe test will be done early next week in order to rule out any chance the president has the virus, the newspaper said, without naming the source of the information. A representative for Bolsonaro\u2019s press office declined to comment.\n\nBolsonaro and a large Brazilian entourage, including cabinet ministers, met with Trump and other senior U.S. officials last weekend at Mar-a-Lago. One of the party, Bolsonaro\u2019s communications secretary Fabio Wajngarten, tested positive for COVID-19 on Thursday and is in quarantine at his home.\n\nCharge d\u2019Affairs Nestor Forster Jr. at the Brazilian Embassy in Washington, who was also present at the Trump dinner, has also now tested positive, GloboNews television channel reported late on Friday.\n\nBolsonaro said earlier in the day that he had tested negative for coronavirus, in a post on his Facebook page.\n\n\u201cTests negative for COVID-19 Mr President of the Republic Jair Bolsonaro,\u201d the post said, above an old image of Bolsonaro making an obscene local gesture in an apparent response to some media reports that a first test had been positive.\n\nEstado de S.Paulo said Bolsonaro would remain isolated in quarantine at his official residence until the beginning of next week, citing an unnamed member of the president\u2019s medical staff who said Bolsonaro needed to be isolated for seven days from the time of being in contact with someone infected with the virus.\n\nU.S. President Donald Trump shakes hands with Brazilian President Jair Bolsonaro before attending a working dinner at the Mar-a-Lago resort in Palm Beach, Florida, U.S., March 7, 2020. Picture taken March 7, 2020. REUTERS/Tom Brenner\n\nBolsonaro\u2019s son Eduardo tweeted earlier on Friday that his test had come back negative. Defense Minister Fernando Azevedo e Silva tested negative as well, the ministry said in a statement.\n\nThe results for others in the Brazilian delegation, including Bolsonaro\u2019s wife Michelle and Foreign Minister Ernesto Araujo, have not yet been published.\n\nHowever, Bolsonaro\u2019s lawyer, Karina Kufa, who was part of the delegation, tested positive, according to the O Globo newspaper. Senator Nelsinho Trad, who also formed part of the group, said late Friday that his test had also come back positive.\n\n\u201cLife continues normally, we have many challenges ahead and many problems to solve,\u201d Bolsonaro said outside his official residence after news of the negative test result.\n\nHe waved to supporters but said it was better not to shake their hands.\n\nThe testing of Bolsonaro and many in his inner circle has changed the president\u2019s tone on a virus that he dismissed on Tuesday as largely a \u201cfantasy.\u201d\n\nIn a stern address to the nation on Thursday evening, Bolsonaro asked his supporters to call off marches planned for the weekend in order to avoid spreading the disease.\n\nBrazil has confirmed 98 cases of the coronavirus, according to the Ministry of Health.\n\nFox News and a local Brazilian newspaper earlier reported Bolsonaro\u2019s initial test for coronavirus was positive.\n\n\u201cHe tested negative full stop,\u201d Bolsonaro\u2019s son Eduardo later told Fox News. He did not directly answer a question as to whether a first test was positive.\n\nTrump told reporters on Friday he would likely be tested \u201cfairly soon\u201d but denied this was related to his contact with Wajngarten, beside whom he was photographed at Mar-a-Lago.\n\n\u201cThere was somebody that they say has it. I have no idea who he is, but I take pictures and it lasts for literally seconds,\u201d he said.\n\n\u201cI did sit with the president (Bolsonaro) for probably two hours, but he\u2019s tested negative, so that\u2019s good.\u201d",
    "title": "Brazil's Bolsonaro to be tested again for coronavirus - report",
    "top-image": "https://static.reuters.com/resources/r/?m=02&d=20200313&t=2&i=1502759675&r=LYNXMPEG2C1SP&w=800",
    "df_date": 20200314,
    "source": "in.reuters.com",
    "label": "reliable"
}