{
    "url": "https://uk.reuters.com/article/uk-health-coronavirus-guatemala/guatemala-bans-arrivals-from-u-s-canada-to-fight-coronavirus-idUKKBN21103K",
    "uid": "1637743318.1437788.-article-uk-health-coronavirus-guatemala-guatemala-bans-arrivals-from-u-s-canada-to-fight-coronaviru",
    "images": [
        "https://static.reuters.com/resources/r/?m=02&d=20200314&t=2&i=1502946373&r=LYNXMPEG2D01P&w=800"
    ],
    "publication-date": "2020-03-14",
    "text": "FILE PHOTO: Guatemala's President Alejandro Giammattei looks on during a news conference with Michael Kozak (not pictured), acting assistant secretary for U.S. State Department's Bureau of Western Hemisphere Affairs, in Guatemala City, Guatemala February 7, 2020. REUTERS/Luis Echeverria\n\nGUATEMALA CITY (Reuters) - Guatemala will from Monday widen travel restrictions to fight the spread of coronavirus, banning arrivals from the United States and Canada, President Alejandro Giammattei said on Friday.\n\n\u201cWe are therefore announcing that everyone who arrives from Canada and the United States between now and midnight on Monday will be subject to quarantining,\u201d Giammattei said in a televised address.\n\nThe president said he had also asked the Mexican government to halt deportations of migrants by land to Guatemala.\n\nNo cruise ships will be allowed to dock, but public events and school classes would go ahead for the time being, he added.\n\nEarlier this week, Guatemala banned arrivals from European countries, China, Iran, South Korea and North Korea.\n\nEarlier in the day, the Central American country announced its first case of confirmed coronavirus infection. The man had come to Guatemala from Madrid via Colombia, Giammattei said.",
    "title": "Guatemala bans arrivals from U.S., Canada to fight coronavirus",
    "top-image": "https://static.reuters.com/resources/r/?m=02&d=20200314&t=2&i=1502946373&r=LYNXMPEG2D01P&w=800",
    "df_date": 20200314,
    "source": "uk.reuters.com",
    "label": "reliable"
}