{
    "url": "https://www.aljazeera.com/news/2020/03/algeria-egypt-confirm-coronavirus-cases-live-updates-200301232150803.html",
    "uid": "1637683306.5244925.-news-2020-03-algeria-egypt-confirm-coronavirus-cases-live-updates-200301232150803-html",
    "images": [
        "/wp-content/uploads/2021/11/000_9T68YB.jpg?resize=170%2C113",
        "/wp-content/uploads/2021/11/AP21313545214887.jpg?resize=170%2C113",
        "/wp-content/uploads/2020/02/8e6b836cb217434e99a7445cdb205831_18.jpeg?resize=270%2C180",
        "/wp-content/uploads/2020/03/48ac49826d52495e84d24e1d715dd5bf_18.jpeg",
        "/static/media/aj-footer-logo.bac952ad.svg",
        "/wp-content/uploads/2021/11/AP4548441314484617.jpg?resize=170%2C113",
        "/wp-content/uploads/2021/11/DSC2825.jpg?resize=170%2C113",
        "/wp-content/uploads/2020/03/a4eda924bd4f465ea2e12961461f4d7c_18.jpeg",
        "/wp-content/uploads/2021/11/000_9T79MJ.jpg?resize=170%2C113",
        "https://www.aljazeera.com/wp-content/uploads/2020/03/2fe0802d3f98474fa861b3df8f63c3a4_18.jpeg?fit=1000%2C562",
        "/wp-content/uploads/2021/11/h_57280247.jpg?resize=170%2C113",
        "/wp-content/uploads/2020/06/0ab0cb09a23b491e8c90f66016d009f2_18.jpeg?resize=270%2C180",
        "/wp-content/uploads/2021/11/2021-03-22T000000Z_1978782810_RC2MGM9RATX9_RTRMADP_3_EMERGING-SAUDI-ESG.jpg?resize=170%2C113",
        "/wp-content/uploads/2020/06/6a1dc61976464fcea8b6b770c6cdc5d5_18.jpeg?resize=270%2C180",
        "/wp-content/uploads/2020/03/4486f3f9bfbb45f6bc1b3c87a7b9a0fa_18.jpeg?resize=270%2C180",
        "/wp-content/uploads/2020/03/2fe0802d3f98474fa861b3df8f63c3a4_18.jpeg?resize=770%2C513",
        "/wp-content/uploads/2020/03/cde6f574402942c8a076e7204bad391f_18.jpeg",
        "/wp-content/uploads/2020/03/e8a22aedc955404497537378c5ac3c31_18.jpeg",
        "/wp-content/uploads/2020/03/ef6fe4743ccc4ed9b8384f6497c9d7c4_18.jpeg",
        "/wp-content/uploads/2021/03/369165278.jpg?resize=170%2C113"
    ],
    "publication-date": null,
    "text": "Virus continues to spread around world with Saudi Arabia, Jordan, and Indonesia among countries reporting first cases.\n\nSix people have died in the United States from the coronavirus with researchers warning the virus could have been circulating in the community for weeks, as more countries around the world reported their first cases of the disease on Monday.\n\nSaudi Arabia, Jordan, and Tunisia reported their first confirmed coronavirus cases, while the death toll in Iran rose to 66 \u2013 the highest outside China.\n\nThe Czech Republic, Scotland, and the Dominican Republic also confirmed their first cases. Indonesia, the world\u2019s largest Muslim majority nation, also announced its first patients.\n\nMore than 89,000 people across 58 countries have now been diagnosed with the infection, while the death toll globally has exceeded 3,000.\n\nThis is Hamza Mohamed taking over from Virginia Pietromarchi. Here are the latest updates:\n\nMonday, March 2\n\n20:05 GMT \u2013 Oman bans visitors from virus hit countries\n\nVisitors from countries where coronavirus has spread are banned from entering Oman, the country\u2019s foreign ministry said, without specifying countries.\n\nThis is a precautionary procedure and will be applied on all ports including land, sea and air, the ministry added.\n\n19:50 GMT \u2013 Six people die from coronavirus in Washington state\n\nSix people have died from coronavirus in the US state of Washington, according to health officials, in an outbreak centred around a nursing home in Seattle.\n\nThe total number of infections in the state was now 18, according to officials.\n\nThe virus may have been circulating for weeks undetected in the state, researchers say.\n\nMore on the story here.\n\n19:30 GMT \u2013 German minister rebuffs Merkel\u2019s attempt to shake hands\n\nAwkward moment in Germany as interior minister rebuffed Chancellor Angela Merkel\u2019s attempt to shake hands with him on Monday as the number of coronavirus cases in the country rose to 150.\n\nWhen Merkel reached out to greet Horst Seehofer at a meeting on migration in Berlin, he smiled and kept both his hands to himself.\n\nHorst Seehofer [R] smiled and kept both his hands to himself [Omer Messinger/EPA]\n\nThey both laughed and Merkel then threw her hand up in the air before taking a seat.\n\n19:00 GMT \u2013 Senegal confirms coronavirus case\n\nSenegal became the second country in sub-Saharan Africa to confirm a coronavirus case.\n\nHealth Minister Diouf Sarr said a French man who lives in Senegal visited France in mid-February, contracting the virus before returning to the West African country.\n\nThe patient, according to the minister, is now in quarantine in the capital, Dakar.\n\n15:20 GMT \u2013 Italian coronavirus deaths rise to 52\n\nThe death toll from an outbreak of coronavirus in Italy jumped by 18 over the past 24 hours to 52, the Civil Protection Agency said.\n\nThe accumulative number of cases in the country, which has been hardest hit by the virus in Europe, totalled 2036, up from 1,694 on Sunday.\n\nThe head of the agency said of those originally infected, 149 people had recovered.\n\nThe contagion came to light 10 days ago and is focused mainly on a handful of hotspots in the north of Italy, with isolated cases reported in many other regions.\n\n16:40 GMT \u2013 Saudi Arabia announces first coronavirus case\n\nSaudi Arabia\u2019s health ministry announced its first coronavirus case.\n\nThe victim travelled from Iran to the Gulf kingdom through Bahrain, the state-run Saudi Press Agency reported.\n\nA test confirmed the man was infected with the virus.\n\nSamples were taken from those in contact with the person, and results were expected soon, the health ministry said.\n\n16:15 GMT \u2013 Number of cases jumps to seven in Qatar\n\nFour new cases of coronavirus have been confirmed in Qatar, state news agency (QNA) reported on Monday, taking the total to seven.\n\nTwo Qatari citizens and two domestic workers who accompanied them to Iran were diagnosed with the virus, QNA quoted the health ministry as saying.\n\nThey were among a group of citizens who were evacuated by the government on a private plane from Iran on February 27, the ministry added.\n\nThe victims did not have any contact with the community since their arrival. The three earlier coronavirus patients were in stable condition and recovering, it said.\n\nMinistry of Public Health announces that following further screening, four additional cases of Coronavirus (COVID-19) have been recorded in Qatar, bringing the number of confirmed cases of COVID-19 infection in the country to seven cases #QNA pic.twitter.com/BJFBA7AEnY \u2014 Qatar News Agency (@QNAEnglish) March 2, 2020\n\n15:30 GMT \u2013 Tunisia confirms first coronavirus case\n\nIn North Africa, Tunisia has confirmed its first case of coronavirus.\n\nAbdelatif el-Maki, the health minister, said the patient is a Tunisian man, 40, who returned from Italy last week.\n\nTunisia is the second country in North Africa to announce a confirmed case after Algeria.\n\n15:20 GMT \u2013 Jordan reports first case of coronavirus\n\nJordan announced its first case of coronavirus, the latest country in the Middle East to be hit by the outbreak.\n\nThe kingdom\u2019s health minister said the infected person arrived back in Jordan from Italy two weeks ago.\n\n\u201cA medical specialised team is checking now the family of the infected person, and sterilising their house, and also checking whether they are infected or not, and putting those not infected in house quarantine for at least 14 days, and transferring the infected cases to the hospital,\u201d Saad Jaber said.\n\n15:05 GMT \u2013 Nigeria quarantines dozens amid coronavirus fears\n\nIn Africa\u2019s most populous country, Nigeria, 58 people who came into contact with an Italian infected with the virus have been quarantined, health officials said.\n\nOn Friday, Abuja confirmed the first case of the virus in sub-Saharan Africa after the patient was diagnosed in the economic hub, Lagos \u2013 a city of 20 million people.\n\nThe Italian had arrived from Milan on a business trip a week ago and travelled to a company in neighbouring Ogun state before being diagnosed.\n\nNigeria is viewed by many as highly vulnerable to viral spread given its weak health system and high population density.\n\n14:20 GMT \u2013 UK coronavirus cases jump to 40\n\nThere are four more confirmed cases of coronavirus in the United Kingdom, health officials say, taking the total to 40.\n\nThe newly infected people had recently travelled to Italy, according to Chris Whitty, the chief medical officer of England.\n\nOn Monday, Prime Minister Boris Johnson said the country needs to be prepared for the spread of the disease.\n\n14:10 GMT \u2013 Virus outbreak to hit global economy: WTO chief\n\nThe coronavirus outbreak will have a \u201csubstantial\u201d impact on the global economy, according to the head of the World Trade Organization (WTO).\n\n\u201cThe effects on the global economy are \u2026 likely to be substantial and will start to show up in the trade data in the weeks to come,\u201d Roberto Azevedo said on Monday.\n\nAlso on Monday, the European Central Bank (ECB) called off a joint event with the European Commission that was to take place on Tuesday.\n\n\u201cSeveral cancellations by conference participants\u201d forced the ECB to cancel the event as the region is hit by the coronavirus outbreak.\n\n13:40 GMT \u2013 France reports two more deaths from coronavirus\n\nThe death toll from coronavirus in France has jumped to four following the death of two people in the country\u2019s north, Le Parisien newspaper reported, citing the mayor of Compiegne.\n\n12:05 GMT \u2013 Indian fishermen stranded on Iranian island seek help\n\nMore than 400 Indian fishermen stranded on the Iranian island of Kish are calling for the Indian government to airlift them home.\n\nThe fishermen, who sent out an SOS video, are reportedly running out of food, fuel supplies and fear for their health as they do not have protective masks in coronavirus-hit Iran, reported Indian TV channel NDTV.\n\nSubrahmanyam Jaishankar, India\u2019s minister of external affairs, tweeted that he is currently collaborating with the Iranian authorities for their return.\n\nWorking on the issue of Indians in Iran anxious to return due to #COVID19. Have seen many tweets in this regard. We are collaborating with the Iranian authorities to set up a screening process for return of Indians. (1/2) \u2014 Dr. S. Jaishankar (@DrSJaishankar) March 1, 2020\n\n11:40 GMT \u2013 Virus risk in EU rising from moderate to high\n\nThe risk level of coronavirus in the European Union has increased to \u201chigh\u201d, EU Commission\u2019s President Ursula von der Leyen told a news conference in Brussels.\n\n\u201cThe ECDC [European Centre for Disease Prevention and Control] has announced today that the risk level has risen from moderate to high for people in the European Union. In other words, the virus continues to spread,\u201d von der Leyen told reporters.\n\nEurope registered 2,199 cases and 38 deaths, most of them in Italy.\n\nFollow the conference live here.\n\n11:35 GMT \u2013 China closes first makeshift hospital, keeps strict control\n\nAs China marked its lowest number of infected cases since January 22, authorities closed the first of 16 hurriedly built makeshift hospitals after it discharged the last recovered patients, state broadcaster CCTV reported.\n\nDespite a sharp decline in new cases in Hubei province and the provincial capital Wuhan, controlling the outbreak remains at a crucial stage and strict prevention must be maintained, said Premier Li Keqiang during a meeting.\n\nChinese cities with high population mobility such as the capital, Beijing, must control channels and prevent the spread of the epidemic, the government said in a statement on its website.\n\nWorkers wearing face masks are seen in front of a makeshift hospital that is closed following the discharge of its last patients [Reuters]\n\n11:02 GMT \u2013 Virus \u2018greatest danger\u2019 to global economy: OECD\n\nCoronavirus presents the world economy with its greatest danger since the global financial crisis in 2008, according to the Organisation for Economic Cooperation and Development (OECD).\n\nA sharp slowdown in global growth is expected in the first half of 2020 as supply chains and commodities are hit, tourism drops and lower confidence grows.\n\n#COVID19 presents the \ud83c\udf0d economy with its greatest danger since the #FinancialCrisis, raising the risk of: \ud83d\udd39 Restrictions on movement (people, goods & services)\n\n\ud83d\udd39 Lower business & consumer confidence\n\n\ud83d\udd39 Slowing production \ud83c\udd95 Interim #EconomicOutlook \u27a1\ufe0f https://t.co/Ur8AjvAzzy pic.twitter.com/kD2dWTXQUz \u2014 OECD \u27a1\ufe0f Better policies for better lives (@OECD) March 2, 2020\n\nThe global economy is set to grow only 2.4 percent this year, the lowest since 2009 and down from a forecast of 2.9 percent in November, according to the Paris-based policy forum.\n\nHowever, if the virus spreads throughout Asia, Europe and North America, global growth could drop as low as 1.5 percent this year.\n\n10:45 GMT \u2013 Iran reports increasing number of deaths\n\nSixty-six people have died and 1,501 have been infected by the coronavirus in Iran, Deputy Health Minister Alireza Raisi announced on state television.\n\n\u201cThe definite latest numbers we have are 523 new infections and 12 new deaths so the total number of those infected is 1,501 until now and the number of deaths is 66,\u201d he said.\n\n10:15 GMT \u2013 Israelis head to the polls with face masks and gloves\n\nAs voters in Israel head to the polls for the third time in less than a year, 16 dedicated voting booths have been set up across the country for about 5,500 people who have been placed in home quarantine after travelling to areas considered outbreak hotspots.\n\nParamedics dressed in head-to-toe protective gear are standing next to the polling stations to assist possibly infected voters.\n\n\u201cThe situation is under control,\u201d said Moshe Bar Siman-Tov, director-general of Israel\u2019s Health Ministry, urging citizens to not hesitate to go out to vote.\n\nRead more about the Israeli election here.\n\nA paramedic in a protective suit helps a man as he prepares to vote in a special polling station set up for people under home quarantine [Amir Cohen/Reuters]\n\n10:03 GMT \u2013 More countries confirming cases\n\nAndorra, Iceland and Portugal reported their first cases.\n\nIn all three countries \u2013 which registered one, three and two cases, respectively \u2013 the people who tested positive had recently travelled to Italy, which is the epicentre of the virus outbreak in Europe.\n\n09:03 GMT \u2013 Iran\u2019s member of Expediency Council dies\n\nState radio announced that Mohammad Mirmohammadi, 71, a member of the Expediency Council, has died after contracting the coronavirus.\n\nOther prominent members infected in the country include Vice President Masoumeh Ebtekar and Iraj Harirchi, head of the country\u2019s task force on COVID-19.\n\n08:02 GMT \u2013 Kuwait reports 10 new cases\n\nA health ministry official in Kuwait announced 10 new cases of coronavirus, bringing the total number to 56.\n\nIn comments made during a news conference broadcast on state television, the official called on citizens to avoid gatherings to stop the spread of the virus.\n\nA man wears a protective face mask, following the outbreak of the new coronavirus, in Kuwait [Stephanie McGehee/Reuters]\n\n07:54 GMT \u2013 France sees \u2018much more significant\u2019 growth effect\n\nThe French government warned the effect of the coronavirus will be larger than previous estimates and promised to provide the necessary support to companies.\n\nSpeaking on France2 television, Finance Minister Bruno Le Maire said the impact from the virus will be \u201cmuch more significant\u201d than the 0.1 percent reduction in growth that his ministry had forecast two weeks ago.\n\nThe country\u2019s travel and tourism sectors have already been hit as companies scaled back travel and cancelled conventions.\n\n07:44 GMT \u2013 First community transmissions in Australia\n\nOfficials in Australia said a woman and a male doctor have contracted coronavirus, becoming the country\u2019s first cases of community transmissions in the country.\n\nNew South Wales state\u2019s Minister for Health Brad Hazzard said a 31-year old doctor has tested positive for coronavirus, though it is not clear whom he contracted the virus from.\n\nState officials said a 41-year-old woman was tested after her brother returned to Australia from Iran, a country that has emerged as a coronavirus hotspot in the Middle East.\n\n07:12 GMT \u2013 Nike \u2018temporarily closes\u2019 Europe HQs in Netherlands\n\nDutch news agency ANP said Nike\u2019s European headquarters in the Netherlands would be closed on Monday and Tuesday following the infection of an employee with coronavirus.\n\nANP said the patient was staying home in isolation for 14 days while the office in Hilversum would be disinfected.\n\n\u201cThe place is on lockdown,\u201d a security guard at the location told Reuters news agency, which said roughly 2,000 employees from 80 countries work at the facility.\n\n06:30 GMT \u2013 South Korean church leader issues apology\n\nThe leader of a church linked to about half of South Korea\u2019s more than 4,000 coronavirus cases apologised for the spread of the virus\n\n\u201cI would like to offer my sincere apology to the people on behalf of the members,\u201d Shincheonji head Lee Man-hee told reporters in Gapyeong in a breaking voice.\n\n04:45 GMT \u2013 China counting methods may underplay extent of outbreak \u2013 Caixin\n\nA report from Caixin on the way China counts coronavirus infections has analysed data from the province of Heilongjiang in the northeast.\n\nSince the beginning of last month, the National Health Commission has required that local authorities include \u201casymptomatic infected individuals\u201d in the coronavirus data but it seems not all are doing so.\n\nCaixin says there were 104 asymptomatic cases in Heilongjiang on February 25 but they were not included in its 408 \u201cconfirmed cases\u201d.\n\nCaixin reporter David Yin has more on his Twitter feed. Caixin is an independent financial media and research group.\n\nhttps://twitter.com/yindavid/status/1234339065136320514?ref_src=twsrc^tfw\n\n04:20 GMT \u2013 Indonesia confirms first two cases\n\nIndonesia\u2019s President Joko Widodo says two Indonesians have tested positive for the coronavirus and are in hospital.\n\nThere has been speculation about the absence of cases in Indonesia since a Chinese tourist who returned from the holiday island of Bali was confirmed to have the infection.\n\n04:15 GMT \u2013 Australia warns cannot stop spread of coronavirus from overseas\n\nAustralia\u2019s chief medical officer has said it is no longer possible to completely prevent people with the coronavirus from entering the country.\n\n\u201cIt is no longer possible to absolutely prevent new cases coming in,\u201d Brendan Murphy, Australia\u2019s chief medical officer, told reporters in Canberra.\n\n\u201cWe have got concerns about Japan and South Korea. They are working hard to control their outbreaks but we are still concerned that people in those countries and other high-risk countries may present with an infection.\u201d\n\nAustralia has confirmed 29 cases of coronavirus.\n\n03:30 GMT \u2013 Kazakhstan to bar Iranian nationals\n\nThe government in Kazakhstan has announced it will bar Iranian nationals from the country from March 5 as part of a range of measures to tackle the coronavirus.\n\nIt is also reducing the number of flights to and from Azerbaijan, which borders Iran, according to Reuters, and will no longer issue work permits to people from countries hit by the virus.\n\n02:50 GMT \u2013 Murder probe sought for S Korea church at centre of outbreak\n\nOfficials in the capital, Seoul, are accusing the Christian church at the epicentre of South Korea\u2019s growing coronavirus outbreak of murder.\n\nA case has been filed with prosecutors, claiming the leaders of Shincheonji \u2013 the church where the first cases were reported \u2013 are liable for the outbreak because they did not cooperate with efforts to stop the disease.\n\nPark Won-soon, mayor of Seoul, said if Lee and other leaders of the church had cooperated, effective preventive measures could have saved those who later died of the virus.\n\n\u201cThe situation is this serious and urgent, but where are the leaders of the Shincheonji, including Lee Man-hee, the chief director of this crisis?\u201d Park said in a post on his Facebook page late on Sunday\n\n02:25 GMT \u2013 US state of Washington reports second death\n\nThe state of Washington on the west coast of the US has reported its second death from coronavirus.\n\nIan Morse, who is reporting from the area for Al Jazeera, says the person who died was a resident in the same nursing home where two cases of the virus were previously reported.\n\nThe man was in his 70s, according to Reuters, citing local health officials.\n\nA handout picture from the National Institutes of Health showing a transmission electron micrograph of SARS-CoV-2 virus particles, or 2019-nCoV, the virus that causes COVID-19, isolated from a patient [NIAID/National Institutes of Health via EPA]\n\n02:05 GMT \u2013 South Korea reports nearly 500 new cases, four deaths\n\nThe Korea Centers for Disease Control and Prevention has released the first of its twice-daily updates on the coronavirus outbreak in South Korea \u2013 the largest outside China.\n\nThe KCDC says four people died overnight and 476 new cases of the virus were confirmed.\n\nIn total, 22 people have now died from COVID-19 in South Korea and 4,212 people are infected.\n\n01:25 GMT \u2013 Worldwide death toll from the coronavirus passes 3,000\n\nChina has announced its latest data on the coronavirus outbreak, reporting 42 new deaths.\n\nThat takes the death toll in China to 2,912, and worldwide to more than 3,000.\n\nThe National Health Commission says the latest deaths were all in the worst-hit province of Hubei and most were in its sealed-off capital of Wuhan.\n\nOfficials said there were also 202 new infections, the lowest number since the end of January.\n\n01:20 GMT \u2013 New York state confirms first case\n\nAndrew Cuomo, governor of New York, said the US state had confirmed its first case of coronavirus in someone who had recently returned from Iran.\n\nCuomo said there was \u201cno reason for undue anxiety\u201d and the risk remained low.\n\nWe have learned of the 1st positive case of COVID-19 in NY. The patient contracted the virus while in Iran & is isolated There is no reason for undue anxiety\u2014the general risk remains low in NY. We are diligently managing this situation &will provide info as it becomes available. pic.twitter.com/rLnObvrg3R \u2014 Andrew Cuomo (@NYGovCuomo) March 2, 2020\n\nHello and welcome to Al Jazeera\u2019s live updates on the new coronavirus as it continues to spread from its epicentre in central China to countries around the world.\n\nI\u2019m Kate Mayberry in Kuala Lumpur, taking over from my colleague Mersiha Gadzo.\n\nClick here to read updates from Sunday, March 1.",
    "title": "Coronavirus deaths in US rise to six: Live updates",
    "top-image": "https://www.aljazeera.com/wp-content/uploads/2020/03/2fe0802d3f98474fa861b3df8f63c3a4_18.jpeg?fit=1000%2C562",
    "df_date": 20200302,
    "source": "www.aljazeera.com",
    "label": "reliable"
}