{
    "url": "https://www.reuters.com/article/us-health-coronavirus-finance-breakingvi/breakingviews-corona-capital-peloton-new-york-city-idUSKBN2622E8",
    "uid": "1637693437.8387873.-article-us-health-coronavirus-finance-breakingvi-breakingviews-corona-capital-peloton-new-york-city",
    "images": [
        "https://static.reuters.com/resources/r/?m=02&d=20200911&t=2&i=1533075066&r=LYNXMPEG8A1G0&w=800"
    ],
    "publication-date": "2020-09-11",
    "text": "NEW YORK/LONDON/HONG KONG (Reuters Breakingviews) - Corona Capital is a column updated throughout the day by Breakingviews columnists around the world with short, sharp pandemic-related insights.\n\nThe north view of the Manhattan skyline is seen from the 86th floor observation deck of the Empire State Building in midtown Manhattan, as the iconic tower prepares to open to more tenants and visitors following the outbreak of the coronavirus disease (COVID-19) in New York City, New York, U.S., June 24, 2020. REUTERS/Mike Segar\n\nLATEST\n\n- Bike addicts\n\n- Big Apple blight\n\nADRENALINE SPIKE. Peloton Interactive rolled over analyst expectations in its fiscal fourth-quarter earnings released on Thursday, posting over $607 million in revenue \u2013 a whopping 172% increase over the same period last year. High demand from locked-down fitness fans and lower marketing costs helped adjusted EBITDA come in almost twice as high as consensus estimates, according to Goldman Sachs. Now at least three brokerages have upped their price target for the stock to $125, according to Reuters \u2013 over 40% more than the Thursday close.\n\nBut athletes know the dangers of failing to pace oneself. The once-in-a-century environment created by Covid-19 shutdowns is already unwinding, with New York Governor Andrew Cuomo recently announcing that gyms and fitness centers could start reopening. Slapping down thousands of dollars for equipment and virtual classes may soon be far less appealing. Peloton and its investors may be on a tear \u2013 but they should worry about hitting the dreaded wall. (By Anna Szymanski)\n\nCORPORATE AMERICA HEARTS NEW YORK. Nineteen years ago, the Sept. 11 attacks brought New York to its knees. The city bounced back, but Covid-19 may prove to have a much longer impact. That\u2019s why more than 150 prominent business leaders including Goldman Sachs\u2019 David Solomon and Warby Parker\u2019s Neil Blumenthal are sounding the alarm in a letter to Mayor Bill de Blasio warning of \u201cwidespread anxiety over public safety, cleanliness and other quality of life issues.\u201d\n\nBefore companies can call their employees back to the office \u2013 JPMorgan for instance is eager to do just that \u2013 they need to feel safe. And yet practical solutions may be a distant dream. The business leaders offered their services but were vague in how to tackle the issues. The answer though may be clear: a federal stimulus. Congress is fighting over another benefits package. Even if it manages to pass, New York could be at the back of the handout line. (By Jennifer Saba)\n\nKNORR OFF A BIT MORE. German billionaire Heinz Hermann Thiele is cashing in a few more chips. The 70% shareholder of 18 billion euro brakes maker Knorr-Bremse is selling another 6% of his stake, sending the company\u2019s shares down 8% on Friday. Eyebrows will be raised, since previous stake sales helped finance a hike in his holding in Covid-hit domestic airline Deutsche Lufthansa, reflecting his reservations about a state bailout.\n\nEven though Knorr-Bremse recently parted company with its chief executive after just 10 months, Thiele\u2019s stake sale probably doesn\u2019t reflect discomfort with its strategic direction. After all, when the group listed in 2018, he flagged the likelihood of future offloads. Either way, given Lufthansa eventually took Berlin\u2019s money after the billionaire acquiesced to a bailout, and the fact that the airline\u2019s shares fell 1.4% on Friday, he may not be spending the proceeds there. (By George Hay)\n\nFURLOUGHNOMICS. Britain may ditch plans to kill off its job lifeline. Boris Johnson\u2019s government is under pressure to extend a scheme, which covers 80% of the salary costs of furloughed staff, and supported more than 9 million Britons at its peak. A group of cross-party politicians said on Friday that the prime minister should consider offering targeted support instead of culling the programme next month.\n\nThe furlough scheme is costly. The government has already spent 35.4 billion pounds and there are rational concerns that an extension is merely delaying inevitable job cuts while racking up tens of billions of pounds of government debt. The UK\u2019s near 7% GDP bounce in July also suggests the economy is on the mend, which may boost the job market. But with the Bank of England estimating that 3.5 million people still rely on the furlough lifeline, an abrupt end may stop the recovery in its tracks. (By Aimee Donnellan)\n\nCHECKING IN. Exploring new destinations can be fulfilling. That\u2019s also the case for pandemic-hit Huazhu, a $12 billion Chinese hotelier listed in New York. The company, which boasts nearly 6,200 hotels mostly in the People\u2019s Republic, is seeking a secondary listing in Hong Kong. Based on the closing price of its U.S. stock on Wednesday, it could raise roughly $910 million.\n\nThe proceeds will help alleviate Huazhu\u2019s ballooning net debt pile, which hit $1.8 billion as of June. An unfortunately timed acquisition of Germany\u2019s Deutsche Hospitality, completed in January, as well as Covid-19 shutdowns and lower occupancy rates, have prompted the company to warn that worsening financials could trigger a default. Fortunately, China\u2019s domestic travel industry is bouncing back: most of Huazhu\u2019s local hotels have resumed operations, while occupancy rates also reached 83% as of June. Huazhu may find a welcoming reception in Hong Kong. (By Sharon Lam)",
    "title": "Breakingviews - Corona Capital: Peloton, New York City",
    "top-image": "https://static.reuters.com/resources/r/?m=02&d=20200911&t=2&i=1533075066&r=LYNXMPEG8A1G0&w=800",
    "df_date": 20200911,
    "source": "www.reuters.com",
    "label": "reliable"
}