{
    "url": "https://www.nytimes.com/2020/09/11/us/politics/coronavirus-vaccine-first-person.html",
    "uid": "1637693437.2371526.-2020-09-11-us-politics-coronavirus-vaccine-first-person-html",
    "images": [
        "https://static01.nyt.com/images/2020/09/11/us/politics/11dc-virus-helene-vaccine1/merlin_176831451_58e56f84-d197-4c76-a6bb-51fc42a051e8-articleLarge.jpg?quality=75&auto=webp&disable=upscale",
        "https://static01.nyt.com/images/2020/09/11/us/politics/11dc-virus-helene-vaccine1/11dc-virus-helene-vaccine1-facebookJumbo.jpg?year=2020&h=550&w=1050&s=58bd70bb5c843acc6f439f3bac31789cf6a65d74af1e4e8be5b1a9cdd5b3dfca&k=ZQJBKqZ0VN",
        "https://static01.nyt.com/images/2018/08/24/multimedia/author-helene-cooper/author-helene-cooper-thumbLarge.png"
    ],
    "publication-date": "2020-09-11",
    "text": "WASHINGTON \u2014 The unfamiliar voice on my cellphone three weeks ago had the \u201cYou have been selected\u201d greeting that usually signals someone trying to sell you something. But this was no telemarketer.\n\nI had been chosen, the woman said, \u201cto participate in the Moderna Covid-19 vaccine trial.\u201d She introduced herself as Hira Qadir, a clinical research coordinator at George Washington University. I was tediously stirring a roux for the seafood gumbo I was making for dinner, and her startling announcement stopped me cold.\n\nIn an instant, a dozen emotions ran through me, chief among them fear.\n\nIn late July, Dr. Anthony S. Fauci, the government\u2019s top infectious disease expert, had testified before Congress that volunteers were needed for vaccine trials that were continuing. I had gone to the website \u2014 www.coronaviruspreventionnetwork.org \u2014 and filled out the questionnaire with my medical history and personal information.\n\n\u201cI signed up for a Covid vaccine trial,\u201d I texted a group of friends, all reporters with smart mouths on them. But one response gave me pause.",
    "title": "Covering Ebola Didn\u2019t Prepare Me for This: I Volunteered for the Covid-19 Vaccine Trial",
    "top-image": "https://static01.nyt.com/images/2020/09/11/us/politics/11dc-virus-helene-vaccine1/11dc-virus-helene-vaccine1-facebookJumbo.jpg?year=2020&h=550&w=1050&s=58bd70bb5c843acc6f439f3bac31789cf6a65d74af1e4e8be5b1a9cdd5b3dfca&k=ZQJBKqZ0VN",
    "df_date": 20200911,
    "source": "www.nytimes.com",
    "label": "reliable"
}