{
    "url": "https://uk.reuters.com/article/uk-health-coronavirus-ethiopia-migrants/u-n-says-saudi-deportations-of-ethiopian-migrants-risks-spreading-coronavirus-idUKKCN21V1O2",
    "uid": "1637682043.329882.-article-uk-health-coronavirus-ethiopia-migrants-u-n-says-saudi-deportations-of-ethiopian-migrants-r",
    "images": [
        "https://static.reuters.com/resources/r/?m=02&d=20200413&t=2&i=1514938549&r=LYNXNPEG3C1I4&w=800"
    ],
    "publication-date": "2020-04-13",
    "text": "ADDIS ABABA (Reuters) - The United Nations said on Monday that deportations of illegal migrant workers by Saudi Arabia to Ethiopia risked spreading the coronavirus and it urged Riyadh to suspend the practice for the time being.\n\nSlideshow ( 2 images )\n\nSaudi Arabia has so far deported 2,870 Ethiopian migrants to Addis Ababa since the start of the coronavirus pandemic, the U.N. migration agency said. Ethiopian authorities confirmed that large-scale deportations were taking place.\n\nAn internal U.N. memo seen by Reuters said Saudi Arabia was expected to deport some 200,000 Ethiopian migrants in total. Other Gulf Arab states, Kenya and other neighbouring countries are also expected to repatriate Ethiopian migrants, it said.\n\n\u201cLarge-scale migratory movements which are not planned make the transmission of the virus much more likely to continue. We are therefore calling for the temporary suspension of large-scale deportations,\u201d Catherine Sozi, the U.N. humanitarian coordinator for Ethiopia, told Reuters.\n\nThe Saudi media ministry did not immediately respond to a request for comment, but many migrant workers worldwide have been left unemployed due to economic lockdowns imposed by governments in an effort to stem the spread of coronavirus.\n\nSaudi Arabia, which has around 30 million people, has so far reported 4,934 confirmed cases of COVID-19, the disease caused by the virus, with 65 deaths.\n\nEthiopia, with a population of 105 million, has so far reported only 74 coronavirus cases and just two deaths.\n\nTESTING AND QUARANTINE\n\nHealth Minister Lia Tadesse told Reuters that some of the deported migrants had tested positive for coronavirus but she did not have exact numbers.\n\nAll migrants will be tested for coronavirus and will be quarantined for 14 days in schools and universities which have been closed and converted to serve that purpose, said Zewdu Assefa from the Ethiopian Public Health Institute.\n\n\u201cThey have been deported in a very congested way, with 300 to 500 squeezed onto single flights, and the number of people who will be returned keeps growing,\u201d he said.\n\nThe U.S. State Department said in its annual report on human trafficking last year that some 100,000 Ethiopians travel illegally to Saudi Arabia every year, lured by promises of work and a better life. An estimated 200,000 Ethiopians live in the kingdom, it said.\n\nA humanitarian aid organisation which asked to remain anonymous said it had raised concerns that the frequency of the flights and the large numbers of deportees involved could overwhelm Ethiopia\u2019s quarantine system.\n\n\u201cThese migrants are very vulnerable. They have undertaken an extremely dangerous journey and many arrive in Ethiopia with high medical and mental health needs,\u201d the aid group said.",
    "title": "U.N. says Saudi deportations of Ethiopian migrants risks spreading coronavirus",
    "top-image": "https://static.reuters.com/resources/r/?m=02&d=20200413&t=2&i=1514938549&r=LYNXNPEG3C1I4&w=800",
    "df_date": 20200413,
    "source": "uk.reuters.com",
    "label": "reliable"
}