{
    "url": "https://www.nbcnews.com/news/us-news/florida-man-charged-murder-after-wife-disappears-amid-suspicious-coronavirus-n1181376",
    "uid": "1637682044.394998.-news-us-news-florida-man-charged-murder-after-wife-disappears-amid-suspicious-coronavirus-n1181376",
    "images": [
        "https://media-cldnry.s-nbcnews.com/image/upload/t_nbcnews-fp-1200-630,f_auto,q_auto:best/newscms/2020_15/3304161/200410-2x1-david-anthony-ew-143p.jpg"
    ],
    "publication-date": "2020-04-13",
    "text": "Police arrested a Florida man in connection with the death of his estranged wife, whose friends had received mysterious text messages from the missing woman's phone saying she had been hospitalized with COVID-19, officials said.\n\nJupiter resident David Anthony, 43 was being held without bail at the Do\u00f1a Ana County Detention Center in Las Cruces, New Mexico, following his arrest on April 1, jail records showed on Monday.\n\nDavid E. Anthony. Palm Beach County Sheriff's Office\n\nThe body of his estranged wife, Gretchen Anthony, 51, has not yet been found, a Jupiter police representative told NBC News on Monday. Anthony and the suspect were still married but had separated and were in divorce proceedings, police said.\n\nSeveral friends told police they had received odd text messages from Gretchen Anthony's cell phone last month, claiming she had tested positive for coronavirus and was being hospitalized.\n\nOne of those witnesses even told police that Gretchen Anthony's mother had received a text, purportedly from the then-missing woman, \"saying she is on a ventilator,\" according to a probable cause affidavit filed by Jupiter police.\n\nNo hospital or insurance records showed any COVID-19 patient named Gretchen Anthony, police said. She was last spotted at work on March 20 and she appeared to be healthy and in good spirits, police said.\n\n\"As the investigation progressed and further evidence [was] collected, it is believed David E. Anthony is responsible for her disappearance and related homicide which was determined to have occurred on\" March 21, according to a police statement.\n\nAnthony's dark blue Mini Cooper was found in the parking lot of the Jupiter Medical Center, officials said. Security video showed that car was driven into the hospital by a \"taller white male\" who exited the vehicle's driver side on March 24, according to the affidavit.\n\nDavid Anthony is 6-foot-7, according to jail records.\n\nGretchen Anthony's neighbors told detectives they heard a woman screaming from her home on March 21. One witness recalled the cry of, \"No. No, it hurts!\" according to the affidavit.\n\nNeighbors also recounted seeing a black truck, closely resembling the suspect's, at the scene that day.\n\nInside the victim's home, police said, they found bleach stains on the garage floor, a rag and bottles of cleaning agents on the kitchen island and towels in the washing machine with a \"reddish substance on the that appeared to be blood,\" the affidavit said.\n\nA Palm Beach County Sheriff's cadaver dog \"displayed a positive indication at a particular location of the floor in the garage\" of Gretchen Anthony's home,\" according to the police affidavit.\n\nDavid Anthony was eventually captured in Las Cruces, New Mexico, after signals from mobile phones belonging to the suspect and Anthony \"were hitting off of cellular towers in Texas,\" the affidavit said. There was no record of Anthony retaining a defense lawyer yet, officials said Monday.",
    "title": "Florida man charged with murder after wife disappears amid suspicious coronavirus messages",
    "top-image": "https://media-cldnry.s-nbcnews.com/image/upload/t_nbcnews-fp-1200-630,f_auto,q_auto:best/newscms/2020_15/3304161/200410-2x1-david-anthony-ew-143p.jpg",
    "df_date": 20200413,
    "source": "www.nbcnews.com",
    "label": "reliable"
}