{
    "url": "https://nypost.com/2020/04/13/could-stem-cells-from-a-babys-placenta-treat-covid-19/",
    "uid": "1637682036.4771383.-2020-04-13-could-stem-cells-from-a-babys-placenta-treat-covid-19-",
    "images": [
        "//googleads.g.doubleclick.net/pagead/viewthroughconversion/988380111/?value=0&guid=ON&script=0",
        "https://nypost.com/wp-content/uploads/sites/2/2021/11/lady-gaga-gained-weight-gucci-04.jpg?quality=90&strip=all&w=260",
        "https://nypost.com/wp-content/uploads/sites/2/2021/11/shabazz.jpg?quality=90&strip=all&w=260",
        "https://nypost.com/wp-content/uploads/sites/2/2021/11/joe-judge-jason-garrett-giants.jpg?quality=90&strip=all&w=260",
        "https://nypost.com/wp-content/uploads/sites/2/2020/04/nj-hospital-covid19-placenta-therapy-5.jpg?quality=90&strip=all&w=744",
        "https://vip.nypost.com/wp-content/uploads/sites/2/2020/04/nj-hospital-covid19-placenta-therapy-6-1.jpg?quality=90&strip=all&w=300",
        "https://sb.scorecardresearch.com/p?c1=2&c2=6390601&cj=1&cv=3.6",
        "https://vip.nypost.com/wp-content/uploads/sites/2/2020/04/nj-hospital-covid19-placenta-therapy-12.jpg?quality=90&strip=all&w=300",
        "https://nypost.com/wp-content/mu-plugins/jetpack-9.8/modules/sharedaddy/images/loading.gif",
        "https://nypost.com/wp-content/uploads/sites/2/2021/11/wwe-comp.jpg?quality=90&strip=all&w=260",
        "https://nypost.com/wp-content/uploads/sites/2/2020/04/nj-hospital-covid19-placenta-therapy-5.jpg?quality=90&strip=all&w=1024",
        "https://cf-images.us-east-1.prod.boltdns.net/v1/static/4137224153001/85aa10bc-73b6-4692-a20c-9a6c67801575/5b47e5a2-c110-4cf7-9c3c-ecc4b9644cad/1280x720/match/image.jpg",
        "https://nypost.com/wp-content/mu-plugins/vip-helpers/images/vip-powered-dark-small.png"
    ],
    "publication-date": "2020-04-13",
    "text": "Sign up for our special edition newsletter to get a daily update on the coronavirus pandemic.\n\nDoctors in New Jersey are battling the coronavirus in one 49-year-old male patient with a revolutionary new treatment \u2014 injections of cells from babies\u2019 placentas.\n\nThe procedure, which was approved by the Food and Drug Administration only on Friday, was carried out Saturday and may be the first of its kind to take place in the entire US.\n\n\u201cWe\u2019re trying anything and everything that makes sense that can be applied in a rational way,\u201d Dr. Thomas Birch, of Holy Name Medical Center in Teaneck, tells NJ.com.\n\nThe cells \u2014 drawn from a newborn\u2019s placenta and shipped from a facility in Maryland to the New Jersey medical center frozen in liquid nitrogen \u2014 could aid the coronavirus sufferer\u2019s immune system.\n\nThey could also potentially heal tissue damage to his lungs.\n\nThe otherwise relatively healthy man was hospitalized more than three weeks ago with shortness of breath and a fever. His condition was so severe, he was placed on a ventilator in the intensive care unit on March 20.\n\nHis wife agreed to the state-of-the-art emergency treatment in a desperate bid to save her husband from death.\n\nThe placenta-based cell therapy at Holy Name aims to counteract a common complication in coronavirus cases known as the cytokine storm. When it happens, the body\u2019s immune system produces such a strong response that it begins to damage itself.\n\nAfter the out-of-state placenta cells were thawed from the liquid nitrogen, they were placed in 15 different syringes and injected into the muscles of the virus sufferer\u2019s body.\n\nThe cells from the placenta may potentially tamper down that response by lowering inflammation. It\u2019s not completely understood how the mechanism works, but the cells may operate similarly to how they protect a fetus from the mother\u2019s own immune cells, according to Birch and Dr. Ravit Barkama, his fellow physician working on the technique.\n\n\u201cThe process itself is very simple,\u201d Barkama says. \u201cIt\u2019s the physiology around it that is very complicated.\u201d\n\nThe experimental therapy is championed by Pluristem Therapeutics, a biotech company based in Haifa, Israel. Last Tuesday, Pluristem announced that six critically ill coronavirus patients in the Middle Eastern country had survived at least a week after receiving the cells. Four of them showed improved respiration.\n\nThe working relationship between Pluristem and Holy Name had been fostered over a non-coronavirus-related clinical trial, which is testing whether placenta cells are helpful in treating chronic vascular problems that could lead to festering wounds and sometimes forced amputations. Holy Name has treated nine people in that trial \u2014 a \u201ctotally different\u201d patient population, with wounds on the feet that will not heal, Barkama says.\n\nThe procedures for these cardiovascular cases are very similar to the ones being used on the man with COVID-19.\n\nIf everything goes to plan, the Teaneck patient\u2019s inflammation of the lungs will reduce over the coming week. Birch and Barkama add that the procedure appears to be safe and have few side effects. However, the man is under constant monitoring because of his critical condition.\n\nLast week, The Post outlined many of the other experimental treatments that physicians and scientists are trying in the pandemic. They include potential vaccines and the controversial usage of malaria medications such as hydroxychloroquine and chloroquine.",
    "title": "Stem cells from a baby\u2019s placenta may save life of coronavirus victim in NJ",
    "top-image": "https://nypost.com/wp-content/uploads/sites/2/2020/04/nj-hospital-covid19-placenta-therapy-5.jpg?quality=90&strip=all&w=1024",
    "df_date": 20200413,
    "source": "nypost.com",
    "label": "reliable"
}