{
    "url": "https://www.cnn.com/2020/04/13/politics/pentagon-n95-mask-decontamination/",
    "uid": "1637682044.6501489.-2020-04-13-politics-pentagon-n95-mask-decontamination-",
    "images": [
        "//pixel.quantserve.com/pixel/p-D1yc5zQgjmqr5.gif?labels=noscript%3ANo%20Labels%20Set",
        "//cdn.cnn.com/cnnnext/dam/assets/200323114255-3m-n95-mask--stock-large-169.jpg",
        "//cdn.cnn.com/cnn/.e/img/3.0/branding/logos/us-military-logo-large.png",
        "//cdn.cnn.com/cnn/.e/img/3.0/branding/backgrounds/us-military-background-full.jpg",
        "data:image/gif;base64,R0lGODlhEAAJAJEAAAAAAP///////wAAACH5BAEAAAIALAAAAAAQAAkAAAIKlI+py+0Po5yUFQA7",
        "https://cdn.cnn.com/cnnnext/dam/assets/200323114255-3m-n95-mask--stock-super-tease.jpg"
    ],
    "publication-date": null,
    "text": "Washington (CNN) The Pentagon announced a major contract for 60 decontamination units that will allow millions of N95 masks to be reused amid a shortage of personal protective equipment for medical professionals treating coronavirus patients.\n\nThe $415 million contract will allow for the acquisition of \"60 Battelle Memorial Institute Critical Care Decontamination Systems (CCDS), that can decontaminate up to 80,000 used N95 respirators per system per day, enabling mask reuse up to 20 times,\" according to a statement from the Pentagon.\n\nThe Defense Department said six units have already been delivered to multiple US cities including two to New York, and one each to Columbus, Ohio, Boston, Chicago and Tacoma, \"providing the ability to sterilize 3.4 million masks a week, reducing the need for new masks by the same number.\"\n\n\"All 60 systems will be available by early May for prioritization and distribution by FEMA and HHS. Once all are delivered, these 60 units will allow 4.8 million masks to be sterilized per day, almost 34 million per week,\" the statement added.\n\nWhere the remaining units will be delivered has yet to be determined.\n\nRead More",
    "title": "Pentagon awards $415 million contract for units to decontaminate N95 masks",
    "top-image": "https://cdn.cnn.com/cnnnext/dam/assets/200323114255-3m-n95-mask--stock-super-tease.jpg",
    "df_date": 20200413,
    "source": "www.cnn.com",
    "label": "reliable"
}