{
    "url": "https://www.washingtontimes.com/news/2020/apr/13/colorado-meatpacking-plant-closed-for-coronavirus-/",
    "uid": "1637682038.5614882.-news-2020-apr-13-colorado-meatpacking-plant-closed-for-coronavirus-",
    "images": [
        "//twt-assets.washtimes.com/images/TWTlogo3.5238e37e24b5.png",
        "//twt-assets.washtimes.com/img/icon-twitter.fc7373fc5e89.jpg",
        "https://twt-thumbs.washtimes.com/media/image/2020/04/13/virus_outbreak_colorado_55942_c0-228-5472-3420_s1200x700.jpg?f89739662670662341638fe34403095f75f3e118",
        "//pixel.quantserve.com/pixel/p-c69_1G6fdlihY.gif",
        "//twt-assets.washtimes.com/img/WLogoNoBack.b80e1949f96a.png",
        "//twt-assets.washtimes.com/img/icon-instagram.72fc92d824f0.jpg",
        "https://twt-thumbs.washtimes.com/media/specials/Martin_Square_c0-0-1400-1400_s65x65.jpg?dc490f8254460a2b3d9942f04bc6121fe02a99a2",
        "//twt-assets.washtimes.com/img/icon-facebook.0660d81626c5.jpg",
        "https://px.ads.linkedin.com/collect/?pid=1586410&fmt=gif",
        "https://twt-thumbs.washtimes.com/media/img/staff/2017/cheryl-chumley-350_s85x119.jpg?aa9e42ea593811e08acc2f2e2737164ab5d201f0",
        "//twt-assets.washtimes.com/img/icon-rss.ecce5bc46ce2.jpg",
        "https://twt-thumbs.washtimes.com/media/specials/FP_1400X1400.7_c0-0-1400-1400_s65x65.png?dc490f8254460a2b3d9942f04bc6121fe02a99a2",
        "https://twt-thumbs.washtimes.com/media/specials/UNREGULATED_1400_x_1400_c0-0-1400-1400_s65x65.png?dc490f8254460a2b3d9942f04bc6121fe02a99a2",
        "https://twt-thumbs.washtimes.com/media/image/2020/04/13/virus_outbreak_colorado_55942_c0-229-5472-3419_s885x516.jpg?c1d93beed655d999d21da6df656357387ea64660",
        "https://twt-thumbs.washtimes.com/media/img/staff/2016/charles-hurt-350_s85x119.jpg?aa9e42ea593811e08acc2f2e2737164ab5d201f0",
        "https://twt-thumbs.washtimes.com/media/img/staff/2016/richard-rahn-350_s85x119.jpg?aa9e42ea593811e08acc2f2e2737164ab5d201f0"
    ],
    "publication-date": null,
    "text": "DENVER (AP) - A major meatpacking plant in Colorado will be closed until April 24 while its owner, JBS USA, works with state and federal authorities to arrange coronavirus testing for its 5,000 workers, sanitize the plant and adopt other measures to combat the virus after at least two workers died, the company said Monday.\n\nJBS USA\u2019s announcement came after Gov. Jared Polis told reporters he had spoken to Vice President Mike Pence over the weekend and on Monday to arrange getting testing kits to the plant in Greeley. JBS USA had announced Friday it was closing the plant after the deaths.\n\n\u201cOur priority is to restore this critical part of our national food security,\u201d the governor said.\n\nThe company said in a statement that the plant will operate with diminished staff for two days to ship existing product. It said it\u2019s advising employees to stay at home while the plant is closed and that it will pay workers during the closure.\n\nOn Friday, CEO Andre Nogueira said the company was paying more than $1 million for thousands of testing kits for workers at the plant.\n\nHealth authorities in Weld County, where the plant is located, said that at least 43 plant workers had tested positive, and that 14 of them were hospitalized. They have cited the close proximity of workers to each other and employees working while they were sick as factors in the outbreak.\n\nIn a public health order released Monday, the state and county public health departments told JBS USA to ensure continuing testing of all workers, social distancing within the plant, requiring workers who are ill and those they\u2019ve been in contact with to stay home, and other measures not only to protect employees and their dependents but to avoid overwhelming area health care facilities.\n\nJBS USA is a subsidiary of Brazil-based JBS S.A., one of the world\u2019s largest meat processors, and holds a majority interest in Pilgrim\u2019s Pride, the United States\u2019 second largest poultry company. It processes beef at the Greeley plant.\n\nMore than 300 people have died of the new coronavirus in Colorado, including at least 53 in Weld County.\n\nFor most people, the new coronavirus causes mild or moderate symptoms, such as fever and cough that clear up in two to three weeks. For some, especially older adults and people with existing health problems, it can cause more severe illness, including pneumonia, and death.",
    "title": "Colorado meatpacking plant closed for coronavirus testing",
    "top-image": "https://twt-thumbs.washtimes.com/media/image/2020/04/13/virus_outbreak_colorado_55942_c0-228-5472-3420_s1200x700.jpg?f89739662670662341638fe34403095f75f3e118",
    "df_date": 20200413,
    "source": "www.washingtontimes.com",
    "label": "reliable"
}