{
    "url": "https://www.naturalnews.com/2021-03-31-texas-covid-rate-drops-to-record-low.html",
    "uid": "1637754283.0809472.-2021-03-31-texas-covid-rate-drops-to-record-low-html",
    "images": [
        ":/wp-content/themes/naturalnews-child/images/GAB-White.png",
        ":/images/Climate-News.jpg",
        ":/images/Survival-News.jpg",
        "https://www.naturalnews.com/Images/Starburst-New-Orange.svg",
        ":/Images/ReaderRegistration-Mike-Adams-300.png",
        "https://www.naturalnews.com/gallery/webseed/wholeherbs.jpg",
        ":/wp-content/uploads/sites/91/2021/03/Texas-flag.jpg",
        ":/wp-content/themes/naturalnews-child/images/BrighteonSocial-White.png",
        ":/images/Science-News.jpg",
        ":/wp-content/themes/naturalnews-child/images/Have-A-News-Tip-v2.gif",
        "https://www.naturalnews.com/gallery/articles/HonestFoodGuide_135.jpg",
        ":/wp-content/themes/naturalnews-child/images/Google-Play-117x40.png",
        "https://www.naturalnews.com/Images/ReaderRegistration-Icon-Close-White.svg",
        "https://www.naturalnews.com/images/Science-NaturalNews.jpg",
        ":/\\Images/Close-30x30-White.svg",
        "https://www.naturalnews.com/wp-content/uploads/sites/91/2021/03/Texas-flag.jpg",
        "https://www.naturalnews.com/gallery/photoscom/groceryshopping.jpg",
        ":/images/Glitch-News.jpg",
        ":/images/Pollution-News.jpg",
        ":/wp-content/themes/naturalnews-child/images/MW-White.png",
        "https://www.naturalnews.com/gallery/fotolia/broccoli.jpg",
        ":/images/Herbs-News.jpg",
        "https://www.naturalnews.com/images/Download-Apple-App-Store.svg",
        ":/wp-content/themes/naturalnews-child/images/USALife-White.png",
        ":/Images/ReaderRegistration-Hand-Phone-Newsletter.png",
        "https://www.naturalnews.com/gallery/dir/logos/NP-Social-Symbol.jpg",
        "https://www.etrust.pro/cgi-bin/trust/image.cgi?ID=499;size=M",
        ":/wp-content/themes/naturalnews-child/images/D-White.png",
        ":/images/Cancer-News.jpg",
        ":/wp-content/plugins/vps/img/fb.png",
        ":/images/Health-News.jpg",
        ":/images/Gear-News.jpg",
        ":/Images/ReaderRegistration-Icon-Close-White.svg",
        ":/images/Medicine-News.jpg",
        ":/Images/ReaderRegistration-CornerTab.png",
        "https://www.naturalnews.com/Images/Masthead-Newsletter-Apr-2020.png",
        ":/images/Food-News.jpg",
        ":/wp-content/themes/naturalnews-child/images/Parler-White.png",
        "https://www.naturalnews.com/gallery/comstock/Vitamin-Bottle-Spill.jpg"
    ],
    "publication-date": "2021-03-31",
    "text": "(Natural News) Coronavirus cases have dropped to a record low in Texas roughly three weeks after the state lifted its mask mandate and reopened businesses.\n\n(Article by Veronika Kyrylenko republished from TheNewAmerican.com)\n\n\u201cToday the 7-day Covid positivity rate dropped to a new recorded low: 4.95%. Hospitalizations dropped to a 6-month low. This week we have 1 million 1st vaccines available,\u201d Texas Governor Greg Abbott wrote in a tweet on Sunday. \u201cEveryone now qualifies for a shot. They are highly recommended to prevent getting Covid but always voluntary.\u201d\n\nOn March 2, Abbott joined a growing number of governors across the United States who are easing coronavirus restrictions. Like the rest of the country, Texas has seen the number of cases and deaths plunge. Yet lockdowners tore into Texas, telling it to keep the restrictions that keep people jobless, poor, and dependent. Just like the rest of the country, under the lockdown, Texas\u2019 economy, the second largest by GDP in the United States and ninth in the world, took a huge hit. Since the beginning of the pandemic, more than $42.4 billion in unemployment has been paid out just in Texas. From March 2020 to March 2021, 7.2 million unemployment claims have been filed in the state. The Texas Workforce Commission says that\u2019s more than the previous five years of claims combined. Most who filed have since returned to work, but at last count, 322,060 Texans were still making continued claims for jobless benefits. On top of that, Texas is coming off a deadly freeze that led to massive power outages and food shortages.\n\nAmid the economic recession, and considering the accumulated expertise and knowledge on COVID spread and the cost of lives lost to lockdowns, the necessity of returning to business-as-usual was common sense \u2014 for many, Governor Abbott included. He said, \u201cWe must now do more to restore livelihoods and normalcy for Texans by opening Texas 100 percent.\u201d At the same time, the governor noted that \u201cCOVID-19 has not disappeared, but it is clear from the recoveries, vaccinations, reduced hospitalizations, and safe practices that Texans are using that state mandates are no longer needed.\u201d\n\nThose words would make many Americans jealous for not having such a great governor (yours truly included). Many, however, unleashed a torrent of criticism on Abbott. \u201cAbsolutely reckless,\u201d California Governor Gavin Newsom tweeted in response to Abbott\u2019s announcement, while Dr. Fauci called it \u201cinexplicable.\u201d\n\n\u201cTexas will experience more cases, more hospitalizations and more deaths,\u201d state Representative Richard Pe\u00f1a Raymond, a Democrat from the border city of Laredo, told Abbott in a letter.\n\nSimilarly, Gilberto Hinojosa, chair of the Democratic party in Texas, issued a statement pushing back on Abbott\u2019s decision: \u201cWhat Abbott calls pro-business is anti-people. Make no mistake: Opening Texas prematurely will only lead to faster COVID spread, more sickness and overcrowding in our hospitals, and unnecessary deaths.\u201d\n\nThose speaking up against the decision included health officials who got a taste of real power and do not like being disrespected \u2014 that is, they don\u2019t want you to proceed with your lives and try to make a living without receiving their blessing first. Dr. John Hellerstedt, the commissioner of the Texas Department of State Health Services, told local lawmakers he \u201cdid not have a personal conversation\u201d with Abbott prior to the announcement. In fact, three of the governor\u2019s four coronavirus medical advisors said they hadn\u2019t spoken with him. The fourth, Dr. John Zerwas, had spoken to Abbott and believed \u201cthe state mandate is in the rearview mirror\u201d and that it was \u201ctime for personal responsibility\u201d to take over, according to the Huffington Post.\n\nPresident Joe Biden himself didn\u2019t mince words, calling the idea the public could forgo masks in the midst of the pandemic \u201cNeanderthal thinking.\u201d\n\nYet here we are, despite \u2014 or thanks to \u2014 this type of thinking, and despite the gloomy predictions of the health \u201cexpert\u201d power junkies, with Texas slashing COVID.\n\nMississippi, which lifted its mask mandate on March 3, observed a 44 percent decrease of cases as compared to the average of two weeks earlier, according to the New York Times.\n\nThe case for safe reopening of the economy and dropping the mask mandates is piling up day by day, proving that people can and should be trusted with their own health choices (duh!). Still on Monday President Biden reiterated the lockdown mantra, urging state and local officials to reconsider lifting their coronavirus restrictions and to reinstate mask mandates saying: \u201cPlease, this is not politics.\u201d For once I can agree with Joe. It is not politics to let people make their own choices and work and enjoy fruits of their labor \u2014 it\u2019s a restoring of inalienable rights: \u201cWe hold these truths to be self-evident, that all men are created equal, that they are endowed by their Creator with certain unalienable Rights, that among these are Life, Liberty and the pursuit of Happiness.\u201d You know the thing.\n\nRead more at: TheNewAmerican.com and Pandemic.news.",
    "title": "Texas COVID rate drops to record low: Bless your heart, lockdowners",
    "top-image": "https://www.naturalnews.com/wp-content/uploads/sites/91/2021/03/Texas-flag.jpg",
    "df_date": 20210401,
    "source": "www.naturalnews.com",
    "label": "unreliable"
}