{
    "url": "https://www.reuters.com/article/us-health-coronavirus-astrazeneca-europe-idUSKBN2BN27Q",
    "uid": "1637682445.3959873.-article-us-health-coronavirus-astrazeneca-europe-iduskbn2bn27q",
    "images": [
        "https://static.reuters.com/resources/r/?m=02&d=20210331&t=2&i=1556924075&r=LYNXMPEH2U1KR&w=800"
    ],
    "publication-date": "2021-03-31",
    "text": "(Reuters) - Europe\u2019s medicines regulator reiterated its backing of AstraZeneca\u2019s COVID-19 vaccine, saying no particular group of age, sex or a previous medical history was especially susceptible to blood clotting after receiving the shot.\n\nFILE PHOTO: Vial labelled \"AstraZeneca coronavirus disease (COVID-19) vaccine\" placed on displayed EU flag is seen in this illustration picture taken March 24, 2021. REUTERS/Dado Ruvic/Illustration/File Photo\n\nHowever, while repeating that the vaccine\u2019s benefits outweigh risks, it cautioned that people should be aware of the \u201cremote possibility\u201d of rare blood clots occurring, and must seek immediate medical attention in case of symptoms.\n\n\"A causal link with the vaccine is not proven, but is possible and further analysis is continuing,\" the European Medicines Agency (EMA) said in a statement. (bit.ly/3m6d2M9)\n\nEMA issued the statement after a hearing with a panel of independent external experts on Monday.\n\nIt spoke after several countries including Canada, Germany, France and Spain limited use of the drugmaker\u2019s shot, after reports of a rare clotting condition following vaccination.\n\nInvestigations by EMA and several national authorities in the EU continue, after initial probes deemed the vaccine safe for use following reports of a brain clotting ailment known as cerebral venous sinus thrombosis (CVST).\n\nA high proportion among the reported cases affected young and middle-aged women but that did not lead EMA to conclude this cohort was particularly at risk from AstraZeneca\u2019s shot.\n\nWomen were generally more prone to CVST than men and twice as many women as men had received AstraZeneca\u2019s shot in the EU so far, said EMA\u2019s head of safety monitoring, Peter Arlett.\n\n\u201cThis is why at this stage it is difficult to disentangle why there has been a preponderance of reports of this very rare potential side effect in younger women in particular,\u201d he added.\n\nEMA had analysed 62 such cases globally, consulting also with regulators in India, Brazil and Britain, and 44 of the cases had occurred in the European Economic Area (EEA).\n\nIt had looked into 14 deaths, though not all were associated with CVST, said Arlett. About 9.2 million people in the EEA had received the shot by the assessment\u2019s cut-off date of March 22.\n\nArlett did acknowledge the blood-clotting incidence rate was higher than what was normally expected in the young and middle-aged. Though he did not quantify the difference, he said it did not justify a change in recommendation.\n\n\u201cIf we look into individuals under 60, we do see more cases of (CVST) than we would expect to see from the background rate,\u201d said Arlett.\n\nGermany vaccine oversight body PEI said on Tuesday it had registered 31 cases of CVST, which resulted in nine deaths, out of some 2.7 million people who have received the AstraZeneca vaccine.\n\nEMA said a few of the German cases happened after its cut-off date and had not yet been included in its analysis.",
    "title": "EU drug watchdog reaffirms no particular clot risk factor linked to AstraZeneca vaccine",
    "top-image": "https://static.reuters.com/resources/r/?m=02&d=20210331&t=2&i=1556924075&r=LYNXMPEH2U1KR&w=800",
    "df_date": 20210401,
    "source": "www.reuters.com",
    "label": "reliable"
}