{
    "url": "https://www.telegraph.co.uk/news/2021/04/01/leaving-lockdown-las-vegas-booming/",
    "uid": "1637682442.66928.-news-2021-04-01-leaving-lockdown-las-vegas-booming-",
    "images": [
        "/content/dam/news/2021/04/01/TELEMMGLPICT000254089493_trans_NvBQzQNjv4Bqxy5v3Pq0VSWRsNPSNKrAUQv0PyZPzCrkXDGEUohjFzM.jpeg?imwidth=480",
        "/content/dam/world-news/2021/11/23/TELEMMGLPICT000001770023_trans_NvBQzQNjv4BqP-t--XiuvYMJPd4Ncdgt2haFS7t6wUD2c5CAYw-u7FY.jpeg?imwidth=350",
        "/content/dam/generic/Matt-cartoon-255x206px-small.png",
        "/content/dam/news/2021/04/01/TELEMMGLPICT000254311930_trans_NvBQzQNjv4Bqv35qgrtC9ZDZBknF0zZpCasj8QPHDuqj0v_bdJGdrog.jpeg?imwidth=680",
        "/content/dam/world-news/2021/11/23/TELEMMGLPICT000278083768_trans_NvBQzQNjv4BqrpfQw2hJyG_yckwxPAr0gmyy-GsNrhPQbLesooHneHs.jpeg?imwidth=350",
        "https://www.telegraph.co.uk/content/dam/news/2021/04/01/TELEMMGLPICT000254311930_trans_NvBQzQNjv4Bqv35qgrtC9ZDZBknF0zZpCasj8QPHDuqj0v_bdJGdrog.jpeg?impolicy=logo-overlay",
        "/content/dam/news/2021/11/23/TELEMMGLPICT000278604527_trans_NvBQzQNjv4BqLoH7NlioJUgvNGxc7kNJh7QhCpsJmCWlSWt_yfzANGk.jpeg?imwidth=350",
        "/content/dam/politics/2021/11/23/TELEMMGLPICT000278356851_trans_NvBQzQNjv4BqhsC7iIX843hqYeewSbgQ0RIkz4bxfWyQigQT5gafGL4.jpeg?imwidth=350",
        "/content/dam/world-news/2021/11/23/TELEMMGLPICT000278551695_trans_NvBQzQNjv4BqWxGSA6EqCkNPLXCjaqkxzZHOo1FY8WulCaIUrBPxM2E.jpeg?imwidth=350",
        "/content/dam/royal-family/2021/11/23/TELEMMGLPICT000278608627_trans_NvBQzQNjv4BqpVlberWd9EgFPZtcLiMQf0Rf_Wk3V23H2268P_XkPxc.jpeg?imwidth=350"
    ],
    "publication-date": "2021-04-01",
    "text": "We've noticed you're adblocking.\n\nWe rely on advertising to help fund our award-winning journalism.\n\nWe urge you to turn off your ad blocker for The Telegraph website so that you can continue to access our quality content in the future.\n\nThank you for your support.",
    "title": "Leaving lockdown: Las Vegas is booming",
    "top-image": "https://www.telegraph.co.uk/content/dam/news/2021/04/01/TELEMMGLPICT000254311930_trans_NvBQzQNjv4Bqv35qgrtC9ZDZBknF0zZpCasj8QPHDuqj0v_bdJGdrog.jpeg?impolicy=logo-overlay",
    "df_date": 20210401,
    "source": "www.telegraph.co.uk",
    "label": "reliable"
}