{
    "url": "https://www.reuters.com/article/us-health-coronavirus-poland/sudden-extension-of-vaccine-eligibility-sows-confusion-in-poland-idUSKBN2BO4TF",
    "uid": "1637682442.7231066.-article-us-health-coronavirus-poland-sudden-extension-of-vaccine-eligibility-sows-confusion-in-pola",
    "images": [
        "https://static.reuters.com/resources/r/?m=02&d=20210401&t=2&i=1557004085&r=LYNXMPEH302IP&w=800"
    ],
    "publication-date": "2021-04-01",
    "text": "WARSAW (Reuters) -Polish health care was plunged into confusion on Thursday after a surprise overnight decision to widen eligibility for COVID-19 vaccines triggered the crash of an online registration system, just as new infections soared to a new daily high.\n\nFILE PHOTO: A health worker in protective suit waits for people at a test center in front of a hospital, amid the coronavirus disease (COVID-19) outbreak, in Warsaw, Poland October 27, 2020. REUTERS/Kacper Pempel\n\nThe incident left Polish doctors temporarily unable to prescribe drugs for non-coronavirus ailments, immunologist Pawel Grzesiowski told Reuters.\n\nIt played out against the backdrop of a health service stretched to its limits by spiralling coronavirus case numbers that have left hospitals in some Polish regions on the brink of running out of ventilators.\n\nPoland reported a fresh 24-hour record of 35,251 new COVID-19 cases on Thursday.\n\nThe outage of the online registration system left doctors wondering if they had to postpone scheduled vaccinations, and wrongfooted people who had rushed to take advantage of an extension of eligibility to everyone over 40.\n\n\u201cThese people already have appointments and now they hear in the media that these dates will be changed,\u201d said Grzesiowski.\n\n\u201cThere is colossal chaos, but also frustration, because people want to be vaccinated..., and now they hear that they will not get it.\u201d People in Poland and many other European Union nations have been exasperated by a slow roll-out of vaccines.\n\nFaced with a public outcry, the prime minister\u2019s top aide, who is in charge of vaccinations, apologised for the system crash. \u201cWe should have communicated better about the system failure,\u201d Michal Dworczyk told reporters.\n\n\u201cUnfortunately...that didn\u2019t happen, apologies are in order and in the space of a few hours the system will return to being fully functional.\u201d\n\nDworczyk also said that people in their 40s had mistakenly been given appointments in April. He said that they would be offered appointments in May instead.\n\nHe had earlier said people aged 40-60 who had declared their readiness to be vaccinated had been sent referrals overnight due to slowing rates of registration among the over 60s.\n\nRobert Biedron, a politician from the opposition Left grouping, was among many who expressed their dismay.\n\n\u201cThat feeling when you think it\u2019s April Fools, but it\u2019s just another day of PiS in power,\u201d he wrote on Twitter, referring to the ruling conservative nationalist Law and Justice party.\n\nHaving introduced further restrictions to limit the spread of the virus in March, Prime Minister Mateusz Morawiecki said on Thursday the state\u2019s support scheme for the economy would be raised by around 30 billion zlotys ($7.63 billion).\n\nMore than 2 million of Poland\u2019s 38 million people have received two doses of vaccine to date.",
    "title": "Sudden extension of vaccine eligibility sows confusion in Poland",
    "top-image": "https://static.reuters.com/resources/r/?m=02&d=20210401&t=2&i=1557004085&r=LYNXMPEH302IP&w=800",
    "df_date": 20210401,
    "source": "www.reuters.com",
    "label": "reliable"
}