{
    "url": "https://www.reuters.com/article/health-coronavirus-moldova-probe/moldova-investigates-preferential-vaccination-of-local-officials-idUSL1N2LU0WF",
    "uid": "1637682444.5795567.-article-health-coronavirus-moldova-probe-moldova-investigates-preferential-vaccination-of-local-off",
    "images": [
        "https://s1.reutersmedia.net/resources_v2/images/rcom-default.png?w=800"
    ],
    "publication-date": "2021-04-01",
    "text": "CHISINAU, April 1 (Reuters) - Moldova\u2019s health ministry officials said on Thursday they would check information that regional authorities and their relatives were jumping the queue to obtain COVID-19 vaccines intended for healthcare workers and the critically vulnerable.\n\nMoldova, one of Europe\u2019s poorest country, has lagged behind the rest of the continent in the scramble for vaccines and welcomed donations from friendly governments.\n\nThe first batch of 14,400 doses of Pfizer vaccines from the global COVAX scheme arrived in Moldova in March. So far Moldova, which reported 230,241 coronavirus cases and 4,960 deaths, received 110,970 doses of various vaccines.\n\nNineli Revenco, an official at the national vaccination campaign, said the health ministry had established a commission to investigate possible violations.\n\n\u201cThe health ministry launched an investigation to determine if there were irregularities in the vaccination process. For this, the lists of all vaccinated will be checked,\u201d Revenko told a news conference.\n\nShe did not provide facts of violations.\n\nPresidential adviser Alla Nemerenco earlier this week said that \u201cdozens of district officials from all over the country, mothers and mothers-in-law of mayors, mayors, civic activists\u201d had already received the vaccine out of turn.\n\nLocal media reported that out-of-order vaccinations occurred in the northern Edinet town and in Cantemir in the southern part of Moldova.\n\nMoldova started vaccinations on March 2 and so far around 40,000 medical workers and doctors have received a first shot. (Reporting by Alexander Tanas, writing by Pavel Polityuk; Editing by Steve Orlofsky)",
    "title": "Moldova investigates preferential vaccination of local officials",
    "top-image": "https://s1.reutersmedia.net/resources_v2/images/rcom-default.png?w=800",
    "df_date": 20210401,
    "source": "www.reuters.com",
    "label": "reliable"
}