{
    "url": "https://www.nytimes.com/2021/04/01/us/coronavirus-today-vaccines.html",
    "uid": "1637682451.9804206.-2021-04-01-us-coronavirus-today-vaccines-html",
    "images": [
        "https://static01.nyt.com/images/2021/04/01/multimedia/01coronavirus-nl/01coronavirus-nl-articleLarge.png?quality=75&auto=webp&disable=upscale",
        "https://static01.nyt.com/images/2018/08/24/multimedia/author-jonathan-wolfe/author-jonathan-wolfe-thumbLarge.png",
        "https://static01.nyt.com/images/2021/04/01/multimedia/01coronavirus-nl/01coronavirus-nl-facebookJumbo.png"
    ],
    "publication-date": "2021-04-01",
    "text": "Two states, and the Covid race\n\nThe United States is in a perilous race between vaccinating residents as quickly as possible and succumbing to a new wave of infections driven by the faster-spreading variants.\n\nNationally, the number of cases has begun to tick up again, even as the vaccination campaign has quickened and the country is approaching universal eligibility for all adults. Two states \u2014 Michigan and Maryland \u2014 show the issues on both sides of the struggle.\n\nMichigan is giving the country a glimpse at the threat of the new surge, as the state is facing one of the most alarming outbreaks in the country. Cases have soared to more than 5,600 a day from about 1,000 in late February. The nation\u2019s top five metro areas in recent cases per capita are all in Michigan: Jackson, Detroit, Flint, Lansing and Monroe. The state\u2019s hospital system is being stretched thin as the number of coronavirus patients has doubled in the last month, to more than 2,200.\n\nHealth officials attribute the rise in cases in part to the B.1.1.7 variant, which is widespread in Michigan. But they also say that relaxing virus regulations, mask-wearing and social distancing has played a role. Restaurants are busy, and crowds of people gather unmasked in hotel lobbies and bars.",
    "title": "Coronavirus Briefing: What Happened Today",
    "top-image": "https://static01.nyt.com/images/2021/04/01/multimedia/01coronavirus-nl/01coronavirus-nl-facebookJumbo.png",
    "df_date": 20210401,
    "source": "www.nytimes.com",
    "label": "reliable"
}