{
    "url": "https://www.nytimes.com/2021/03/24/arts/music/mariachis-virus-funerals.html",
    "uid": "1637691519.7525773.-2021-03-24-arts-music-mariachis-virus-funerals-html",
    "images": [
        "https://static01.nyt.com/images/2021/03/25/arts/24mariachi9/merlin_185441454_9845d527-eb95-436d-a1e0-f5e9ba25cf4e-articleLarge.jpg?quality=75&auto=webp&disable=upscale",
        "https://static01.nyt.com/images/2021/03/25/arts/24mariachi9/24mariachi9-facebookJumbo.jpg"
    ],
    "publication-date": "2021-03-24",
    "text": "In Texas, back in November, Miguel Guzman of Mariachi Los Galleros de San Antonio had to put his violin and music aside when he tested positive for the coronavirus. Just days before, he was masked and inside the home of a friend who was a reliable instrument dealer, buying a violin for a student. The friend later died of the virus.\n\nGuzman fell very ill, too, and spent a month in the hospital. The virus winded him. He needed a constant stream of oxygen to breathe with his damaged lungs; he dropped 40 pounds and lost all his muscle; he needed physical therapy just to walk again.\n\nAt home, his fingers were numb when he repeatedly tried picking up his violin, but it was the promise of playing in the band with his sons again and writing a composition for his wife that kept him motivated to recover.\n\nThis past month, Guzman finally returned to the band and played at another round of funerals and burials. His first day back was at the funeral of a friend\u2019s father-in-law. The week after, it was a funeral for one of his longtime clients, a tire-shop owner who had died of coronavirus-related complications.\n\nClose to the coffin at that funeral, he stood with the band playing \u201cTe Vas \u00c1ngel M\u00edo\u201d or \u201cYou\u2019re Leaving, Angel of Mine.\u201d He could hear the crying, yes, but he also could hear his violin, carrying life forward for those who grieved, and for him.\n\n\u201cMusic is the medicine, because when I\u2019m playing, I forget about not being able to breathe,\u201d Guzman said.",
    "title": "Mariachis Play On, Their Music Unsilenced by the Virus or the Deaths",
    "top-image": "https://static01.nyt.com/images/2021/03/25/arts/24mariachi9/24mariachi9-facebookJumbo.jpg",
    "df_date": 20210324,
    "source": "www.nytimes.com",
    "label": "reliable"
}