{
    "url": "https://uk.reuters.com/article/uk-global-oil/oil-halts-three-day-slump-but-virus-outbreak-oversupply-still-weigh-idUKKBN21604N",
    "uid": "1637743140.2477856.-article-uk-global-oil-oil-halts-three-day-slump-but-virus-outbreak-oversupply-still-weigh-idukkbn21",
    "images": [
        "https://static.reuters.com/resources/r/?m=02&d=20200319&t=2&i=1505194324&r=LYNXMPEG2I029&w=800"
    ],
    "publication-date": "2020-03-19",
    "text": "NEW YORK (Reuters) - U.S. crude oil prices spiked by 25% on Thursday, the largest single-day gain on record, recouping some losses from three days of selling that drove the benchmark to near 20-year lows.\n\nFILE PHOTO: Pump jacks operate at sunset in Midland, Texas, U.S., February 11, 2019. REUTERS/Nick Oxford -/File Photo\n\nAnalysts saw the rebound as a brief reprieve, anticipating additional weakness as the coronavirus outbreak takes its toll on global demand. U.S. crude and global benchmark Brent have both lost half their value in less than two weeks, most of that since March 6, the day talks between OPEC and allies including Russia broke down.\n\nThe coronavirus outbreak has put pressure on the market as schools and businesses have shuttered, suppressing economic activity around the globe. At the same time, the price war between Saudi Arabia and Russia is flooding markets worldwide with cheap oil.\n\nOil extended gains late in the day after U.S. President Donald Trump said on Thursday he would get involved in the dispute between Saudi Arabia and Russia \u201cat the appropriate time.\u201d\n\nWest Texas Intermediate (WTI) crude CLc1 settled up $4.85, or 24%, to $25.22 after dropping nearly 25% to an 18-year low in the previous session. It then briefly extended gains in post-close trading to as much as 35%.\n\nBrent crude LCOc1 settled up $3.59, or 14.4%, at $28.47 a barrel, having plunged to $24.52 on Wednesday, its lowest since 2003.\n\n\u201cAfter yesterday\u2019s drubbing, people are coming into the market, because they see some production cuts ahead, but those are not enough to offset the demand in decline that the market is going to see in April and May,\u201d said Andrew Lipow, president of Lipow Oil Associates.\n\nIn a sign of expectations for reduced demand, Colonial Pipeline Co, which operates the largest refined products pipeline system in the United States, said it was cutting volumes by 20%. That system brings gasoline, diesel and other fuels to the U.S. East Coast from refineries in the U.S. Gulf.\n\nOil\u2019s respite came as investors across financial markets assessed the impact of massive central bank stimulus measures.\n\nU.S. lawmakers were rushing on Thursday to forge a massive economic stimulus package to counter the impact of the outbreak. [MKTS/GLOB]\n\nCentral banks have moved to mitigate the spiralling economic and financial fallout from the pandemic, with the European Central Bank kicking off a 750 billion euro ($820 billion) emergency bond purchase scheme.\n\nFollowing the breakdown of talks between Saudi Arabia and Russia, the de facto leader of OPEC announced plans to increase supply to a record 12.3 million barrels per day (bpd) and cut the official selling price for its oil by several dollars per barrel.\n\nIn the United States, where dozens of shale oil and gas drillers and services companies risk bankruptcy, senators on Wednesday urged the two countries to halt their price war during talks with the kingdom\u2019s envoy to Washington.\n\nTrump noted, however, that low gasoline prices were good for U.S. consumers even as they were hurting the industry. \u201cAt the appropriate time I\u2019ll get involved,\u201d he said.\n\nThe drop in demand, particularly in transportation, is also leading to a rapidly growing glut in refined products such as jet fuel and gasoline.\n\n\u201cFrom April 1, about 4 million bpd could flood the markets, potentially pushing down crude oil prices into the teens,\u201d Jefferies analysts said in a note.\n\nInteractive graphic tracking global spread of coronavirus here\n\nGraphic: Brent vs. FTSE over past 30 years here",
    "title": "U.S. oil reverses losses, posts largest one-day gain on record",
    "top-image": "https://static.reuters.com/resources/r/?m=02&d=20200319&t=2&i=1505194324&r=LYNXMPEG2I029&w=800",
    "df_date": 20200319,
    "source": "uk.reuters.com",
    "label": "reliable"
}