{
    "url": "https://in.reuters.com/article/us-health-coronavirus-dating/love-in-the-time-of-coronavirus-around-the-world-dating-finds-a-way-idINKBN2161U6",
    "uid": "1637743150.0112684.-article-us-health-coronavirus-dating-love-in-the-time-of-coronavirus-around-the-world-dating-finds-",
    "images": [
        "https://static.reuters.com/resources/r/?m=02&d=20200319&t=2&i=1505452814&r=LYNXMPEG2I0Z8&w=800"
    ],
    "publication-date": "2020-03-19",
    "text": "SAN FRANCISCO/MADRID/BEIRUT (Reuters) - The night after Spain\u2019s government ordered a nationwide lockdown to stem the spread of coronavirus, 30-year-old Marcos got up the nerve to ask the woman he\u2019d been messaging on Tinder for three days to visit him at home.\n\nTo his surprise, she accepted. Arriving in a taxi, wearing gloves and refusing to take the elevator, she hooked up with Marcos in his apartment before insisting he call her a cab before dawn to go home.\n\n\u201cFirst time ever a girl accepts to come to my apartment for the first date,\u201d said the salesman, who Reuters agreed to identify by his first name. \u201cI guess it will be my last pickup before this all ends.\u201d\n\nAs governments invoke emergency powers to combat the coronavirus pandemic, and social distancing measures preclude meeting people in bars, cafes or restaurants, love - or at least lust - is still finding a way via dating apps.\n\nWhile some users like Marcos are meeting in person, many are romancing online because of the public health risks, often using in-app video chats.\n\n\u201cIt used to be more \u2018hey looking for a hookup\u2019 and now it\u2019s like, \u2018hey maybe after coronavirus\u2019,\u201d said one Grindr user in Beirut in his 20s, who asked not to be identified because the app has been banned in Lebanon.\n\nThere has been no meaningful change in the number of people downloading dating apps in the United States or globally, according to analytics firm Sensor Tower.\n\nBumble, a leading app, said usage had stayed steady and in line with seasonal trends, while Match Group's MTCH.O OkCupid said it had seen an increase in usage among younger daters in big cities like New York\n\n\u201cWhat we\u2019re seeing on OkCupid is a real desire to connect. As more and more folks are working from home, cancelling all social plans, not traveling, some are already feeling lonely and a bit isolated,\u201d said OkCupid marketing chief Melissa Hobley.\n\n\u201cIn many cities, coronavirus has become one of the top icebreakers in messages to matches.\u201d\n\nThere are early signs that dating apps are, however, struggling to attract new users in countries that have moved into national lockdowns, which could become increasingly common around the world.\n\nMelissa Hobley, chief marketing officer of dating app OkCupid, walks in a park in downtown Manhattan in New York City, U.S., March 17, 2020. REUTERS/Michelle Nichols\n\nInstalls of Match Group\u2019s Tinder were down 37% in Spain and 41% in Italy last week versus the previous week, according to Sensor Tower.\n\nHEALTH WARNINGS\n\nHealth concerns about daters making the leap from virtual contact to physical hookups have prompted Grindr and Tinder to issue health warnings advising users to practice safe hygiene and wash their hands.\n\nA Facebook spokeswoman said Facebook Dating was planning notifications too, although it had not started showing them yet.\n\nOK Cupid stressed that people should not meet up in person during the coronavirus outbreak, and both it and Bumble were nudging people towards video chats.\n\nIt appears some users are listening.\n\nNick, a 33-year-old creative director in New York, said he believes the experience of coronavirus is heightened for gay men with \u201cmuscle memory\u201d of the AIDS pandemic.\n\n\u201cThe temptation to spend time on these location-based hookup apps is great, but your responsibility to not meet up with strangers has never been greater,\u201d he said.\n\nDisease experts say young people with robust immune systems are least likely to die of the disease. But they have asked those in their 20s to 40s, who can still pass on the virus to others, to alter their behaviors for the good of the public.\n\n\u2018WILLING TO RISK IT\u2019\n\nNonetheless Kelsey, 29, from Connecticut, said most people she found on Tinder and Hinge still seemed open to liaisons. One man she chatted with recently wanted to meet, but his family forbade him from leaving the house. Another readily agreed.\n\n\u201cMy only reason for being on [the apps] is for hook-ups, and that hasn\u2019t changed for me. If they\u2019re willing to risk it, so am I,\u201d she said.\n\nKartika, an Indonesian student at a Hong Kong university, said she was \u201cactive as usual\u201d through the coronavirus outbreak, with one or two hook-ups a week.\n\nStashed under her dorm bed were 500 masks that her anxious parents had sent her, all unused. \u201cI\u2019m just not that worried. Most young people don\u2019t get it,\u201d the 19-year-old said.\n\nSeb, in his 30s, did not visit his family in China\u2019s central city of Wuhan, ground zero of the coronavirus epidemic, fearing stigma at work in Shanghai. But he did trust his new paramour, whom he met on Aloha, a gay dating app, even though the man was in his second day of post-travel quarantine.\n\n\u201cAs a young healthy fellow, I didn\u2019t think I\u2019d die even if I had caught the virus,\u201d said Seb, declining to give his full name.\n\nNO END-OF-DATE KISS\n\nKeith Jones, 47, was apprehensive when he went out on a first date with a woman he met on the Hinge app to a Mexican restaurant in Syracuse in upstate New York.\n\n\u201cNormally, you\u2019d hug someone to say hello, but we both hesitated,\u201d said Jones said, adding that they were careful not to drink from the same glass or share a plate, but did split a flourless chocolate torte for dessert.\n\nThere was no end-of-date kiss, Jones said, although he does have plans to see the woman again soon.\n\nJones said he expects the online dating world to change dramatically. \u201cWe are all well-versed on STDs,\u201d Jones said. \u201cNow, a sniffle or cough is a lot more frightening than it was a few months ago.\u201d\n\nFor Kellyn Bechtold, 33, a man she matched with on Bumble and met for the first time last week during a trip to Malaga, Spain is now her roommate. The two hit it off on a date, sharing potato chips and kisses. A week later, she was holed up in his apartment, breaking isolation only for a last grocery run as the military patrolled the streets to enforce lockdown orders.\n\n\u201cI met this person like a week ago,\u201d Bechtold said in a phone interview. \u201cWe\u2019re doing what people do after they\u2019ve been dating for six months or a year.\u201d",
    "title": "Love in the time of coronavirus? Around the world, dating finds a way",
    "top-image": "https://static.reuters.com/resources/r/?m=02&d=20200319&t=2&i=1505452814&r=LYNXMPEG2I0Z8&w=800",
    "df_date": 20200319,
    "source": "in.reuters.com",
    "label": "reliable"
}