{
    "url": "https://abcnews.go.com/Politics/state-governors-taking-lead-coronavirus-precautions-federal-government/story?id=69662689",
    "uid": "1637743139.6057303.-politics-state-governors-taking-lead-coronavirus-precautions-federal-government-story",
    "images": [
        "data:image/gif;base64,R0lGODlhAQABAIAAAAAAAP///yH5BAEAAAAALAAAAAABAAEAAAIBRAA7",
        "https://s.abcnews.com/images/US/coronavirus-testing-ny-gty-rc-200318_hpMain_16x9_992.jpg"
    ],
    "publication-date": null,
    "text": "As the coronavirus outbreak continues and the federal government scrambles to come up with a national plan to keep people safe, governors are stepping up.\n\nAnd health experts have said that their actions, such as shutting down business and calling for self-isolation, have proved crucial at helping contain the outbreak.\n\nGovernors of states with the most cases, such as Washington's Jay Inslee, New York's Andrew Cuomo and California's Gavin Newsom, made the right decision by enacting these policies, according to John Auerbach, CEO of Trust for America's Health, a public health advocacy group.\n\nWhat to know about Coronavirus:\n\nHow it started and how to protect yourself: Coronavirus explained\n\nWhat to do if you have symptoms: Coronavirus symptoms\n\nTracking the spread in the US and Worldwide: Coronavirus map\n\n\"Part of the reason the states and local governors have taken action is because of the recommendations from the federal government have changed rapidly,\" he said. \"They are doing the best job they can, and I think we will see the action they are taking will lead to rapid decreases in the number of cases.\"\n\nAuerbach, formerly the chair of both the Boston and Massachusetts health departments, said one of the most important actions taken by governors and other local leaders has been providing reliable information to the public.\n\nMarianne Udow-Phillips, executive director of the Center for Health and Research Transformation at the University of Michigan, said the governors' messages stick with the public in a way those from the federal government may not.\n\n\"Governors hear directly from health care providers, the local business community, school leaders and citizens at large,\" she said in an email. \"They are deeply attuned to local and statewide impacts.\"\n\nJoshua Epstein, a professor of epidemiology at the NYU School of Global Public Health, stressed that while the states are taking a lead in their regions, it's important that there be consistency with their coronavirus actions. He noted that New York, Connecticut and New Jersey's joint announcement to close non-essential stores was a smart move.\n\n\"They don't want people running across state lines to buy goods, and they've worked to keep policies the same,\" he said.\n\nEpstein added that the governors have been smart to not wait or rely on the White House for policy recommendations, because faster responses have been required.\n\n\"I'm not sure what the benefit has been at this point to communicate with the administration. They've been dismissive up until recently, and haven't stepped up,\" Epstein said.\n\nPrevious statements by the president against the governors, specifically Cuomo, Inslee and Michigan Gov. Gretchen Whitmer, have made that divide between the federal and state governments worse, according to Christina Greer, an associate professor of political science at Fordham University.\n\nPolitical bickering can frustrate citizens and prevent them from receiving useful information.\n\n\"They need to keep the public aware and what is going on. People don't need inaccurate information,\" Greer said.\n\nAlthough Cuomo fired back at Trump earlier in the week, after the president tweeted that the New York governor should \"do more,\" they apparently reached a truce Wednesday. The governor said that he's communicating with the White House and he and the president are working to come up with more concrete plans to help the state, including that the USNS Comfort, a Navy hospital ship, would be coming to New York.\n\n\"I told him, 'Look, we are fighting the same war, you have my back and I have yours,\" Cuomo said at a news conference.\n\nAuerbach said governors and state officials taking a less combative approach could pay even bigger dividends.\n\n\"In general, when responding to a pandemic, it is right to keep the eye focused on the steps necessary to protect the public and not become distracted with a political difference,\" he said.",
    "title": "State governors taking lead on coronavirus precautions as federal government works to define plan",
    "top-image": "https://s.abcnews.com/images/US/coronavirus-testing-ny-gty-rc-200318_hpMain_16x9_992.jpg",
    "df_date": 20200319,
    "source": "abcnews.go.com",
    "label": "reliable"
}