{
    "url": "https://www.nytimes.com/2020/03/19/nyregion/coronavirus-new-york-update.html",
    "uid": "1637743150.4941509.-2020-03-19-nyregion-coronavirus-new-york-update-html",
    "images": [
        "https://static01.nyt.com/images/2020/03/19/nyregion/19nyvirus-briefingNEW1/19nyvirus-briefingNEW1-facebookJumbo.jpg?year=2020&h=550&w=1050&s=855900fc5043ffa729cfac9da4fa7a3d9935202e20b597406397dc10166589a6&k=ZQJBKqZ0VN",
        "https://static01.nyt.com/images/2020/03/19/nyregion/19vid-Cuomo-still/19vid-Cuomo-still-videoSixteenByNine3000.jpg",
        "https://static01.nyt.com/images/2020/03/19/nyregion/19nyvirus-briefingNEW1/merlin_170731401_c28f73b1-be6f-4de7-8c82-c02fb79d38d7-articleLarge.jpg?quality=75&auto=webp&disable=upscale"
    ],
    "publication-date": "2020-03-19",
    "text": "Mr. Corbett said New Jersey Transit had experienced a \u201cdramatic 88 percent reduction in systemwide ridership\u201d since March 9. He said revenue had fallen in line with ridership and that the agency expected \u201cthis precipitous drop to continue\u201d as fewer riders to buy monthly passes.\n\nNew Jersey Transit\u2019s schedule changes apply only to the agency\u2019s trains and affect all lines except for the Atlantic City Rail Line, and do not affect buses or light-rail systems.\n\nOn weekdays, eight daily runs will be added to the usual weekend schedule on the Morris and Essex line between Dover and Hoboken. Service on the Gladstone branch will be unchanged.\n\nThree more correction officers test positive, officials say.\n\nThe city\u2019s Department of Correction confirmed on Thursday that two correction officers and a captain had tested positive for the coronavirus.\n\nThe announcement came a day after an inmate, a man in his 30s, at the Rikers Island jail complex tested positive, as did a correction officer who was assigned to a security checkpoint there. Eight other inmates who were in contact with the man and had shown symptoms of the virus have been placed in isolation at a Rikers hospital unit.\n\nThe mayor\u2019s office is trying to identify Rikers inmates who could be released early in hopes of stemming the virus\u2019s spread among the roughly 5,400 people in the city\u2019s custody. Mr. de Blasio said on Wednesday that inmates with underlying health conditions could be eligible.\n\nOn Thursday, the mayor said that the city had identified 40 inmates who could be released, pending the approval of other criminal justice authorities.",
    "title": "Brooklyn Count Soars, as Coronavirus Cases in N.Y.C. Near 4,000",
    "top-image": "https://static01.nyt.com/images/2020/03/19/nyregion/19nyvirus-briefingNEW1/19nyvirus-briefingNEW1-facebookJumbo.jpg?year=2020&h=550&w=1050&s=855900fc5043ffa729cfac9da4fa7a3d9935202e20b597406397dc10166589a6&k=ZQJBKqZ0VN",
    "df_date": 20200319,
    "source": "www.nytimes.com",
    "label": "reliable"
}