{
    "url": "https://www.nytimes.com/2020/03/19/us/coronavirus-quarantines-ebola.html",
    "uid": "1637743135.972222.-2020-03-19-us-coronavirus-quarantines-ebola-html",
    "images": [
        "https://static01.nyt.com/images/2020/03/19/us/19VIRUS-QUARANTINE-boyko3/19VIRUS-QUARANTINE-boyko3-facebookJumbo-v2.jpg?year=2020&h=549&w=1050&s=d18700662caa77f6379541b443912414c1b987ba9c0f834316852c64bb8b3257&k=ZQJBKqZ0VN",
        "https://static01.nyt.com/images/2020/03/19/us/19VIRUS-QUARANTINE-boyko3/merlin_170584044_b14b8980-c731-49a7-a23b-340fa6645292-articleLarge.jpg?quality=75&auto=webp&disable=upscale",
        "https://static01.nyt.com/images/2018/10/15/multimedia/author-neil-macfarquhar/author-neil-macfarquhar-thumbLarge.png",
        "https://static01.nyt.com/images/2020/03/21/autossell/HEALTH-CORONAVIRUS_USA/HEALTH-CORONAVIRUS_USA-videoSixteenByNine3000.jpg"
    ],
    "publication-date": "2020-03-19",
    "text": "In the United States, the right to quarantine individuals is most widely held by states and local governments under their \u201cpolice powers\u201d to protect public health.\n\nLaws vary by state, but generally accepted medical guidelines suggest using quarantines as a last resort, informing those under quarantine of the reasons and ensuring the right of appeal. Adequate care is also essential.\n\nEvery virus has different properties, and the coronavirus is already far more widespread than Ebola was in West Africa. At that time, given that Ebola only spreads via direct physical contact with the bodily fluids of someone infected, the Centers for Disease Control and Prevention recommended self-monitoring for the 21-day incubation period, not a quarantine.\n\nBut in October 2014, the state of Connecticut announced a mandatory quarantine as fears about the Ebola virus crested globally. \u201cEven if it was justified, which it was not, the way in which the quarantine was imposed and maintained was unlawful,\u201d said Michael J. Wishnie, also a Yale Law School professor.\n\nMr. Boyko and Laura Skrip, both graduate students at the Yale School of Public Health, went to Liberia for three weeks in September 2014 to help build a central database for the Ministry of Health. They were not exposed to any victims, but after Mr. Boyko came down with two mild fevers, both students were forced into quarantine in New Haven, Conn. \u2014 even though he tested negative for Ebola.\n\nPolice officers stationed in front of their home turned people away, although Yale sometimes interceded to deliver supplies.\n\nNathaniel Sieh, his wife, Louise Mensah-Sieh, and their four children had just arrived from Liberia when they were also quarantined for three weeks in nearby West Haven \u2014 in one room in a relative\u2019s chilly basement.",
    "title": "What the Ebola Crisis Can Teach Us About Quarantines",
    "top-image": "https://static01.nyt.com/images/2020/03/19/us/19VIRUS-QUARANTINE-boyko3/19VIRUS-QUARANTINE-boyko3-facebookJumbo-v2.jpg?year=2020&h=549&w=1050&s=d18700662caa77f6379541b443912414c1b987ba9c0f834316852c64bb8b3257&k=ZQJBKqZ0VN",
    "df_date": 20200319,
    "source": "www.nytimes.com",
    "label": "reliable"
}