{
    "url": "https://www.reuters.com/article/health-coronavirus-fund-ideabank/former-polish-regulator-urges-guarantee-fund-to-halt-demands-from-banks-idUSL8N2BC3GX",
    "uid": "1637743153.9120219.-article-health-coronavirus-fund-ideabank-former-polish-regulator-urges-guarantee-fund-to-halt-deman",
    "images": [
        "https://s1.reutersmedia.net/resources_v2/images/rcom-default.png?w=800"
    ],
    "publication-date": "2020-03-19",
    "text": "WARSAW, March 19 (Reuters) - The Polish Bank Guarantee Fund (BFG) should abstain from collecting mandatory payments from banks in order to help them strengthen their liquidity during the coronavirus epidemic, the fund\u2019s former head said on Thursday.\n\nThe fund was set up to support stability in Poland\u2019s financial system, by guaranteeing banks and credit unions deposits. It is responsible for resolutions for financial institutions at risk of bankruptcy.\n\n\u201cI don\u2019t see reasons to not to put on hold collecting payments for the resolution fund and also other payments due in the following quarters,\u201d Jerzy Pruski, who is now chief executive at Idea Bank, said during a conference call.\n\nIdea Bank is offering six-month holidays on instalment payments from next week to clients in need due to the coronavirus outbreak. The bank has about 200,000 business client borrowers.\n\nThere are 305 people infected with coronavirus in Poland, a country of 38 million. Five people have died so far.\n\nThe Polish central bank plans to hold on Thursday its first auction in which it will offer to buy back treasury bonds from commercial banks.\n\n\u201cThe fund is monitoring the situation closely and is analysing potential scenarios. We are working on a proposal for the banking sector,\u201d BFG spokesman said in an emailed response to Reuters questions.\n\nLast year the total amount of payments collected from Polish banks by the fund amounted to 2.791 billion zlotys ($659.34 million).",
    "title": "Former Polish regulator urges guarantee fund to halt demands from banks",
    "top-image": "https://s1.reutersmedia.net/resources_v2/images/rcom-default.png?w=800",
    "df_date": 20200319,
    "source": "www.reuters.com",
    "label": "reliable"
}