{
    "url": "https://uk.reuters.com/article/uk-health-coronavirus-latam-water-idUKKBN21L2VY",
    "uid": "1637679840.3540428.-article-uk-health-coronavirus-latam-water-idukkbn21l2vy",
    "images": [
        "https://static.reuters.com/resources/r/?m=02&d=20200403&t=2&i=1512049841&r=LYNXMPEG321YU&w=800"
    ],
    "publication-date": "2020-04-03",
    "text": "PORT-AU-PRINCE/HAVANA (Reuters) - Every day, Fontus Pierre Raymond wakes up at the crack of dawn to get in line to fill buckets of water at the communal tap in his densely-packed Port-au-Prince shantytown so that his mother and seven younger siblings can wash before work and school.\n\nFILE PHOTO: Yosniel Iznaga, 22, carries containers to collect water from a water truck amid concerns about the spread of the coronavirus disease (COVID-19) outbreak, in downtown Havana, Cuba, March 31, 2020. REUTERS/Stringer\n\nOften, though, it runs dry and the 24-year-old has to trudge further to a cistern with dirtier water. So he wonders how he is supposed to follow the recommended hygiene measures to stave off the deadly new coronavirus, like frequently washing hands and social distancing.\n\nMillions across Latin America face a similar dilemma. While underinvestment in infrastructure has long been a problem in certain parts of the region, the spread of the highly contagious disease makes poor access to water a matter of life or death.\n\nThe situation in Haiti, the poorest country in the Americas, is the most dire by far. Most homes do not receive piped water and rely instead on communal taps, water trucks or often contaminated springs.\n\nLess than a quarter of households have basic handwashing facilities with water and soap, according to data compiled by the United Nations.\n\n\u201cSince they announced the pandemic (in Haiti two weeks ago), the tap has had water twice,\u201d said Mimose Pierre Raymond, 44, Fontus\u2019 mother. \u201cBut we can spend weeks without water.\u201d\n\nHaiti has only confirmed 18 cases to date, but experts fear the COVID-19 respiratory disease caused by the virus would be more deadly there than other countries if it took hold given the widespread malnutrition and its overburdened healthcare system.\n\nCRUMBLING INFRASTRUCTURE\n\nWater supply coverage is, on average, better in Latin America than in Africa and Asia, according to United Nations national data, but many countries are still facing difficulties. While Haiti\u2019s water system has always been underdeveloped, that of the once-prosperous nearby Venezuela has crumbled in tandem with the economy, following years of underinvestment and widespread allegations that officials stole public funds.\n\nTheoretically, most homes in Venezuela receive piped water. In practice, the pipes often run dry.\n\n\u201cWe can spend months without (running) water,\u201d said Maria Dolores, a pensioner wearing a face mask and plastic gloves as she lined up to fill buckets with water from a street hydrant in a working-class neighborhood of Caracas.\n\nIn middle-class neighborhoods, many homes have tanks that store water when it sporadically comes in through the pipes. Even then, it often is not enough.\n\n\u201cI have a tank at home that holds 500 to 600 liters and already that\u2019s not enough when there\u2019s no running water for three weeks,\u201d said Ivan Mersly, filling up containers with water at a local cistern and carrying it home on a skateboard.\n\nMeanwhile in Communist-run Cuba, authorities say below-average rains this year are exacerbating existing water supply problems such as leaks that cause it to lose as much as 50 percent of the water pumped from its reservoirs.\n\nAround half a million residents are facing challenges in water supply, with Havana particularly affected, said Antonio Rodr\u00edguez, the head of the Cuban National Institute of Hydraulic Resources, last month in a televised roundtable on coronavirus prevention preparedness.\n\nSome countries are innovating stop-gap measures to alleviate their water woes in view of the pandemic.\n\nCash-strapped Haitian authorities have installed some handwashing points in public squares, markets and state institutions, although many neighborhoods like Pierre Raymond\u2019s have to rely on private initiatives.\n\n\u201cThe government is responsible but has not done one here so I did one,\u201d said community leader Ralph Apollon who has installed a tank with chlorinated water on the side of his house so his neighbors can wash their hands.\n\nOther countries like Cuba, which has confirmed 269 cases of the new virus so far, say they are speeding up planned infrastructure projects like the installation of desalination plants. Yet locals fear that will take time.\n\n\u201cI\u2019m really worried,\u201d said Jose Raul Fernandez, 46, an electrician who lives in Center Havana. \u201cAuthorities are asking us to follow hygiene measures due to the coronavirus, but without sufficient water, it\u2019s just impossible.\u201d",
    "title": "In parts of Latin America, water shortages undermine battle with coronavirus",
    "top-image": "https://static.reuters.com/resources/r/?m=02&d=20200403&t=2&i=1512049841&r=LYNXMPEG321YU&w=800",
    "df_date": 20200407,
    "source": "uk.reuters.com",
    "label": "reliable"
}