{
    "url": "https://www.reuters.com/article/health-coronavirus-dubai/dubai-extends-closure-of-commercial-activities-until-april-18-idUSD5N2BJ01G",
    "uid": "1637679806.8185742.-article-health-coronavirus-dubai-dubai-extends-closure-of-commercial-activities-until-april-18-idus",
    "images": [
        "https://s1.reutersmedia.net/resources_v2/images/rcom-default.png?w=800"
    ],
    "publication-date": "2020-04-07",
    "text": "DUBAI, April 7 (Reuters) - Dubai, the commercial hub of the United Arab Emirates, has extended the closure of commercial activities until April 18 as part of efforts to contain coronavirus, the Dubai Economic Department said in a statement on Twitter.\n\nDuring this period, sectors exempted from the lockdown will operate as usual, the statement said.\n\nDubai announced a two-week lockdown starting on April 4 at 8 p.m. (1600 GMT) to disinfect the emirate and contain the coronavirus.",
    "title": "Dubai extends closure of commercial activities until April 18",
    "top-image": "https://s1.reutersmedia.net/resources_v2/images/rcom-default.png?w=800",
    "df_date": 20200407,
    "source": "www.reuters.com",
    "label": "reliable"
}