{
    "url": "https://in.reuters.com/article/us-health-coronavirus-india-drugs/india-allows-limited-exports-of-anti-malaria-drug-after-trump-warns-of-retaliation-idINKBN21O34B",
    "uid": "1637679810.922646.-article-us-health-coronavirus-india-drugs-india-allows-limited-exports-of-anti-malaria-drug-after-t",
    "images": [
        "https://static.reuters.com/resources/r/?m=02&d=20200407&t=2&i=1513480910&r=LYNXMPEG360GP&w=800"
    ],
    "publication-date": "2020-04-06",
    "text": "NEW DELHI (Reuters) - India, the world\u2019s main supplier of generic drugs, said on Tuesday it will allow limited exports of the anti-malaria drug hydroxychloroquine that U.S. President Donald Trump has touted as a potential weapon in the fight against the coronavirus.\n\nU.S. President Donald Trump addresses the daily coronavirus task force briefing at the White House in Washington, U.S., April 6, 2020. REUTERS/Kevin Lamarque\n\nThe Indian government had put a hold on exports of hydroxychloroquine as well as on the pain reliever, paracetamol, saying stocks were depleting because of the hit to global supply chains after the coronavirus emerged in China late last year.\n\nBut Trump spoke to Prime Minister Narendra Modi over the weekend seeking supplies and on Monday said India may face retaliation if it didn\u2019t withdraw the ban on exports.\n\nIndia\u2019s neighbours, including Nepal, have also sought the anti-malaria drug.\n\n\u201cIt has been decided that India would licence paracetamol and HCQ in appropriate quantities to all our neighbouring countries who are dependent on our capabilities,\u201d said Indian foreign ministry spokesman Anurag Srivastava.\n\n\u201cWe will also be supplying these essential drugs to some nations who have been particularly badly affected by the pandemic,\u201d he said.\n\nUse of hydroxychloroquine has soared as the United States has quickly become the epicentre of the pandemic, though doctors prescribing it have no idea whether it works.\n\nU.S. fatalities from COVID-19, the respiratory disease caused by the virus, hit 10,902 on Monday, rapidly closing in on Italy and Spain, the countries with the greatest loss of life to date, according to a Reuters tally of official data.\n\nIn addition, the Indian government said it was lifting curbs on the export of 24 pharmaceutical ingredients and medicines made from them that includes several antibiotics, such as tinidazole and erythromycin, the hormone progesterone and Vitamin B12.\n\n\u201cAfter having confirmed the availability of medicines for all possible contingencies currently envisaged, these restrictions have been largely lifted, \u201d foreign ministry spokesman Srivastava said.",
    "title": "India allows limited exports of anti-malaria drug after Trump warns of retaliation",
    "top-image": "https://static.reuters.com/resources/r/?m=02&d=20200407&t=2&i=1513480910&r=LYNXMPEG360GP&w=800",
    "df_date": 20200407,
    "source": "in.reuters.com",
    "label": "reliable"
}