{
    "url": "https://in.reuters.com/in.reuters.com/article/us-health-coronavirus-results-breakingvi/breakingviews-cox-how-long-can-you-last-in-this-environment-idINKBN21P1X0",
    "uid": "1637679854.9135427.-in-reuters-com-article-us-health-coronavirus-results-breakingvi-breakingviews-cox-how-long-can-you-",
    "images": [
        "https://static.reuters.com/resources/r/?m=02&d=20200407&t=2&i=1513577566&r=LYNXMPEG3617P&w=800"
    ],
    "publication-date": "2020-04-07",
    "text": "ZURICH (Reuters Breakingviews) - A meme circulated on Twitter recently suggesting that companies suffering from the global pandemic will trot out a new performance metric: EBITDAC, for earnings before interest, tax, depreciation, amortisation and coronavirus. It\u2019s apparently not a joke. Some companies are tweaking their figures to avoid triggering defaults on loans, Refinitiv LPC reported last month.\n\nTeam member Louisa Manz sits at the closed cooperative bar \"Trink-Genosse\" and joins a video team meeting at a virtual bar that was created by the cooperative after the opening of the new pub has been postponed due to the coronavirus disease (COVID-19) outbreak, in Cologne, Germany, April 3, 2020.\n\nWhen it comes to communicating with the broader world, they shouldn\u2019t bother. There is only one question that corporate executives need to answer when they start releasing quarterly earnings, penning their yearly letters to shareholders and holding their virtual annual meetings in coming weeks: How long can you last in this environment? Everything else is secondary. Cash, in this respect, is the solitary king of all metrics.\n\nThere are, of course, other considerations beyond the narrow interests of shareholders and bondholders. Employee welfare comes first, followed by treatment of customers and suppliers. Companies can enumerate on how they\u2019re pitching in \u2013 converting Pernod Ricard distilleries to make hand sanitiser, building ventilator parts in a Ferrari factory, or relaxing repayment schedules for Citigroup borrowers. This is the moment when CEOs who pontificated on stakeholder capitalism at Davos in January can make good on their commitment to a higher purpose.\n\nThere are several things companies should avoid when releasing their quarterly updates or introductions to the 2019 annual report. Gloating about results before the pandemic hit is out. Unless they are epidemiologists with PhD\u2019s in viral pandemics (there may be one or two) or they lived through the 1918 Spanish influenza, CEOs should not be predicting the course of the crisis. Nor should they whine about anything. There will be time for reckoning when the danger has passed.\n\nThe thousands of companies prepping first-quarter statements with the advice of high-priced consultants and internal public relations departments do have a few good examples from which they can draw some pointers. A week ago, BlackRock\u2019s Larry Fink set the sombre mood music with his annual missive. JPMorgan boss Jamie Dimon\u2019s letter to shareholders published on Monday was, as my colleague Antony Currie described it \u201cone of his best \u2013 and most useful\u201d.\n\nBrookfield Asset Management CEO Bruce Flatt, whose letter was one of the first out of the gate on March 23, went straight to the questions of highest import to shareholders. In bullet point form he spelled out that the company has $12 billion of credit lines from banks, $5 billion of liquid assets, a small debt load and no pending transactions hung in the balance. Given that he was writing before the body bags were being stockpiled in Brooklyn hospitals, Flatt can perhaps be forgiven for focusing on Brookfield\u2019s dollars and cents over broader social considerations. Investors who believed him when he said \u201cwe are in very good shape\u201d would have already seen a 43% return in the stock price.\n\nThese antecedents provide a useful roadmap for the wave of companies to come. Given the human toll the disease is taking and the economic pain that many are enduring, it\u2019s important to acknowledge the suffering. Dimon\u2019s second sentence sums it up: \u201cOur thoughts remain with the communities and individuals, including healthcare workers and first responders, most deeply hit by the Covid-19 crisis\u201d.\n\nRemember that nobody gives a toss about how the company did in the pre-virus era. As Jefferies Financial, an aggressive Wall Street investment bank whose quarter ended in February and whose chief financial officer tragically died of complications related to Covid-19, made clear: \u201cour all-time record quarterly results are all but ancient history\u201d.\n\nThen it\u2019s about the money \u2013 specifically the cash on hand. Jefferies, for instance, touted its large liquidity buffer of $6.4 billion of cash and unencumbered liquid collateral, representing 14% of its total balance sheet. It also explained that assets worth just $346 million, out of a total of $46 billion, had the riskiest Level 3 designation.\n\nDimon went a step further by detailing how a worse-case scenario in which the American economy shrinks by a third and the jobless rate spikes to 14% would impact the bank. In those circumstances, which Dimon called \u201cquite severe\u201d, JPMorgan would end the year with $170 billion of common equity Tier 1 capital but would have to consider suspending dividend payments. There\u2019s nothing ambiguous about that scenario.\n\nFor industrial companies and those that depend on consumer demand, and which don\u2019t go through the regular stress tests that banks perform for their regulators, scenario planning will be more complicated. But they will have a good month\u2019s worth of lockdown experience from which to draw some conclusions about what it will take to keep the lights on under current conditions, and what measures they are taking to reduce operating costs. That is why the amount of cash they have at their disposal will be critical.\n\nIn addition to giving a current picture on the state of their balance sheets, they should also offer some colour on how their lenders are, or are not, helping them through this period. Unlike the last crisis, financial institutions can legitimately argue they are helpers, not originators of trouble. Their clients need to hold them to this higher standard.\n\nFirms which are continuing to buy back stock should also explain their rationale with great clarity. Ditto for dividends, which at least in the United States make up a smaller share of capital returns. In Europe, most big banks and insurers have been subject to regulatory edicts to conserve cash. But a few are going ahead with payouts to shareholders, including Swiss banks led by UBS. Their CEOs need to make the case for doing so in case they need to ask for capital down the road.\n\nWhatever numbers companies decide to emphasise, they must not be too clever or overconfident. Survival is all that matters, not just to shareholders, but to employees. Explaining what is being done to keep workers productive, healthy and simply employed, is key. Because when the fever breaks, and the world returns to a new normal, those companies that treated their people to the best of their ability should be able to attract top talent at the expense of those who did not.",
    "title": "Breakingviews - Cox: How long can you last in this environment?",
    "top-image": "https://static.reuters.com/resources/r/?m=02&d=20200407&t=2&i=1513577566&r=LYNXMPEG3617P&w=800",
    "df_date": 20200407,
    "source": "in.reuters.com",
    "label": "reliable"
}