{
    "url": "https://nypost.com/2020/04/07/fda-approves-first-us-trial-of-flu-drug-for-coronavirus/",
    "uid": "1637679917.8169315.-2020-04-07-fda-approves-first-us-trial-of-flu-drug-for-coronavirus-",
    "images": [
        "//googleads.g.doubleclick.net/pagead/viewthroughconversion/988380111/?value=0&guid=ON&script=0",
        "https://nypost.com/wp-content/uploads/sites/2/2021/11/lady-gaga-gained-weight-gucci-04.jpg?quality=90&strip=all&w=260",
        "https://nypost.com/wp-content/uploads/sites/2/2020/03/shutterstock_1668246580.jpg?quality=90&strip=all&w=389",
        "https://nypost.com/wp-content/uploads/sites/2/2021/11/shabazz.jpg?quality=90&strip=all&w=260",
        "https://nypost.com/wp-content/uploads/sites/2/2021/11/joe-judge-jason-garrett-giants.jpg?quality=90&strip=all&w=260",
        "https://nypost.com/wp-content/uploads/sites/2/2020/04/avigan-anti-flu-01.jpg?quality=90&strip=all&w=1024",
        "https://sb.scorecardresearch.com/p?c1=2&c2=6390601&cj=1&cv=3.6",
        "https://nypost.com/wp-content/mu-plugins/jetpack-9.8/modules/sharedaddy/images/loading.gif",
        "https://nypost.com/wp-content/uploads/sites/2/2020/04/avigan-anti-flu-01.jpg?quality=90&strip=all&w=744",
        "https://nypost.com/wp-content/uploads/sites/2/2021/11/wwe-comp.jpg?quality=90&strip=all&w=260",
        "https://cf-images.us-east-1.prod.boltdns.net/v1/static/4137224153001/85aa10bc-73b6-4692-a20c-9a6c67801575/5b47e5a2-c110-4cf7-9c3c-ecc4b9644cad/1280x720/match/image.jpg",
        "https://nypost.com/wp-content/mu-plugins/vip-helpers/images/vip-powered-dark-small.png"
    ],
    "publication-date": "2020-04-07",
    "text": "Sign up for our special edition newsletter to get a daily update on the coronavirus pandemic.\n\nThe US Food and Drug Administration has given the green light for the country\u2019s first clinical trial of a Japanese flu drug that could be used to treat the coronavirus, according to a report.\n\nThree Massachusetts hospitals were granted approval Tuesday to launch small trials of the antiviral drug favipiravir, a doctor involved in the efforts told the Boston Globe.\n\nThe drug, also known by the brand name Avigan, was hailed by Chinese health officials as \u201cclearly effective\u201d when used on 340 patients in trials there that showed reduced recovery time and improved lung function.\n\nThe patients given the drug in the Chinese city of Shenzhen tested negative for the virus with a median of four days after becoming positive \u2014 much lower than the average of 11 days for those who were not given the medicine, according to the Guardian.\n\nThe US trials \u2014 which will take place at Massachusetts General Hospital, Brigham and Women\u2019s Hospital, and UMass Memorial Health Care in Worcester \u2014 would involve around 50 or 60 patients with COVID-19, the Globe reported.\n\nResearchers would give one group the drug along with care typical for coronavirus patients, while the control group would only receive the normal standard of treatment, sources told the newspaper.\n\nDr. Keith T. Flaherty of Massachusetts General Hospital said the favipiravir study was among the more promising of around 30 clinical trials considered by the hospital.\n\n\u201cWe have to prioritize, and this absolutely rose to the top,\u201d Flaherty told the outlet.",
    "title": "US trial of Japanese flu drug for coronavirus gets green light",
    "top-image": "https://nypost.com/wp-content/uploads/sites/2/2020/04/avigan-anti-flu-01.jpg?quality=90&strip=all&w=1024",
    "df_date": 20200407,
    "source": "nypost.com",
    "label": "reliable"
}