{
    "url": "https://www.telegraphindia.com/world/coronavirus-outbreak-governors-says-outbreak-in-plateau-stage/cid/1763003",
    "uid": "1637679930.572063.-world-coronavirus-outbreak-governors-says-outbreak-in-plateau-stage-cid-1763003",
    "images": [
        "https://assets.telegraphindia.com/telegraph/dc38ea27-8d7e-4fe1-90b7-3f67e0c72e35.jpg",
        "/assets/images/tt_online_logo.png?v=1",
        "/assets/images/play.png",
        "/assets/images/p.png",
        "/assets/images/white_dot.png",
        "/assets/images/istore.png",
        "https://assets.telegraphindia.com/telegraph/2021/Nov/1637051379_banner_tted_tt_desktop_363x363.png",
        "/assets/images/blue_dot.png"
    ],
    "publication-date": null,
    "text": "Although coronavirus cases and deaths continued to mount, the governors cited data suggesting the rates of growth and hospitalisations were slowing, possibly signaling a peak was at hand in three US epicentres of the pandemic.\n\nThe governors of New York, New Jersey and Louisiana pointed to tentative signs on Monday that the coronavirus outbreak may be starting to plateau in their states but warned against complacency as the death toll nationwide approached 11,000.\n\nNew York governor Andrew Cuomo said statewide deaths from Covid-19, the highly contagious respiratory illness caused by the virus, were up 599 from Sunday, on par with an increase of 594 during the previous 24 hours and 630 on Friday.\n\nThe state\u2019s overall tally of confirmed cases grew by 7 per cent from the previous day to 130,680. But hospitalisations, admissions to intensive care units and the number of patients put on ventilator machines to keep them breathing had all declined, Cuomo said.\n\n\u201cWhile none of this is good news, the possible flattening of the curve is better than the increases that we have seen,\u201d Cuomo told a daily briefing, referring to the trend line formed when infections, deaths and other data are plotted on a graph. \u201cIf we are plateauing, we are plateauing at a high level.\u201d\n\nFor doctors, nurses and emergency personnel in the trenches of the unprecedented public health crisis \u2014 many still coping with scarcities of protective garments and other supplies \u2014 the pace of their work remained unrelenting.\n\n\u201cYesterday, I worked 16 hours and I had 13 cardiac arrests, and that's a lot of death,\u201d New York Fire Department Lieutenant Anthony Almojera, a paramedic, told Reuters on Monday.\n\n\u201cI don\u2019t know if any of us would ever be the same after this.\u201d\n\nNew York City accounts for two thirds of nearly 4,800 deaths in New York state, which in turn represents about 45 per cent of the nation's total loss of life to date.\n\nIn neighbouring New Jersey, the state with the second-highest number of cases and deaths, Governor Phil Murphy cited a 12 per cent day-to-day growth rate in confirmed positive cases on Monday, half the rate from March 30.\n\n\u201cOur efforts to flatten the curve are starting to pay off,\u201d he said, but warned that a relaxing social-distancing rules would trigger a renewed surge in cases that could yet overwhelm the healthcare system.\n\nLouisiana governor John Bel Edwards likewise expressed cautious optimism about efforts to contain transmission of the virus in his state, also among the hardest hit.\n\n\u201cNew hospital admissions are trending downward,\u201d he told a news conference. \u201cBut this will only become a trend if we keep mitigation efforts up.\u201d\n\nThe rates of increase also appeared to be easing in Connecticut, where governor Ned Lamont said, \u201cOur healthcare system is bending but not breaking.\u201d\n\nIn a glimmer of hope for the country as a whole, the latest research model from the University of Washington \u2014one of several cited by leading health authorities \u2014 forecast 81,766 US coronavirus fatalities by August 4, down about 12,000 from a weekend projection.\n\nWhite House medical experts have forecast that between 100,000 to 240,000 American lives may be lost in the pandemic, even if sweeping stay-at-home orders are heeded.\n\nThe tentative signs of progress sent US stocks up sharply, with all major indexes closing at least 7 per cent higher on the day. Despite Monday\u2019s bounce, the broad-based S&P 500 remained down more than 21 per cent from its February 19 peak, compared with its March low, when it was off 30 percent from its apex.\n\nCiting the dire needs of New York and elsewhere, California governor Gavin Newsom said his state would loan 500 of its ventilators to the largely depleted Strategic National Stockpile of medical equipment.\n\nCalifornia still faces a projected ventilator shortage of its own next month, but Newsom said his state had enough to spare for the time being.",
    "title": "Coronavirus outbreak: Governors says Outbreak in plateau stage",
    "top-image": "https://assets.telegraphindia.com/telegraph/dc38ea27-8d7e-4fe1-90b7-3f67e0c72e35.jpg",
    "df_date": 20200407,
    "source": "www.telegraphindia.com",
    "label": "reliable"
}