{
    "url": "https://uk.reuters.com/article/uk-usa-election/long-lines-face-masks-in-wisconsin-as-voters-head-to-polls-despite-coronavirus-idUKKBN21P1AQ",
    "uid": "1637679850.5714793.-article-uk-usa-election-long-lines-face-masks-in-wisconsin-as-voters-head-to-polls-despite-coronavi",
    "images": [
        "https://static.reuters.com/resources/r/?m=02&d=20200407&t=2&i=1513632211&r=LYNXMPEG361P8&w=800"
    ],
    "publication-date": "2020-04-07",
    "text": "MILWAUKEE (Reuters) - Despite a last-minute court battle and a stay-at-home order, thousands of Wisconsin voters on Tuesday braved the coronavirus outbreak to wait 6 feet (1.8 m) apart in lines for hours and cast ballots in the state\u2019s presidential primary and local elections.\n\nCherie Link, a candidate for Wisconsin State Senate and a poll worker at Somerset Village Hall disinfects a work station during the presidential primary election held amid the coronavirus disease (COVID-19) outbreak in Somerset, Wisconsin, U.S. April 7, 2020. REUTERS/Nick Pfosi\n\nSome Wisconsinites who had requested absentee ballots said they never received them, forcing them to choose between risking their health to cast a ballot in person or forgoing their right to vote.\n\nThe confusion and frustration among the Midwestern state\u2019s residents - as well as the 11th-hour legal wrangling over whether to hold the election during a public health emergency - served as a sobering preview of what may await other states, or the country as a whole, if the pandemic persists.\n\nThe general election that will determine the next president - Republican President Donald Trump or a Democratic challenger - is scheduled for Nov. 3.\n\nIn Wisconsin, more than half of municipalities reported shortages of poll workers, prompting the state to call up 2,400 National Guard troops to assist.\n\nOutside Riverside High School in Milwaukee - where officials closed all but five of the city\u2019s 180 voting sites for a lack of poll workers - masked voters stood in a line that stretched for several blocks.\n\nIn Green Bay, poll workers sat behind Plexiglas barriers. In Madison, election officials urged voters to bring their own pens - black or blue ballpoint, if possible, because other colors or types of ink could flummox ballot-counting machines.\n\nMore than a dozen states have postponed nominating elections in the face of the COVID-19 pandemic, which has transformed Americans\u2019 daily lives.\n\nOn Monday, Wisconsin\u2019s Democratic governor, Tony Evers, ordered the election postponed until June despite having previously said he lacked the authority to do so. But the state Supreme Court reversed his order in a ruling late on Monday after Republican legislative leaders challenged Evers\u2019 decision.\n\nSlideshow ( 12 images )\n\nSeparately, in another Republican challenge, the U.S. Supreme Court on Monday overturned a federal judge\u2019s decision extending absentee voting for six days, instead ruling all ballots had to be postmarked by Tuesday.\n\nThat decision forced Jennifer Archer, 35, to don a mask and gloves and head to the polls in Milwaukee after her absentee ballot did not show up.\n\n\u201cI know several people who also never got their ballots,\u201d she said. \u201cThey had the option of coming out and hoping for the best, or sit this election out, but I didn\u2019t see that as an option.\u201d\n\nOthers were not able to vote at all. Green Bay Mayor Eric Genrich said in a phone interview that his wife, who is immunocomprised, never got her absentee ballot and could not risk voting in person.\n\nHannah Gleeson, a 34-year-old healthcare worker who is 17 weeks pregnant, recently tested positive for the coronavirus. She is self-quarantining at home and last week requested an absentee ballot that has yet to arrive.\n\n\u201cI don\u2019t, at this point, have a way to vote. It\u2019s really despicable and voter suppression at its finest,\u201d she said.\n\nState records showed around 9,400 ballots had not been mailed as of Tuesday morning.\n\n\u201cFrustrating doesn\u2019t even begin to cover it,\u201d Satya Rhodes-Conway, Madison\u2019s Democratic mayor, said in an interview. \u201cThe fact that the legislature has refused to take any action is just reprehensible.\u201d\n\nShe said Madison opened 66 of its 92 normal polling sites after recruiting 1,400 replacement poll workers. The city shifted dozens of employees to the clerk\u2019s office from other departments in recent weeks to help prepare for the election.\n\n\u2018DRIVE-THROUGH\u2019 VOTING\n\nThe legal maneuvering over the election overshadowed Wisconsin\u2019s Democratic presidential primary, the first nominating contest since March 17 in the race to pick a challenger to Trump.\n\nFormer Vice President Joe Biden holds a commanding lead over rival U.S. Senator Bernie Sanders. The pandemic has forced both candidates off the campaign trail.\n\nWisconsin election results will not be released until next Monday, the deadline for absentee ballots postmarked by Tuesday to be received.\n\nKristen Clarke, president of the Lawyers\u2019 Committee for Civil Rights Under Law in Washington, said Tuesday\u2019s crowded polling sites were particularly risky for African-American voters, who are already seeing a higher incidence of coronavirus infections and fatality rates in Milwaukee, according to public health data.\n\nSome cities resorted to \u201cdrive-through\u201d voting. In Beloit, poll workers brought ballots to drivers\u2019 windows to be completed.\n\nIn the village of Somerset, clerk Felicia Germaine said turnout appeared to be lower than usual. Strips of tape on the ground helped voters maintain distance.\n\n\u201cIt\u2019s almost like a big game of adult hopscotch,\u201d said Cherie Link, a candidate for the state Senate this autumn who volunteered as a poll worker on Tuesday.",
    "title": "Long lines and frustration as Wisconsinites vote during coronavirus pandemic",
    "top-image": "https://static.reuters.com/resources/r/?m=02&d=20200407&t=2&i=1513632211&r=LYNXMPEG361P8&w=800",
    "df_date": 20200407,
    "source": "uk.reuters.com",
    "label": "reliable"
}