{
    "url": "https://uk.reuters.com/article/uk-health-coronavirus-usa-navy/u-s-house-chairman-wants-navy-leaders-removal-despite-apology-idUKKBN21P32X",
    "uid": "1637679892.3962104.-article-uk-health-coronavirus-usa-navy-u-s-house-chairman-wants-navy-leaders-removal-despite-apolog",
    "images": [
        "https://static.reuters.com/resources/r/?m=02&d=20200407&t=2&i=1513708480&r=LYNXMPEG3625A&w=800"
    ],
    "publication-date": "2020-04-07",
    "text": "WASHINGTON (Reuters) - Acting Navy Secretary Thomas Modly resigned on Tuesday after he faced mounting backlash for firing and ridiculing the commander of a U.S. aircraft carrier who pleaded for help stemming a coronavirus outbreak onboard.\n\nModly\u2019s resignation highlighted the U.S. military\u2019s struggle to meet increasingly competing priorities: maintaining readiness for conflict and safeguarding servicemembers as the virus spreads globally.\n\nThe episode deepened upheaval in Navy leadership. The Navy\u2019s last secretary was fired in November over his handling of the case of a Navy SEAL convicted of battlefield misconduct. The Navy SEAL had won the support of President Donald Trump.\n\nU.S. Defense Secretary Mark Esper announced Modly\u2019s resignation on Twitter, saying the Navy\u2019s top civilian had \u201cresigned of his own accord.\u201d Trump concurred, saying it was a selfless act and adding he had nothing to do with it.\n\n\u201cThe whole thing was \u2026 very unfortunate,\u201d Trump said at the White House.\n\nModly\u2019s resignation occurred only after mounting pressure from Congress and a backlash from the crew, and followed Trump\u2019s own suggestion on Monday that he might get involved in the crisis -- saying the Navy captain whom Modly fired was also a good man.\n\n\u201cI briefed President Trump after my conversation with Secretary Modly,\u201d Esper said, as he named an Army Undersecretary Jim McPherson to replace Modly as acting Navy secretary.\n\nIn a note to sailors, Modly said he took responsibility for events over the past few days.\n\n\u201cIt is not just missiles that can take us down, words can do it too, if we aren\u2019t careful with how and when we use them,\u201d Modly said.\n\nFILE PHOTO: Acting Secretary of the Navy Thomas Modly, testifies to the Senate Armed Services Committee during a hearing examining military housing on Capitol Hill in Washington, U.S., December 3, 2019. REUTERS/Joshua Roberts\n\n\u201cIt\u2019s my fault. I own it.\u201d\n\nCaptain Brett Crozier, whom Modly relieved of command last week, favored more dramatic steps to safeguard his sailors aboard the Theodore Roosevelt in a four-page letter that leaked to the public last week.\n\nWhen Modly fired him over the leak, his crew hailed Crozier as a hero and gave him a rousing sendoff captured on video, apparently upsetting Modly and leading the Navy\u2019s top civilian to fly to Guam to castigate the captain in a speech to the crew on Monday.\n\nModly questioned Crozier\u2019s character, saying at one point he was either \u201cstupid\u201d or \u201cnaive.\u201d After audio of his speech leaked, including expletives, Modly initially stood by his remarks. But later, at Esper\u2019s request, he issued an apology.\n\nTrump appeared to take Modly\u2019s side, saying Crozier had erred with the letter.\n\n\u201cThe captain should not have written a letter. He didn\u2019t have to be Ernest Hemingway. He made a mistake, but he had a bad day,\u201d Trump told a news briefing.\n\n\u2018NOBODY IS GOING TO FORGET\u2019\n\nBut the apology was not enough to satisfy critics, who were calling for his resignation.\n\nU.S. House of Representatives Speaker Nancy Pelosi added her voice to calls for Modly\u2019s removal.\n\n\u201cSadly, Acting Secretary Modly\u2019s actions and words demonstrate his failure to prioritize the force protection of our troops,\u201d Pelosi said in a statement.\n\nA fellow Democrat, House Armed Services Committee Chairman Adam Smith, had already called for Modly\u2019s removal.\n\nModly\u2019s apology also did little to mollify the crew on the carrier.\n\n\u201cHe said what he said and nobody is going to forget it,\u201d a sailor on the carrier told Reuters.\n\nModly made the trip to Guam against the advice of his aides, doubling down on his decision to fire Crozier despite warnings that his trip might make the situation worse.\n\nAs of Tuesday, 230 of about 5,000 personnel on the Theodore Roosevelt have tested positive for the coronavirus. Navy officials say that sailors on a number of other ships have tested positive too.\n\nThe crisis is the biggest facing Navy leadership since two crashes in the Asia Pacific region in 2017 that killed 17 sailors. Those incidents raised questions about Navy training and the pace of operations, prompting a congressional hearing and the removal of a number of officers.\n\nThe Republican who leads the Senate Armed Service Committee, Senator Jim Inhofe, said he was concerned about the turmoil in the Navy.\n\n\u201cIn this difficult time, the Navy needs leaders now more than ever who can provide continuity and steady, insightful leadership,\u201d he said.",
    "title": "'I own it:' U.S. Navy secretary resigns over handling of coronavirus-hit carrier",
    "top-image": "https://static.reuters.com/resources/r/?m=02&d=20200407&t=2&i=1513708480&r=LYNXMPEG3625A&w=800",
    "df_date": 20200407,
    "source": "uk.reuters.com",
    "label": "reliable"
}