{
    "url": "https://nypost.com/2020/04/07/scores-of-probable-coronavirus-deaths-are-not-being-counted-by-the-city/",
    "uid": "1637679927.8681839.-2020-04-07-scores-of-probable-coronavirus-deaths-are-not-being-counted-by-the-city-",
    "images": [
        "https://nypost.com/wp-content/uploads/sites/2/2020/04/hospital-body.jpg?quality=90&strip=all&w=744",
        "//googleads.g.doubleclick.net/pagead/viewthroughconversion/988380111/?value=0&guid=ON&script=0",
        "https://nypost.com/wp-content/uploads/sites/2/2021/11/lady-gaga-gained-weight-gucci-04.jpg?quality=90&strip=all&w=260",
        "https://nypost.com/wp-content/uploads/sites/2/2021/11/shabazz.jpg?quality=90&strip=all&w=260",
        "https://nypost.com/wp-content/uploads/sites/2/2021/11/joe-judge-jason-garrett-giants.jpg?quality=90&strip=all&w=260",
        "https://sb.scorecardresearch.com/p?c1=2&c2=6390601&cj=1&cv=3.6",
        "https://nypost.com/wp-content/mu-plugins/jetpack-9.8/modules/sharedaddy/images/loading.gif",
        "https://nypost.com/wp-content/uploads/sites/2/2020/04/diary-of-a-midwest-nurse.jpg?quality=90&strip=all&w=389",
        "https://nypost.com/wp-content/uploads/sites/2/2021/11/wwe-comp.jpg?quality=90&strip=all&w=260",
        "https://nypost.com/wp-content/uploads/sites/2/2020/04/hospital-body.jpg?quality=90&strip=all&w=1024",
        "https://cf-images.us-east-1.prod.boltdns.net/v1/static/4137224153001/85aa10bc-73b6-4692-a20c-9a6c67801575/5b47e5a2-c110-4cf7-9c3c-ecc4b9644cad/1280x720/match/image.jpg",
        "https://nypost.com/wp-content/mu-plugins/vip-helpers/images/vip-powered-dark-small.png",
        "https://nypost.com/wp-content/uploads/sites/2/2020/04/coronavirus-death-toll-nyc-1.jpg?quality=90&strip=all&w=389"
    ],
    "publication-date": "2020-04-07",
    "text": "Photo by Richard Harbus for the New York Post\n\nDozens \u2014 if not hundreds \u2014 of coronavirus deaths in New York City will not be included in the Big Apple\u2019s grim tally, because victims died at home without being tested, The Post has learned.\n\nLuciano Todman \u2014 a 28-year-old with no underlying symptoms \u2014 died early on March 29 in his Bronx apartment after days of diarrhea, vomiting, difficulty breathing, his mother told first responders, according to police sources.\n\nIn Flushing, 80-year-old Ho Louie was sent home from the hospital, where his doctor said it would be safer, after four days fighting coronavirus-like symptoms. He died on April 1 just before 11 a.m., sources said.\n\nAnother Queens man was found unresponsive in his apartment on April 3, according to sources. The 50-year-old Thokmey Thokmey had tried a few days earlier to get tested but was turned away at the hospital after it ran out of tests.\n\nTodman, Thokmey and Louie are among the 80 death investigations involving people who showed signs of the pandemic COVID-19 between March 22 and Tuesday, according to more than 100 cases reviewed by The Post.\n\nNone of those cases, though, were included in the total count of New Yorkers claimed by coronavirus because they weren\u2019t tested before dying.\n\nAnd those are number only come from calls cops responded to.\n\nAt the same time, city paramedics were answering hundreds of more calls for cardiac arrest that include COVID-19 symptoms \u2014 with the death count worse than \u201cwartime.\u201d\n\n\u201cOut of the 12 [cardiac cases], I did on Sunday 10 had COVID symptoms. Flu-like symptoms, cough, etc. Nobody made it back. That\u2019s going on all over the city,\u201d said Anthony Almojera, vice president of FDNY, EMS union local 3621.\n\n\u201cThere\u2019s gotta be 200 a day\u2026 obviously are not all COVID, but they aren\u2019t being tested,\u201d he said.\n\nThe FDNY confirmed that paramedics are seeing more than 300 calls for cardiac arrest with \u201cwell over\u201d 200 people dying each day. Typically paramedics would deal with around two dozen deaths on around 54 to 74 cardiac arrest calls.\n\nOn Sunday alone, EMS responded to 322 calls \u2014 but only 81 survived.\n\nA total 2,192 people died during similar calls between March 20 and April 5 \u2014 compared to 453 during the same time last year.\n\n\u201cObviously we deal with death but not on this level,\u201d Almojera said. \u201cIt\u2019s crazy.\u201d\n\nNew York City\u2019s death toll \u2014 which surged past 3,000 on Tuesday \u2014 only includes the number of confirmed cases. The city does not test people for the disease after they\u2019ve died \u2014 even if they end up in the Medical Examiner\u2019s Office after fighting coronavirus-like symptoms.\n\nThe OCME has reported these deaths to the Health Department as \u201cprobable\u201d but it was unknown how many of these cases were, and the city wouldn\u2019t say whether bodies were being tested when The Post asked two weeks ago. The OCME confirmed to WNYC that bodies were not being tested.\n\nIn at least two cases the police responded to, a medical examiner released the bodies directly to the funeral home, cop sources said.\n\nAlmojera said EMS has had a number of similar cases where the bodies skipped the city morgue.\n\nA spokeswoman for the OCME did not respond for comment.\n\nMayor Bill de Blasio acknowledged the city\u2019s under-counting of coronavirus deaths Tuesday morning \u2014 as the city\u2019s Department of Health reported that 3,202 people had died due to the pandemic.\n\n\u201cIt\u2019s again why I\u2019m trying to be very careful even when I say we see some good news that we don\u2019t overrate the good news,\u201d de Blasio said about the under-counting.\n\nHizzoner, though, discounted the potential discrepancy, saying \u201cthe first thing we\u2019re focused on is saving the next life.\u201d\n\nBut experts say without looking at the totality of cases, it could severely affect the next person to contract the virus.\n\n\u201cIf deaths aren\u2019t a reliable marker, then we are in really big trouble,\u201d said Susan Hassig, an associate professor of epidemiology at Tulane University in New Orleans.\n\nTypically, predicting the apex or plateau of the virus\u2019s infection curve is based largely on the death rate, Hassig said. That modeling determines how hospitals and state and city officials will shift their response during the outbreak.\n\n\u201cThe fact that it is an underestimate \u2026 the extent to which the models are being used in New York, it could be substantial,\u201d Hassig said. \u201cIf it\u2019s 100 cases, that\u2019s a big number.\u201d\n\n\u201cIf it progressing and gets even worse \u2026 it\u2019s problematic.\u201d\n\nA spokeswoman for the mayor\u2019s office said Tuesday the OCME and Health Department were \u201cworking together to include into their reports deaths that may be linked to COVID but not lab-confirmed that occur at home.\u201d\n\nAdditional reporting by Julia Marsh",
    "title": "Scores of \u2018probable\u2019 coronavirus deaths not counted in NYC tally",
    "top-image": "https://nypost.com/wp-content/uploads/sites/2/2020/04/hospital-body.jpg?quality=90&strip=all&w=1024",
    "df_date": 20200407,
    "source": "nypost.com",
    "label": "reliable"
}