{
    "url": "https://www.reuters.com/article/us-health-coronavirus-mideast/middle-east-still-has-chance-to-scale-up-coronavirus-response-who-idUSKBN21P1RZ",
    "uid": "1637679842.3487563.-article-us-health-coronavirus-mideast-middle-east-still-has-chance-to-scale-up-coronavirus-response",
    "images": [
        "https://static.reuters.com/resources/r/?m=02&d=20200407&t=2&i=1513563457&r=LYNXMPEG3613B&w=800"
    ],
    "publication-date": "2020-04-07",
    "text": "CAIRO (Reuters) - Most Middle Eastern countries are seeing worrying daily increases in cases of the new coronavirus but the region still has a chance to contain its spread, a senior World Health Organization (WHO) official said on Tuesday.\n\nSlideshow ( 3 images )\n\nThe WHO has confirmed more than 77,000 cases and nearly 4,000 deaths in its Eastern Mediterranean region, which includes Pakistan, Afghanistan, Somalia and Djibouti, as well as Middle Eastern states, but does not include Turkey.\n\nAbout 78% of those cases are in Iran, with all other countries having fewer than 4,000 cases, and most fewer than 1,000, said Richard Brennan, the WHO\u2019s regional emergency director.\n\nThe death rate in the region was similar to that globally and there have been encouraging signs of new cases in Iran flattening off in recent days, though other states were still at risk of an escalation, Brennan told a media briefing in Cairo.\n\n\u201cOf all the other countries, in most instances we are seeing still a concerning rise in the number of cases day after day,\u201d he said.\n\n\u201cWe really do need a comprehensive approach to the way we scale up the proven public health measures such as the early detection, such as the early testing, the isolation of patients who have the disease.\u201d\n\nMany countries in the region are suffering from the effects of conflict and political crises, raising concerns about their ability to cope with the new coronavirus.\n\nInternational agencies have raised particular concern over millions of refugees and internally displaced people, and have cautioned that the closure of borders can make the delivery of assistance harder.\n\nIn Sudan, the United Nations appealed on Tuesday for the government to facilitate provision of humanitarian access to more than 6 million people this year by fast-tracking access for medical and humanitarian workers.\n\n\u201cIf not properly coordinated, aid delivery may be delayed or fail to go ahead as a consequence of COVID-19,\u201d Gwi Yeop Son, U.N. Resident and Humanitarian Coordinator for Sudan, said in a statement.",
    "title": "Middle East still has chance to scale up coronavirus response: WHO",
    "top-image": "https://static.reuters.com/resources/r/?m=02&d=20200407&t=2&i=1513563457&r=LYNXMPEG3613B&w=800",
    "df_date": 20200407,
    "source": "www.reuters.com",
    "label": "reliable"
}