{
    "url": "https://uk.reuters.com/article/uk-health-coronavirus-freeport-mcmoran/freeport-mcmoran-confirms-new-mexico-mine-workers-have-coronavirus-idUKKBN21P267",
    "uid": "1637679854.187296.-article-uk-health-coronavirus-freeport-mcmoran-freeport-mcmoran-confirms-new-mexico-mine-workers-ha",
    "images": [
        "https://s1.reutersmedia.net/resources_v2/images/rcom-default.png?w=800"
    ],
    "publication-date": "2020-04-07",
    "text": "(Reuters) - Freeport-McMoRan Inc FCX.N said three employees at its Chino copper mine in New Mexico have tested positive for COVID-19, confirming earlier reports from state officials.\n\nOperations at the mine have not been affected, though any employees that came into contact with the affected workers have been told to self-quarantine, Freeport spokeswoman Linda Hayes said.\n\nFreeport first alerted state officials last Thursday of the illnesses. New Mexico Lieutenant Governor Howie Morales told Reuters about the diagnoses on Monday.[nL1N2BU2V4]\n\n\u201cThis week, in addition to verbally screening all visitors, we will begin conducting temperature checks,\u201d Freeport said.\n\nHayes said the company was also staggering work shifts for employees and boosting cleaning, Hayes said.\n\n\u201cWe also continue to emphasize the importance of staying home if ill and adjusted our pay and leave practices weeks ago to support this,\u201d Hayes said.",
    "title": "Freeport-McMoRan confirms New Mexico mine workers have coronavirus",
    "top-image": "https://s1.reutersmedia.net/resources_v2/images/rcom-default.png?w=800",
    "df_date": 20200407,
    "source": "uk.reuters.com",
    "label": "reliable"
}