{
    "url": "https://www.reuters.com/article/us-health-coronavirus-canada/canada-to-press-u-s-further-on-medical-supplies-trudeau-says-idUSKBN21P2MR",
    "uid": "1637679920.689241.-article-us-health-coronavirus-canada-canada-to-press-u-s-further-on-medical-supplies-trudeau-says-i",
    "images": [
        "https://static.reuters.com/resources/r/?m=02&d=20200407&t=2&i=1513668902&r=LYNXMPEG361S8&w=800"
    ],
    "publication-date": "2020-04-07",
    "text": "OTTAWA (Reuters) - Canada will keep up efforts to persuade the United States not to block the export of medical supplies to fight the coronavirus, Prime Minister Justin Trudeau said on Tuesday, while the energy-producing province of Alberta warned of an economic disaster.\n\nFILE PHOTO: Canada's Prime Minister Justin Trudeau speaks to news media outside his home in Ottawa, Ontario, Canada March 25, 2020. REUTERS/Patrick Doyle\n\nTrudeau told a briefing that 500,000 N95 surgical masks from Saint Paul, Minnesota-based 3M Co - part of a batch of 4 million ordered by the province of Ontario - should arrive on Wednesday.\n\nCanadian officials pressed their U.S. counterparts after Ontario complained the shipment had been blocked. U.S. President Donald Trump signed an order last week to stop personal protective equipment from being exported.\n\n\u201cWe have had constructive and productive conversations that have assured that this particular shipment comes through but we recognize there is still more work to do,\u201d Trudeau said.\n\n\u201cWe are going to continue to highlight to the American administration the point to which healthcare supplies and services go back and forth across that border.\u201d\n\nThe Canadian death toll rose to 345 from 293 on Monday, officials said. The total number of cases was 17,063, compared with 15,822 a day earlier.\n\nThe coronavirus outbreak looks set to cripple the economy, especially in Alberta, which was already suffering from low oil prices before authorities ordered a shutdown.\n\nAlberta Premier Jason Kenney said that unemployment could increase to 25% from the current 7.2%.\n\n\u201cThat\u2019s before we even fully account for the impacts of the crash in energy prices,\u201d he told reporters. \u201cThis will be the most challenging period in our economy, in relative terms, since the Great Depression.\u201d\n\nHe added in an evening address that the province\u2019s budget deficit may almost triple to C$20 billion ($14.27 billion) in this fiscal year.\n\nThe province\u2019s energy patch needs up to C$30 billion in liquidity, he said. The federal government says it is working on an aid package for the sector.\n\nOttawa says more than 3.7 million people have filed unemployment claims since March 16, including for an emergency benefit that launched on Monday. Canada\u2019s workforce is around 20 million people, according to Statistics Canada.\n\nMore than half the country\u2019s coronavirus cases are in Quebec, the second-most populous province, which forecast on Tuesday between 1,263 and 8,860 deaths from the respiratory disease by the end of April.\n\nOfficials said the toll was likely to be closer to the more optimistic prediction.\n\nAlberta forecast the coronavirus spread to peak in mid-May under its probable scenario and kill between 400 and 3,100 people by the end of summer. Once it passes the peak, Alberta will gradually reopen its economy with stepped-up testing, contact tracing and additional screening of international arrivals, Kenney said.\n\nOntario, the most-populous province, says it is running out of personal protection equipment.\n\nProcurement Minister Anita Anand said Canada had commitments to companies around the world to buy more than 230 million face masks, of which more than 16 million had been delivered. It has also ordered 75 million N95 surgical masks and expects to have 2.3 million by end of the week.",
    "title": "Canada to press U.S. further on medical supplies, Trudeau says",
    "top-image": "https://static.reuters.com/resources/r/?m=02&d=20200407&t=2&i=1513668902&r=LYNXMPEG361S8&w=800",
    "df_date": 20200407,
    "source": "www.reuters.com",
    "label": "reliable"
}