{
    "url": "https://www.reuters.com/article/us-health-coronavirus-amazon-com-warehou/amazon-piloting-disinfectant-fog-at-new-york-warehouse-after-protests-idUSKBN21P384",
    "uid": "1637679906.4230485.-article-us-health-coronavirus-amazon-com-warehou-amazon-piloting-disinfectant-fog-at-new-york-wareh",
    "images": [
        "https://static.reuters.com/resources/r/?m=02&d=20200407&t=2&i=1513766589&r=LYNXMPEG362DD&w=800"
    ],
    "publication-date": "2020-04-07",
    "text": "(Reuters) - Amazon.com Inc is testing the use of disinfectant fog at a warehouse in Staten Island, New York starting on Tuesday, the company told Reuters, following worker protests over the risk of coronavirus infection at the site.\n\nSlideshow ( 2 images )\n\nThe measure shows how the world\u2019s largest online retailer is aiming to increase safety cleaning without closing facilities essential to its operation, as some workers and elected officials have demanded.\n\nAmazon said it is trying out disinfectant fog as used by airlines and hospitals to further sanitize its facilities. The pilot program follows an announcement last week that the company would check workers\u2019 temperature and make masks available at all U.S. and European sites in its operations network.\n\n\u201cWe continue to explore even more preventative measures to support the health and safety of employees, who are providing a critical service in our communities,\u201d Amazon said in a statement.\n\nThe New York warehouse, known internally as JFK8, is one of several locations where small groups of Amazon employees have walked out to highlight the risks they face from working where colleagues have become infected with the virus, which causes the sometimes deadly COVID-19 respiratory illness.\n\nThe virus has led to at least 80,000 deaths globally and infected more than 1.4 million people - including workers at more than 50 Amazon facilities, according to a New York Times report. New York is currently the epicenter of the U.S. outbreak with by far the most confirmed COVID-19 cases and related deaths.\n\nThe company has said it is requiring staff to keep safe distances from each other.\n\nThe Staten Island warehouse drew particular attention after Amazon fired an employee on paid quarantine for participating in a protest last week that he helped organize.\n\nThe United Food and Commercial Workers International Union called on company executives to resign after an internal document leaked, in which Amazon\u2019s general counsel described that employee as \u201cnot smart, or articulate.\u201d\n\nThe general counsel then issued a statement saying frustration over the health risks created by the employee had clouded his judgment.",
    "title": "Amazon testing disinfectant fog at New York warehouse after coronavirus protests",
    "top-image": "https://static.reuters.com/resources/r/?m=02&d=20200407&t=2&i=1513766589&r=LYNXMPEG362DD&w=800",
    "df_date": 20200407,
    "source": "www.reuters.com",
    "label": "reliable"
}