{
    "url": "https://uk.reuters.com/article/uk-health-coronavirus-ventilators-trump/trump-says-110000-ventilators-will-be-added-in-coming-weeks-idUKKBN21P3E7",
    "uid": "1637679927.107494.-article-uk-health-coronavirus-ventilators-trump-trump-says-110000-ventilators-will-be-added-in-comi",
    "images": [
        "https://static.reuters.com/resources/r/?m=02&d=20200407&t=2&i=1513746038&r=LYNXMPEG362ED&w=800"
    ],
    "publication-date": "2020-04-07",
    "text": "U.S. President Donald Trump addresses the daily coronavirus task force briefing at the White House in Washington, U.S., April 7, 2020. REUTERS/Kevin Lamarque\n\nWASHINGTON (Reuters) - U.S. President Donald Trump said on Tuesday that the federal government had 8,675 ventilators in a national stockpile available to states who need them while another 110,000 are to be delivered in coming weeks.\n\n\u201cI don\u2019t think we\u2019ll need them,\u201d the president said, referring to the ventilators, in a White House briefing. \u201cBut we\u2019ll have them for the future and we\u2019ll also be able to help other countries who are desperate for ventilators.\u201d\n\nThe president also said that the United Kingdom has asked for 200 ventilators.\n\nIn the United States, the new coronavirus has killed more than 10,000 people while more than 367,000 have fallen ill, according to a Reuters tally.",
    "title": "Trump says 110,000 ventilators will be added in coming weeks",
    "top-image": "https://static.reuters.com/resources/r/?m=02&d=20200407&t=2&i=1513746038&r=LYNXMPEG362ED&w=800",
    "df_date": 20200407,
    "source": "uk.reuters.com",
    "label": "reliable"
}