{
    "url": "https://www.telegraphindia.com/india/coronavirus-lockdown-congress-seeks-tablighi-jamaat-probe/cid/1762986",
    "uid": "1637679930.0792236.-india-coronavirus-lockdown-congress-seeks-tablighi-jamaat-probe-cid-1762986",
    "images": [
        "/assets/images/play.png",
        "/assets/images/tt_online_logo.png?v=1",
        "/assets/images/p.png",
        "/assets/images/white_dot.png",
        "https://assets.telegraphindia.com/telegraph/f9792558-a445-4bb9-b8a3-b56ada1e09e5.jpg",
        "/assets/images/istore.png",
        "https://assets.telegraphindia.com/telegraph/2021/Nov/1637051379_banner_tted_tt_desktop_363x363.png",
        "/assets/images/blue_dot.png"
    ],
    "publication-date": null,
    "text": "Rajasthan chief minister Ashok Gehlot told a news conference in Delhi: \u201cIt is a serious issue. When the nation was engaged in the fight against the coronavirus without any considerations of caste, class and religion, this Delhi event allowed some people to give a communal twist. Why was this not stopped? We would not have allowed this in our state.\u201d\n\nThe Congress has demanded a judicial inquiry into the sordid episode involving Tablighi Jamaat, wondering how such a big congregation was allowed in mid-March when restrictions were already in force because of the coronavirus threat.\n\nGehlot added: \u201cWhy didn\u2019t the government act tough? Who could have objected if the violators were immediately arrested? Which agency abdicated its responsibility -\u2013 state government, central government, police, bureaucracy? I think a judicial probe is needed, maybe by a retired Supreme Court judge.\u201d\n\nParty\u2019s communication chief Randeep Surjewala, who too was present at the news conference conducted through video-conferencing, said: \u201cAnybody violating the rules of lockdown should have been punished. Maharashtra government did not give permission for a similar event of Tablighi Jamaat. Who gave permission for the Delhi event? The law and order in Delhi comes under the Union home ministry. Why was the event allowed to continue after it was found out that so many people have assembled there?\u201d\n\nSurjewala added: \u201cIs it true that home minister Amit Shah sent National Security Adviser Ajit Doval at 2am in the night to meet the Jamaat chief at their office? Why was the NSA sent? What transpired between the Maulana and Doval at the midnight meeting? Why was the Maulana who organised the event allowed to escape? The Centre must deal with the issue in a transparent manner, every aspect should be investigated.\u201d",
    "title": "Coronavirus lockdown: Congress seeks Tablighi Jamaat probe",
    "top-image": "https://assets.telegraphindia.com/telegraph/f9792558-a445-4bb9-b8a3-b56ada1e09e5.jpg",
    "df_date": 20200407,
    "source": "www.telegraphindia.com",
    "label": "reliable"
}