{
    "url": "https://in.reuters.com/article/health-coronavirus-housekeepers/in-fight-for-masks-hospital-janitors-sometimes-come-last-idINKBN21P0PL",
    "uid": "1637679807.2214086.-article-health-coronavirus-housekeepers-in-fight-for-masks-hospital-janitors-sometimes-come-last-id",
    "images": [
        "https://static.reuters.com/resources/r/?m=02&d=20200407&t=2&i=1513449563&r=LYNXMPEG360FR&w=800"
    ],
    "publication-date": "2020-04-07",
    "text": "(Reuters) - Katina McDavis spends 40 hours a week cleaning hospital rooms at Northwestern Memorial Hospital in Chicago. Masks are in short supply these days. So, too, is information.\n\nA medical worker in a protective suit arrives at the Policlinico Tor Vergata hospital, where patients suffering from coronavirus disease (COVID-19) are being treated, in Rome, Italy, April 6, 2020. REUTERS/Guglielmo Mangiapane\n\n\u201cOur bosses might tell us we need a mask, the nurses might tell us we don\u2019t,\u201d said McDavis.\n\nConfusion and fear abound among hospital maintenance workers and housekeepers like McDavis, quietly toiling on the front lines of America\u2019s battle against the novel coronavirus for low pay.\n\nTheir jobs are often unheralded, but vital to keeping hospitals running. They are the ones who mop floors and dispose of the trash, who fix bad plumbing and change dirty fan filters.\n\nUnlike nurses and doctors, they lack the medical training to know when and how to protect themselves, and they say guidance from employers has been spotty.\n\n\u201cI\u2019m a diabetic and still coming in every day,\u201d said McDavis, 43, who\u2019s spent more than 20 years on the job. She said she tries to wear a surgical mask when cleaning if necessary but that sometimes they are not available or she is told she does not need one.\n\nTwo of her colleagues, she said, have tested positive for COVID-19, the disease caused by the novel coronavirus. The virus has so far infected about 350,000 in the United States.\n\nHospitals have protocols for keeping housekeepers safe, but often drop the ball on communicating them, said Anne Igoe, vice president of a Chicago-based branch of the Service Employees International Union, which represents hospital workers like McDavis.\n\nFor example, Igoe said, rooms with COVID-19 patients have at times been mistakenly labeled otherwise, leading housekeepers to enter with insufficient personal protective equipment (PPE).\n\n\u201cPeople are being dispatched to a room and told all they need are gloves, and they show up and there is a nurse in full PPE in the room,\u201d she said.\n\nNorthwestern Memorial said in a statement it has enough PPE to keep workers safe, and provides \u201cmultiple channels for communication including a dedicated hot line so that our staff can ask questions and receive support.\u201d\n\nA non-scientific poll by the Service Employees International Union showed 75% of some 250 respondents - mostly housekeepers and nurse\u2019s assistants in Chicago and Indiana - have been told either they do not need PPE, or must ask a nurse for it.\n\nBut maintenance workers and housekeepers say they often get conflicting messages when they ask what precautions are needed.\n\n\u201cThe communication is non-existent,\u201d said a mechanic at NYU Langone in New York, whose team is in charge of tasks like morgue refrigeration and changing fan filters.\n\nThe mechanic, like many of those interviewed for this story, declined to be named for fear of losing his job.\n\n\u201cI get a different answer some days than others,\u201d he said.\n\nNYU Langone said the hospital has equipped housekeepers \u201cappropriately\u201d with PPE and \u201cprovided them with proper instruction as to the level of PPE protection required on each unit and for each individual worker.\u201d\n\nKimberly Hughes, 54, a housekeeper at a Montana hospital, said she has the chronic inflammatory lung disease COPD, leaving her at higher risk of complications from COVID-19.\n\nOne doctor handed her a 60-pound bag of laundry from a COVID-19 patient\u2019s room, and told her to hold it away from her body. Hughes, who stands 5\u20193\u201d and weighs 135 pounds, said she could not. \u201cIt does bother me that it touched me because we don\u2019t have protective gowns for this,\u201d she said, adding that \u201cas housekeepers we really don\u2019t count.\u201d\n\nFEAR ABOUNDS, TRASH OVERFLOWS\n\nFearful of contracting COVID-19, some hospital janitors are refusing to take on certain tasks.\n\nAt Brookdale University Hospital Medical Center in Brooklyn, New York, a janitor handed patient Sylvia LeRoy a mop and asked her to clean her own room, according to LeRoy\u2019s sister, Shirley Licin.[nL1N2BP1TR]\n\nAnd nurses at New York-Presbyterian Hospital are at times taking out trash themselves to preserve PPE, one nurse at the hospital said. \u201cNurses are going to be the ones going in the rooms and taking it out and giving it to the janitor,\u201d the nurse said.\n\nAt another Manhattan hospital, a nurse told Reuters housekeepers were \u201croutinely refusing to empty trash cans,\u201d which \u201care overflowing.\u201d\n\nTo cope with the increased patient loads and demands, a number of hospitals are seeking to hire more housekeepers. Retaining those they hire is another matter.\n\nAngel Medrano, a recruiter of hospital housekeeping staff in the San Francisco Bay Area, said a hospital he works with tripled the number of housekeeping staff it required in March.\n\nMost of the people his firm has hired are African Americans or Hispanics who have lost their jobs cleaning hotels and offices, Medrano said.\n\n\u201cThey\u2019re looking at it as an opportunity to get into work,\u201d he said. \u201cThey\u2019re like, \u2018Okay if that\u2019s what we have to do, then that\u2019s what we have to do.\u2019\u201d\n\nStill, he said, around 20 people quit within the first couple of days on the job, mostly over concerns over PPE.\u201cThe lack of N95 masks, that\u2019s something that really scares people,\u201d he said.\n\nThe NYU Langone mechanic said he is so worried about getting infected that he is living apart from his wife and three-year-old son until the pandemic ends.\n\nHis son recently woke up to a nightmare that his mother was taken away in an ambulance.\u201cI worry about how I would take care of my son if I got sick,\u201d the boy\u2019s mother said. \u201cI worry about how I will explain to him that his daddy probably won\u2019t be able to come for his birthday.\u201d",
    "title": "In fight for masks, hospital janitors sometimes come last",
    "top-image": "https://static.reuters.com/resources/r/?m=02&d=20200407&t=2&i=1513449563&r=LYNXMPEG360FR&w=800",
    "df_date": 20200407,
    "source": "in.reuters.com",
    "label": "reliable"
}