{
    "url": "https://www.nytimes.com/2020/04/07/obituaries/sandra-santos-vizcaino-dead-coronavirus.html",
    "uid": "1637679905.138102.-2020-04-07-obituaries-sandra-santos-vizcaino-dead-coronavirus-html",
    "images": [
        "https://static01.nyt.com/images/2018/12/28/multimedia/author-eliza-shapiro/author-eliza-shapiro-thumbLarge.png",
        "https://static01.nyt.com/images/2020/04/11/obituaries/06Santos-Vizcaino/06Santos-Vizcaino-articleLarge-v2.jpg?quality=75&auto=webp&disable=upscale",
        "https://static01.nyt.com/images/2020/04/11/obituaries/06Santos-Vizcaino/06Santos-Vizcaino-facebookJumbo-v2.jpg?year=2020&h=550&w=1050&s=b894cc8baaf59bbf17cedf5bc9e4f834e81517beffd00dc6e414e500b1a4bf9d&k=ZQJBKqZ0VN"
    ],
    "publication-date": "2020-04-07",
    "text": "For scores of children and parents, being assigned to Sandra Santos-Vizcaino\u2019s third-grade classroom at Public School 9 in Brooklyn felt like winning the lottery.\n\nThough Matteo Flores was only in the first grade this year, he was already hoping she would be his teacher in two years. Then he heard the news. \u201cI guess she won\u2019t get to be my teacher anymore,\u201d he told his mother.\n\nMs. Santos-Vizcaino died on March 31 of complications of the coronavirus, her son, Victor-Luis, said. She was 54 and is believed to be the first public-school teacher in New York City to die of the virus, according to the Department of Education.\n\nMs. Santos-Vizcaino spent four years as one of the most beloved instructors at P.S. 9, in the Prospect Heights neighborhood, part of her 25-year teaching career in New York City, which is the country\u2019s largest public school district.",
    "title": "Sandra Santos-Vizcaino, Beloved Brooklyn Teacher, Dies at 54",
    "top-image": "https://static01.nyt.com/images/2020/04/11/obituaries/06Santos-Vizcaino/06Santos-Vizcaino-facebookJumbo-v2.jpg?year=2020&h=550&w=1050&s=b894cc8baaf59bbf17cedf5bc9e4f834e81517beffd00dc6e414e500b1a4bf9d&k=ZQJBKqZ0VN",
    "df_date": 20200407,
    "source": "www.nytimes.com",
    "label": "reliable"
}