{
    "url": "https://www.cnn.com/2020/04/07/politics/white-house-coronavirus-death-projections/",
    "uid": "1637679909.8187528.-2020-04-07-politics-white-house-coronavirus-death-projections-",
    "images": [
        "//cdn.cnn.com/cnnnext/dam/assets/211103173521-01-kids-covid-vaccine-chlidrens-national-hospital-large-169.jpg",
        "//cdn.cnn.com/cnnnext/dam/assets/200407211530-chris-murray-intv-ac360-large-169.jpg",
        "//cdn.cnn.com/cnnnext/dam/assets/211104101259-dr-gupta-dr-murthy-citizen-large-169.jpg",
        "//cdn.cnn.com/cnnnext/dam/assets/210914184514-children-walking-backpacks-stock-large-169.jpg",
        "//cdn.cnn.com/cnnnext/dam/assets/211117174944-covid-iowa-christmas-lights-large-169.jpg",
        "//cdn.cnn.com/cnnnext/dam/assets/211111133120-daughter-mom-misinformation-vaccine-trial-vpx-00001205-large-169.png",
        "//cdn.cnn.com/cnnnext/dam/assets/211119160549-gupta-booster-data-11-19-2021-large-169.jpg",
        "//cdn.cnn.com/cnnnext/dam/assets/211105121450-video-thumbnail-pfizer-ceo-large-169.jpg",
        "//cdn.cnn.com/cnnnext/dam/assets/211101152724-01-richard-soliz-covid-survivor-apology-large-169.jpg",
        "//cdn.cnn.com/cnnnext/dam/assets/200407211530-chris-murray-intv-ac360-exlarge-169.jpg",
        "https://cdn.cnn.com/cnnnext/dam/assets/200331193005-deborah-birx-white-house-virus-briefing-3-31-super-tease.jpg",
        "//pixel.quantserve.com/pixel/p-D1yc5zQgjmqr5.gif?labels=noscript%3ANo%20Labels%20Set",
        "//cdn.cnn.com/cnnnext/dam/assets/211027230226-fauci-on-dlt-large-169.jpg",
        "//cdn.cnn.com/cnnnext/dam/assets/211103094440-dr-fauci-on-covid-vaccine-large-169.jpg",
        "//cdn.cnn.com/cnnnext/dam/assets/211118220518-bettina-lerman-covid-survivor-vpx-large-169.jpg",
        "//cdn.cnn.com/cnnnext/dam/assets/211102112606-kids-covid-vaccine-large-169.jpg",
        "data:image/gif;base64,R0lGODlhEAAJAJEAAAAAAP///////wAAACH5BAEAAAIALAAAAAAQAAkAAAIKlI+py+0Po5yUFQA7",
        "//cdn.cnn.com/cnnnext/dam/assets/211103093927-kid-pfizer-vaccine-newsroom-large-169.jpg",
        "//cdn.cnn.com/cnnnext/dam/assets/211104211109-sesame-street-rosita-vaccine-vpx-large-169.jpg",
        "//cdn.cnn.com/cnnnext/dam/assets/211104212516-covid-survivor-gupta-pkg-large-169.jpg",
        "//cdn.cnn.com/cnnnext/dam/assets/200402160556-01-dr-birx-trump-chart-0331-large-169.jpg"
    ],
    "publication-date": null,
    "text": "(CNN) A week after unveiling a stunning projection for the number of people who would die from coronavirus in the US -- 100,000 to 240,000 -- White House officials have yet to fully explain how they arrived at those numbers.\n\nSome administration officials are now saying the number could be lower than they originally warned -- but it comes as there are continued questions about how the administration got to the high number.\n\nThe final number could end up being higher or lower than the dramatic estimates released one week ago in a briefing by the White House Coronavirus Task Force, according to federal health officials and researchers who are creating models to forecast the outbreak.\n\nA source close to the task force said it's possible the eventual death toll will be \"way under\" the 100,000-to-240,000 figure.\n\nA key factor driving the large estimate was a crucial assumption, discussed internally by task force officials, that only 50% of Americans would observe the government's stringent social distancing guidelines, the source said. That calculation was not shared widely. In reality, a much larger number -- 90% -- is observing the government's guidelines, US Surgeon General Dr. Jerome Adams said in several interviews this week.\n\nDr. Robert Redfield, director of the US Centers for Disease Control and Prevention, discussed the 50% social distancing participation estimate in an interview with Tucson radio station KVOI on Monday.\n\n\"Those models that were done, they assumed that only about 50% of the American public would pay attention to the recommendations. In fact, it would seem, a large majority of the American public are taking the social distancing recommendations to heart -- and I think that's the direct consequence of why you're seeing the numbers are going to be much, much, much, much lower than would've been predicted by the models,\" Redfield said.\n\nThe source close to the task force confirmed Redfield was citing the 50% figure discussed within the coronavirus task force.\n\nIn the meantime, Katie Miller, a spokeswoman for the task force, said Redfield was referring to a revision from the Institute for Health Metrics and Evaluation. Miller added that the presentation that produced the 100,000-240,000 figure from Dr. Deborah Birx was based on a \"combination of models.\"\n\nHealth officials on the coronavirus task force, led by Birx, based their estimates of 100,000-240,000 deaths on a number of models from a variety of well-respected public health units at top US universities, as well as the US Centers for Disease Control and Prevention.\n\nThe White House has not released the modeling estimates they've received or how they analyzed them.\n\nBirx has often focused on the model by the University of Washington's Institute for Health Metrics and Evaluation, whose projected death toll has never been above 100,000 in recent weeks. That model assumes full adherence to social distancing measures.\n\nInstitute for Health Metrics and Evaluation director Christopher Murray said he hasn't seen how the task force derived its range of 100,000-200,000 deaths, but that the figure overlaps with the range his group provided the task force projecting 40,000 to 150,000 deaths.\n\nCNN has learned that another of the models, from Imperial College London, predicted a worst-case scenario of up to 2.2 million deaths.\n\nAt a White House press briefing on March 31, Birx said that with social distancing, good hand hygiene, and other steps, the death toll could go \"down to 100,000 to 200,000 deaths, which is still way too much.\"\n\nPublic health experts caution nobody has a crystal ball with the ability to pinpoint the precise number of people who will die in a pandemic. And they warn that despite the varying numbers, this is no time to relax social distancing measures.\n\nHarvard scientists, who are modeling the pandemic, also advised the White House on what the expected death toll might be, said their estimates were similar to what Birx announced at the press briefing.\n\n\"Our numbers were within that range,\" Mark Lipsitch, a professor of epidemiology at Harvard, said. \"Ours were a little higher than the high end of their range because we used a higher R0,\" referring to a measure of how contagious the virus is.\n\nThe White House also sought advice from Alessandr Vespignani, a professor at Northeastern University. He said his estimates were also \"in the ballpark\" with the numbers Birx mentioned at the briefing.\n\nIn response to the White House email request for the model, Lipsitch said: \"We supplied what we were asked for as best we could, but I think any responsible modeler will tell you that our assumptions are wrong because we just don't know the effectiveness of social distancing. It's quite speculative.\"\n\nHe added that none of the models lead to an optimistic conclusion of what this will all look like in the end.\n\n\"There are no good end games right now,\" Lipsitch said.\n\nJeffrey Shaman, a professor at Columbia University Mailman School of Public Health, also provided a model to the task force. He said Birx's estimate of 100,000 to 200,000 deaths is \"not unreasonable.\"\n\nEver since President Donald Trump and top health officials announced the estimates, some members of the task force have cautioned that the models would have to change with incoming data, driven by the latest number of Covid-19 cases and deaths. For example, some initial optimism in New York state that the deadly outbreak in the New York City area may be plateauing is also fueling optimism that the number of dead may not reach 100,000 people.\n\n\"Data will always trump models,\" task force member Dr. Anthony Fauci said during a CNN town hall on April 2.\n\nEven before the task force released its official estimates, Fauci said the models could be overestimating the number of Americans who may die from the virus, during an interview on CNN's State of the Union on March 29.\n\n\"The model is only as good and as accurate as your assumptions,\" Fauci said. \"And whenever the modelers come in, they give a worst-case scenario and a best-case scenario. Generally, the reality is somewhere in the middle. I've never seen a model of the diseases that I've dealt with where the worst-case scenario actually came out. They always overshoot.\"\n\nA source familiar with internal discussions about the modeling and estimates said the 100,000-240,000 figure was not selected in order to frighten the public.\n\n\"The number wasn't picked for a political or public relations purpose,\" the source said.",
    "title": "Top public health official says number of dead could be lower as Americans practice social distancing",
    "top-image": "https://cdn.cnn.com/cnnnext/dam/assets/200331193005-deborah-birx-white-house-virus-briefing-3-31-super-tease.jpg",
    "df_date": 20200407,
    "source": "www.cnn.com",
    "label": "reliable"
}