{
    "url": "https://abcnews.go.com/International/wireStory/military-promises-pakistani-doctors-gear-fight-virus-70019545",
    "uid": "1637679850.5272553.-international-wirestory-military-promises-pakistani-doctors-gear-fight-virus-70019545",
    "images": [
        "https://s.abcnews.com/images/International/WireAP_e4d102cc4f774e8abeeb282ed54c11d5_16x9_992.jpg",
        "data:image/gif;base64,R0lGODlhAQABAIAAAAAAAP///yH5BAEAAAAALAAAAAABAAEAAAIBRAA7"
    ],
    "publication-date": null,
    "text": "The Pakistani military says dozens of doctors who were briefly jailed for protesting a lack of protective equipment to treat the growing number of coronavirus cases will get the equipment they need\n\nQUETTA, Pakistan -- Pakistan's military promised Tuesday that dozens of doctors who were briefly jailed for protesting a lack of protective equipment needed to treat the growing number of coronavirus cases will get the equipment they need.\n\nThe 47 doctors protested in Quetta, the capital of southwestern Baluchistan province, on Monday, when they were detained. They were released later the same day, according to provincial spokesman Liaquat Shahwani.\n\nAn army statement Tuesday said the \u201cemergency supplies of medical equipment, including PPE (Personal Protective Equipment) are being dispatched to Quetta.\"\n\nHowever, some of the doctors said they were mistreated by police and that some of their colleagues were beaten. The physicians declined to give their names, fearing reprisals.\n\nTwo doctors have died after contracting the new virus in Pakistan, which has recorded 4,004 cases and 54 deaths. Many of the cases have been traced to pilgrims returning from neighboring Iran. Pakistani authorities have imposed a countrywide lockdown until April 14.\n\nIn Iran, authorities struggling to battle the virus announced Tuesday they would expand testing to asymptomatic people, but didn't say how many test kits they have available or provide other details.\n\nIran's Health Minister Saeed Namaki said that with active screening of such cases, there are expectations the virus and COVID-19, the illness it causes, can be brought under control by mid-May.\n\n\u201cWith this step, we will go after people without symptoms,\u201d said Namaki, adding this would require a large number of tests. He didn\u2019t elaborate. The health ministry said searching for asymptomatic cases would be combined with restrictions on both city and intercity travel and quarantine.\n\nIran is facing the worst outbreak in the region. Iran\u2019s state TV said Tuesday the new coronavirus has killed another 133 people, pushing the country\u2019s death toll to 3,872 amid 62,589 confirmed cases.\n\nThe health ministry\u2019s spokesman, Kianoush Jahanpour, said 27,039 people have recovered so far while 3,987 remain in critical condition.\n\nThere are nearly 109,000 confirmed cases across the Middle East, with more than 4,600 fatalities.\n\nIn Amman, Jordan, state-run news agency Petra reported that a criminal case had been filed against a person infected with the coronavirus who knowingly contacted others, exposing them to infection.\n\nThe report came as government spokesperson Amjad Adaileh said Tuesday that anyone infected with the coronavirus who doesn\u2019t isolate themselves faces a possible fine or imprisonment.\n\nJordan has more than 350 confirmed cases of the virus, among them six fatalities.\n\nIn Egypt, the Ministry of Religious Endowments, which oversees mosques nationwide, called off all celebrations and late-evening prayer services for Ramadan, the holiest month of the Islamic calendar. The holiday, when devout Muslims fast from sunrise to sunset, begins April 23. To the dismay of many impoverished Egyptians already hit hard by restrictive measures, the ministry added that mosques would not host public iftars, the traditional dinners where Muslims end their daily fast.\n\nMosques and churches have already closed for prayer to curb the spread of the virus in the Arab world\u2019s most populous country. There is also a nightly curfew but the government has resisted a harsher lockdown.\n\nPresident Abdel Fattah el-Sissi on Tuesday sought to reassure the jittery public as the Health Ministry's case count jumped to 1,450, including 94 deaths.\n\n\u201cSo far, the situation is under control,\u201d he said in televised comments. \u201cThe goal is to minimize the damage caused by the pandemic.\u201d\n\nFor most people, the new coronavirus causes mild to moderate symptoms such as fever and cough. But for some, especially older adults and the infirm, it can cause pneumonia and lead to death.\n\nIsrael said Tuesday it would begin requiring face masks for most people in public places starting Sunday.\n\nMeanwhile, at a retirement home ravaged by the coronavirus in the southern Israeli city of Beersheba, another resident died, the eighth so far there. Dozens of the home's residents have been infected and relatives have been staging angry protests outside the premises in recent days.\n\nOverall, more than 9,200 have been infected in Israel and 65 have died, the vast majority elderly and many in assisted living facilities.\n\n\u2014\u2014\u2014\n\nAssociated Press writers Nasser Karimi and Amir Vahdat in Tehran, Iran; Samy Magdy and Isabel DeBre in Cairo, Omar Akour in Amman, Jordan, and Tia Goldenberg and Aron Heller in Jerusalem contributed to this report.\n\n\u2014\u2014\u2014\n\nFollow AP news coverage of the coronavirus pandemic at http://apnews.com/VirusOutbreak and https://apnews.com/UnderstandingtheOutbreak",
    "title": "Military promises Pakistani doctors gear to fight virus",
    "top-image": "https://s.abcnews.com/images/International/WireAP_e4d102cc4f774e8abeeb282ed54c11d5_16x9_992.jpg",
    "df_date": 20200407,
    "source": "abcnews.go.com",
    "label": "reliable"
}