{
    "url": "https://uk.reuters.com/article/uk-health-coronavirus-moscow-smallpox/coronavirus-lockdown-is-nothing-new-for-some-moscow-residents-idUKKBN21P1N2",
    "uid": "1637679841.0910761.-article-uk-health-coronavirus-moscow-smallpox-coronavirus-lockdown-is-nothing-new-for-some-moscow-r",
    "images": [
        "https://static.reuters.com/resources/r/?m=02&d=20200407&t=2&i=1513550885&r=LYNXMPEG360YX&w=800"
    ],
    "publication-date": "2020-04-07",
    "text": "MOSCOW (Reuters) - For some elderly Moscow residents, the coronavirus lockdown has a familiar feel - they lived through something like it during a dramatic Soviet-era smallpox outbreak six decades ago.\n\nVladimir Petrosyan and his wife Valeria, daughter of Soviet artist Alexei Kokorekin, are seen in Moscow, Russia in this undated handout photo. Alexei Kokorekin was the \"patient zero\", who died in the 1960 smallpox outbreak. Family archives of Vladimir Petrosyan/Handout via REUTERS\n\nThat crisis, in 1960, was accompanied by emergency measures that were at times more draconian than this time round.\n\nMoscow\u2019s rail, road and air links with the rest of the country were partially suspended, and anyone who came into contact with an infected person was traced and quarantined.\n\n\u201cImmediately in Moscow a special headquarters was set up, which led the hunt for people who had been exposed,\u201d Victor Zuev, 90, a laboratory worker at the time, told Reuters.\n\n\u201cThousands of people were isolated ... they were taken off trains, brought back from abroad,\u201d said Zuev.\n\nThis time round, authorities are also tracing and quarantining people.\n\nSmallpox, vanquished worldwide thanks to a vaccine, is a highly infectious disease with a mortality rate of 30%. The Soviet Union officially eradicated it in 1936, but a traveller brought it back to Moscow from India in the final days of 1959.\n\nSelf-isolating at home in Moscow now, Vladimir Petrosyan, son-in-law of the traveller who was patient zero, remembers the smallpox emergency.\n\nPetrosyan, 80 and now a professor of chemistry, spent two months in compulsory isolation after contracting the disease.\n\nSlideshow ( 3 images )\n\nHe was quarantined in Moscow\u2019s Infectious Diseases Hospital N.2. Today it is one of the city\u2019s few centres where patients with the new coronavirus are isolated and treated.\n\n\u201cIt was one enormous hall ... beds were lined up one after another,\u201d Petrosyan recalled. The hospital was surrounded by a police cordon.\n\nSome Russians question official coronavirus data now. But back then, with Nikita Khrushchev in charge, there was no information.\n\n\u201cThere were no announcements in the press, nor on the radio. As always, the government kept people in the dark,\u201d Vladimir Golyakhovskiy, then a doctor at Moscow\u2019s Botkin hospital, wrote in a 2006 memoir.\n\n\u201cSo rumours spread around Moscow, each scarier than the last,\u201d he added.\n\nThis time, with the official number of coronavirus cases in Moscow still relatively low compared to other European capitals, at 5,181, rumours of unreported cases have swirled online, prompting authorities to introduce penalties for spreading false information.\n\nAnd whereas in 1960 life in Moscow continued much as normal, this time mayor Sergei Sobyanin has imposed a strict quarantine, shutting cafes and bars and telling residents to remain at home.\n\nPATIENT ZERO\n\nSmallpox was brought to Moscow in December 1959 by a sole carrier, \u0430 renowned painter of Soviet propaganda posters, Alexei Kokorekin. He had contracted it in India after visiting a city where funeral pyres were held, including of people who had died of the disease.\n\nPetrosyan, who later married Kokorekin\u2019s daughter, said he and his wife were at the artist\u2019s bedside when he died that month.\n\n\u201cHe was buried in a lead coffin, because they suspected he had some sort of infectious disease, but they did not know what,\u201d Petrosyan recalled.\n\nPetrosyan and Zuev told Reuters that Moscow\u2019s way of dealing with the new coronavirus, focused on isolating patients and suspected carriers, echoed what was done in 1960.\n\nBut with one crucial difference: there was a vaccine against smallpox but there is none yet against COVID-19.\n\nWithin weeks of Kokorekin\u2019s death, smallpox vaccines were shipped to Moscow from across the Soviet Union.\n\n\u201cThe mass vaccination of 7 million who live or work in Moscow ... was carried out in one week,\u201d an article in the New York Times archive, from Feb. 3, 1960, reads.\n\nMoscow\u2019s 1960 smallpox outbreak caused three deaths. The capital\u2019s new coronavirus outbreak has, according to official figures, led to 31, a figure that increases daily.",
    "title": "Coronavirus lockdown is nothing new for some Moscow residents",
    "top-image": "https://static.reuters.com/resources/r/?m=02&d=20200407&t=2&i=1513550885&r=LYNXMPEG360YX&w=800",
    "df_date": 20200407,
    "source": "uk.reuters.com",
    "label": "reliable"
}