{
    "url": "https://www.nytimes.com/2020/03/25/us/politics/coronavirus-fbi-shooting.html",
    "uid": "1637742864.3098495.-2020-03-25-us-politics-coronavirus-fbi-shooting-html",
    "images": [
        "https://static01.nyt.com/newsgraphics/images/icons/defaultPromoCrop.png?year=2020",
        "https://static01.nyt.com/images/2018/07/12/multimedia/author-adam-goldman/author-adam-goldman-thumbLarge.png"
    ],
    "publication-date": "2020-03-25",
    "text": "A man suspected of planning to attack a Missouri hospital was killed during a shootout with F.B.I. agents, the authorities said on Wednesday.\n\nThe deadly encounter took place on Tuesday afternoon in suburban Belton, Mo., after agents on a tactical team tried to arrest the man as part of a domestic terrorism investigation.\n\nIt was not clear whether the man was killed by F.B.I. agents or died by suicide. He was taken to a hospital, where he was pronounced dead. Officials identified the man as Timothy R. Wilson, 36.\n\nAccording to officials, Mr. Wilson had expressed racist and anti-government sentiments. He had been under F.B.I. scrutiny since September, and the authorities said that at one point he had considered attacking multiple targets, including a school with a large number of black students, as well as a mosque and a synagogue.",
    "title": "Man Suspected of Planning Attack on Missouri Hospital Is Killed, Officials Say",
    "top-image": "https://static01.nyt.com/newsgraphics/images/icons/defaultPromoCrop.png?year=2020",
    "df_date": 20200325,
    "source": "www.nytimes.com",
    "label": "reliable"
}