{
    "url": "https://nypost.com/2020/03/25/trump-says-he-is-producing-tremendously-for-ny-to-battle-coronavirus/",
    "uid": "1637742774.3944404.-2020-03-25-trump-says-he-is-producing-tremendously-for-ny-to-battle-coronavirus-",
    "images": [
        "https://nypost.com/wp-content/uploads/sites/2/2021/11/Christian-marriage-rules.jpg?quality=90&strip=all&w=260",
        "https://nypost.com/wp-content/mu-plugins/vip-helpers/images/vip-powered-dark-small.png",
        "//googleads.g.doubleclick.net/pagead/viewthroughconversion/988380111/?value=0&guid=ON&script=0",
        "https://nypost.com/wp-content/uploads/sites/2/2021/11/laundrie-comp.jpg?quality=90&strip=all&w=260",
        "https://nypost.com/wp-content/uploads/sites/2/2021/11/uber-date-1.jpg?quality=90&strip=all&w=260",
        "https://nypost.com/wp-content/uploads/sites/2/2021/11/saks_light_show_wp-thumb.jpg?quality=90&strip=all&w=1024",
        "https://nypost.com/wp-content/uploads/sites/2/2020/03/trump-new-york-65.jpg?quality=90&strip=all&w=744",
        "https://nypost.com/wp-content/mu-plugins/jetpack-9.8/modules/sharedaddy/images/loading.gif",
        "https://nypost.com/wp-content/uploads/sites/2/2020/03/trump-new-york-65.jpg?quality=90&strip=all&w=1024",
        "https://nypost.com/wp-content/uploads/sites/2/2021/11/biden-kitchen-comp.jpg?quality=90&strip=all&w=260",
        "https://sb.scorecardresearch.com/p?c1=2&c2=6390601&cj=1&cv=3.6"
    ],
    "publication-date": "2020-03-25",
    "text": "Sign up for our special edition newsletter to get a daily update on the coronavirus pandemic.\n\nPresident Trump says he is \u201cproducing tremendously\u201d for New York, noting he sent thousands of ventilators to the state and denying claims in the media that he and Gov. Andrew Cuomo are at odds over the response to the coronavirus outbreak.\n\n\u201cI am working very hard to help New York City & State. Dealing with both Mayor & Governor and producing tremendously for them, including four new medical centers and four new hospitals,\u201d Trump posted on Twitter Wednesday. \u201cFake News that I won\u2019t help them because I don\u2019t like Cuomo (I do). Just sent 4000 ventilators!\u201d\n\nAt his daily coronavirus briefing Tuesday, Cuomo repeated his request for 30,000 ventilators, as the outbreak spreads through New York like a \u201cbullet train.\u201d\n\nShortly after, the federal government announced it would send 4,000 ventilators to be split between the city and state.\n\nMayor Bill de Blasio confirmed the shipment during his coronavirus briefing at City Hall.\n\n\u201cJust a short time ago, I got the very good news that we got an announcement from the federal government that 4,000 more ventilators are on the way to New York state in the next 48 hours,\u201d de Blasio said.\n\nHizzoner was grateful for the ventilators but said more will be needed to treat patients in the city, which has become the epicenter of the outbreak in the nation with more than 15,000 cases.\n\n\u201cI want to thank the administration for what has begun to happen, but I need everyone in Washington to understand that it\u2019ll just get us to the first week of April, even with this new supply,\u201d he said. \u201cIt is something that literally is going to be the difference between life and death for thousands upon thousands of New Yorkers.\u201d\n\nRelated Video Gov. Cuomo thanks Trump and his team for cooperating for get ventilators to New York City\n\nDefense Secretary Mark Esper on Monday said the Department of Defense is working with FEMA to send field hospitals, including medical equipment and health care professionals, to New York City and Seattle.\n\nThe Trump administration also sent the USNS Comfort hospital ship to New York Harbor.\n\nThe Comfort, which was sent to New York after 9/11, is outfitted with 1,000 beds and up to 1,200 doctors, nurses and medical specialists, as well as an array of medical equipment.",
    "title": "Trump says he is \u2018producing tremendously\u2019 for NY to battle coronavirus",
    "top-image": "https://nypost.com/wp-content/uploads/sites/2/2020/03/trump-new-york-65.jpg?quality=90&strip=all&w=1024",
    "df_date": 20200325,
    "source": "nypost.com",
    "label": "reliable"
}