{
    "url": "https://www.nbcnews.com/politics/donald-trump/trump-s-business-barred-bailout-money-senate-coronavirus-bill-schumer-n1168466?cid=public-rss_20200325",
    "uid": "1637742779.978408.-politics-donald-trump-trump-s-business-barred-bailout-money-senate-coronavirus-bill-schumer-n116846",
    "images": [
        "https://media-cldnry.s-nbcnews.com/image/upload/t_fit-760w,f_auto,q_auto:best/newscms/2020_13/2890116/190610-trump-hotel-washington-dc-cs-110p.jpg",
        "https://media-cldnry.s-nbcnews.com/image/upload/t_nbcnews-fp-1200-630,f_auto,q_auto:best/newscms/2020_13/2890116/190610-trump-hotel-washington-dc-cs-110p.jpg",
        "https://media-cldnry.s-nbcnews.com/image/upload/t_focal-760x428,f_auto,q_auto:best/MSNBC/Components/Video/202003/n_mj_schumer_200325_1920x1080.jpg"
    ],
    "publication-date": "2020-03-26",
    "text": "President Donald Trump will not be eligible for any federal assistance for his businesses as part of the coronavirus stimulus package that the Senate agreed upon early Wednesday morning, text of the bill showed.\n\nThat text includes a provision to prohibit businesses controlled by the president, vice president, members of Congress, heads of executive departments and their immediate family members \u2014 spouses, children and in-laws \u2014 from receiving loans or investments from Treasury programs as part of the stimulus package.\n\nThat measure came out of negotiations on a portion of the bill providing $500 billion in loans to distressed industries. That fund would be under the Treasury Department's control and could include bailout payments to hard-hit businesses like hotels and cruise lines.\n\nFull coverage of the coronavirus outbreak\n\nSpeaking on MSNBC's \"Morning Joe,\" Wednesday, Senate Minority Leader Chuck Schumer, D-N.Y., was pressed on whether the provision was unfair.\n\n\"I think the danger is much greater the other way, Joe, that if they get a financial interest then they\u2019ll make policy decisions leaning and bending in that direction,\" Schumer said. \"Look, I\u2019ve always believed ... that those who make the laws shouldn\u2019t directly benefit monetarily from those laws. We\u2019ve tried to get better and better and better at that, and this is just another example. It\u2019s not aimed just at Donald Trump, but at anyone in high office.\"\n\nOn CNN's \"New Day,\" Schumer said the provision was aimed not just at Trump \"but any major figure in government, Cabinet, Senate, congressmen, if they have majority, they have majority control, they can't get grants or loans and that makes sense.\"\n\nTrump's private businesses have been under intense scrutiny during his presidency with critics accusing him of attempting to profit off his office. Trump did not divest from the Trump Organization, which is now run by his two adult sons Donald Trump Jr. and Eric Trump.\n\nAccording to The Washington Post, six of Trump's seven highest revenue-generating clubs and hotels have shuttered in recent weeks because of measures meant to slow the spread of COVID-19.\n\nTrump was asked during Sunday's White House coronavirus task force press conference if he would commit that none of the stimulus money would go toward his business. The president then lamented that \"nobody cared\" or said \"thank you very much\" that he has forgone the president's annual salary in excess of $400,000.\n\nDownload the NBC News app for full coverage and alerts about the coronavirus outbreak\n\n\"Look, I ran and everybody knew I was a rich person,\" Trump said. \"I built a great company and people knew that. But I agreed to do things I didn't have to. I still don't have to. But my company \u2014 I told the kids, who are running it \u2014 I'm not running it. But I told them, 'Don't deal with foreign companies. Don't deal\u2026' I didn't have to do that. I could have just ran and I have \u2014 I didn't have to do that at all.\"\n\n\"And instead of being thanked for, again, not agreeing to do, but just not doing it, I get excoriated all the time,\" Trump continued. \"So I've learned \u2014 let\u2019s just see what happens because we have to save some of these great companies. They can be great companies, literally, in a matter of weeks. We have to save them.\"",
    "title": "Trump's businesses barred from bailout money in Senate coronavirus bill",
    "top-image": "https://media-cldnry.s-nbcnews.com/image/upload/t_nbcnews-fp-1200-630,f_auto,q_auto:best/newscms/2020_13/2890116/190610-trump-hotel-washington-dc-cs-110p.jpg",
    "df_date": 20200325,
    "source": "www.nbcnews.com",
    "label": "reliable"
}