{
    "url": "https://uk.reuters.com/article/uk-heath-coronavirus-spain/spains-coronavirus-death-toll-overtakes-chinas-idUKKBN21C220",
    "uid": "1637742778.403934.-article-uk-heath-coronavirus-spain-spains-coronavirus-death-toll-overtakes-chinas-idukkbn21c220",
    "images": [
        "https://static.reuters.com/resources/r/?m=02&d=20200326&t=2&i=1508258286&r=LYNXMPEG2O2CM&w=800"
    ],
    "publication-date": "2020-03-25",
    "text": "MADRID (Reuters) - Spain struggled to cope on Wednesday with a mounting coronavirus crisis as its death toll exceeded China\u2019s with another 738 lives lost in a single day, and a third senior government minister was diagnosed with the virus.\n\nWith 3,434 fatalities, Spain now has the second-highest number of deaths globally after Italy\u2019s 6,820. Nursing homes across the country have been overwhelmed and a skating rink in Madrid has been turned into a makeshift morgue.\n\nPolice stood guard on Wednesday outside the rink, normally a popular venue for children\u2019s birthday parties, as hearses arrived at the building.\n\nDeputy Prime Minister Carmen Calvo became the third cabinet member to test positive for the virus, but the government said she was doing well.\n\nParliament sat late into the night for a session aimed at approving extending to 30 days a 15-day state of emergency which has shuttered schools, restaurants and most shops. The extension was guaranteed after the opposition People\u2019s Party pledged support.\n\nPeople have been largely confined to their homes since the lockdown began on March 14.\n\n\u201cWe have achieved a near total reduction in social contact,\u201d health emergency chief Fernando Simon told a news conference, adding that Spain was nearing the peak of the epidemic.\n\nDiagnoses increased by a fifth to 47,610 on Wednesday but the total could be higher: 137,000 workers are known to have taken sick leave associated with the virus, including to go into preventative isolation.\n\nSlideshow ( 19 images )\n\nBASIC EQUIPMENT NEEDED\n\nMedical staff, thousands of whom have become infected, have taken out lawsuits against the government, complaining of a lack of basic protective equipment like masks, scrubs and gloves.\n\nThe army has asked NATO for ventilators, protective gear and testing kits, Armed Forces Chief Miguel Villarroya said.\n\nThe government had ordered 432 million euros ($467 million) worth of masks, gloves, testing kits and ventilators to be delivered over the next eight weeks, with the first large batch expected this week, Health Minister Salvador Illa said.\n\nIn an example of how companies are changing assembly lines to produce medical products, a shoe factory in northern Spain has switched to making simple protective masks - first for its own personnel and then for distribution.\n\n\u201cNow we are working hard to ... make something a little more sophisticated for it to reach medical use,\u201d Basilio Garcia, chief executive of the Callaghan shoe factory, told Reuters.\n\nLockdown has dealt a punishing blow to the Spanish economy, with tens of thousands of workers temporarily laid off as sectors like retail, tourism and manufacturing grind to a halt. One of Spain\u2019s biggest employers, El Corte Ingles, said it would temporarily lay off 22,000 workers at its department stores.",
    "title": "Spain's coronavirus death toll overtakes China's",
    "top-image": "https://static.reuters.com/resources/r/?m=02&d=20200326&t=2&i=1508258286&r=LYNXMPEG2O2CM&w=800",
    "df_date": 20200325,
    "source": "uk.reuters.com",
    "label": "reliable"
}