{
    "url": "https://www.zerohedge.com/geopolitical/pompeo-issues-5-facts-says-iran-imported-covid-19-least-5-countries",
    "uid": "1637755669.697676.-geopolitical-pompeo-issues-5-facts-says-iran-imported-covid-19-least-5-countries",
    "images": [
        "/images/logo/full.svg",
        "/images/icons/triangle.svg",
        "/images/logo/logo-mobile.svg",
        "/favicons/favicon.png",
        "/images/icons/hamburger-menu.svg",
        "/images/icons/user.svg"
    ],
    "publication-date": null,
    "text": "",
    "title": "Zerohedge",
    "top-image": "/favicons/favicon.png",
    "df_date": 20200325,
    "source": "www.zerohedge.com",
    "label": "unreliable"
}