{
    "url": "https://www.nbcnews.com/health/health-news/live-blog/coronavirus-updates-senate-passes-2-trillion-stimulus-plan-u-s-n1168156/ncrd1168551",
    "uid": "1637742780.5128734.-health-health-news-live-blog-coronavirus-updates-senate-passes-2-trillion-stimulus-plan-u-s-n116815",
    "images": [
        "https://media-cldnry.s-nbcnews.com/image/upload/t_nbcnews-fp-1200-630,f_auto,q_auto:best/newscms/2020_13/3280781/200324-coronavirus-live-blog-social-only.jpg",
        "https://media1.s-nbcnews.com/j/newscms/2020_01/3168931/video-slate-fallback_363c83282682fdd7f06de8310326584d.focal-760x428.png"
    ],
    "publication-date": "2020-03-25",
    "text": "SEE NEW POSTS\n\nRussia\u2019s constitutional vote indefinitely postponed as coronavirus numbers rise A man wearing a face mask walks in central Moscow on Thursday. Yuri Kadobnov / AFP - Getty Images Russia's nationwide vote on constitutional amendments slated for April 22 was postponed Wednesday as the number of coronavirus cases in the country surged. President Vladimir Putin said the vote has been put off \"until a later date\" without offering more specifics. He also announced that next week will be a national paid holiday, with no one but essential personnel going to work. \"Believe me, the safest thing to do right now is to be at home,\" Putin added. The number of coronavirus cases in Russia surged to 658 on Wednesday, government officials said. Share this -\n\n\n\n\n\n\n\nTrump's businesses barred from bailout money in Senate coronavirus bill President Donald Trump will not be eligible for any federal assistance for his businesses as part of the coronavirus stimulus package that the Senate agreed upon early Wednesday morning, Senate Minority Leader Chuck Schumer, D-N.Y., said in a letter to Democratic senators summarizing the bill. In his summary, Schumer said that the bill will include a provision to \"prohibit businesses controlled by the president, vice president, members of Congress, and heads of executive departments from receiving loans or investments from Treasury programs.\" That measure came out of negotiations on a portion of the bill providing $500 billion in loans to distressed industries. That fund would be under the Treasury Department's control and could include bailout payments to hard-hit businesses like hotels and cruise lines. Read more here. Share this -\n\n\n\n\n\n\n\nPhoto: Disinfecting the Pyramids Workers disinfect the Giza pyramids necropolis on the outskirts of Cairo on Wednesday as protective a measure against the spread of the coronavirus. Khaled Desouki / AFP - Getty Images Share this -\n\n\n\n\n\n\n\nEmployee at FEMA operations center tests positive A Federal Emergency Management Agency employee, who works in the agency's operations center at its headquarters in Washington, D.C., has tested positive for COVID-19, according to an internal email obtained by NBC News. The third floor of the headquarters, where the employee worked, was shut down for cleaning and everyone else was temporarily told to work remotely, according to the email sent Tuesday night. The floor is part of the operations center for the agency's national emergency response to coronavirus. This morning employees were back at work, spacing out their desks. Employees who are required to continue working in the office are undergoing temperature screening and implementing social distancing. In a statement, the agency noted the positive test, saying that \"at no time did this individual or any others known to have contact with them, come within six feet of the Vice President or any other Task Force principal for any period of time\" during the White House group's visit to the agency headquarters two days ago. Share this -\n\n\n\n\n\n\n\nGeorgia hospital worker found dead at home with her kid A 42-year-old hospital worker in Georgia who had coronavirus was found dead in her home with her 4-year-old child by her body. Diedre Wilkes' body was discovered Thursday in the living room of her home in Newnan, about 40 miles southwest of Atlanta, after a family member called the Coweta County Sheriff's Office requesting a welfare check, the coroner, Richard Hawk, told NBC News on Wednesday. Read the full story here. Share this -\n\n\n\n\n\n\n\nThailand imposes state of emergency to control virus Thai people wearing protective masks ride through a wholesale market in Bangkok, Thailand on Wednesday. Gemunu Amarasinghe / AP Thailand's prime minister announced a state of emergency on Wednesday as the country tries to contain the spread of the coronavirus. In a nationwide address, Prayuth Chan-ocha said emergency measures will come into force on Thursday and last until at least the end of April. Chan-ocha said large gatherings will be banned, and people under the age of 5 and over 70 will be asked to stay home. Public venues including gyms, nightclubs and massage parlors will also be shut down. Thailand has so far reported 827 coronavirus cases and four deaths. Share this -\n\n\n\n\n\n\n\nFormer Fed chairman sees \u2018very sharp\u2019 recession Former Federal Reserve Chairman Ben Bernanke sounded an optimistic tone on the longer-term state of the economy, predicting in a CNBC interview Wednesday that while the U.S. is facing an acute recession, it shouldn\u2019t last. \u201cIt is possible there\u2019s going to be a very sharp, short, I hope short, recession in the next quarter because everything is shutting down of course,\u201d he said on \u201cSquawk Box.\u201d \u201cIf there\u2019s not too much damage done to the workforce, to the businesses during the shutdown period, however long that may be, then we could see a fairly quick rebound.\u201d During the financial crisis that exploded in 2008, Bernanke guided the Fed through its efforts to save the economy. Read the full article here. Share this -\n\n\n\n\n\n\n\nObama: Social distancing needs to stay in place until testing is more widely available Former President Barack Obama tweeted Wednesday that current social distancing policies need to stay in place until testing for the novel coronavirus is more widespread. Obama's tweet comes as President Donald Trump has pushed in recent days for the U.S. economy to begin ramping up by Easter. These are the burdens our medical heroes already face in NYC. It's only going to get harder across the country. Another reason to maintain social distancing policies at least until we have comprehensive testing in place. Not just for our sake\u2014for theirs. https://t.co/bwNXhOPMYs \u2014 Barack Obama (@BarackObama) March 25, 2020 \"These are the burdens our medical heroes already face in NYC,\" Obama tweeted, linking to a New Yorker magazine story detailing the struggles from inside New York City's stressed hospitals. \"It's only going to get harder across the country. Another reason to maintain social distancing policies at least until we have comprehensive testing in place. Not just for our sake \u2014 for theirs.\" In recent weeks, Obama has made use of his large social media platforms to address the coronavirus pandemic, posting like never before since leaving office. The former president has posted messages promoting safety measures, explained the reasoning behind strong new restrictions to combat the virus and shared stories he finds inspiring of individuals and organizations taking action during the crisis. Share this -\n\n\n\n\n\n\n\nWikileaks founder Julian Assange denied bail after lawyers claim virus risk WikiLeaks founder Julian Assange arrives in court after he was arrested in London last spring. Hannah McKay / Reuters fo;e WikiLeaks founder Julian Assange, who is fighting extradition from Britain to the United States, was denied bail on Wednesday after his lawyers said he should be released from prison because of the coronavirus outbreak. The 48-year-old is wanted by the United States on 18 criminal counts of conspiring to hack government computers and violating an espionage law and says he could spend decades in prison if convicted. Judge Vanessa Baraitser at Westminster Magistrates' Court ruled that he should remain in Belmarsh Prison in London. Share this -\n\n\n\n\n\n",
    "title": "Russia\u2019s constitutional vote indefinitely postponed as coronavirus numbers rise",
    "top-image": "https://media-cldnry.s-nbcnews.com/image/upload/t_nbcnews-fp-1200-630,f_auto,q_auto:best/newscms/2020_13/3280781/200324-coronavirus-live-blog-social-only.jpg",
    "df_date": 20200325,
    "source": "www.nbcnews.com",
    "label": "reliable"
}