{
    "url": "https://in.reuters.com/article/us-health-coronavirus-britain-wealth/for-britains-gig-economy-workers-coronavirus-means-tough-choices-idINKBN21C2C0",
    "uid": "1637742776.4108715.-article-us-health-coronavirus-britain-wealth-for-britains-gig-economy-workers-coronavirus-means-tou",
    "images": [
        "https://static.reuters.com/resources/r/?m=02&d=20200325&t=2&i=1508049105&r=LYNXMPEG2O1OL&w=800"
    ],
    "publication-date": "2020-03-25",
    "text": "LONDON (Reuters) - Melissa Preston has a choice: go to work for the money to pay her rent or stay at home to keep her family safe from the coronavirus outbreak.\n\nFILE PHOTO: A woman walks across London Bridge during rush hour, as the spread of coronavirus disease (COVID-19) continues. London, Britain, March 25, 2020. REUTERS/Hannah Mckay/File Photo\n\nBefore the pandemic, Preston earned around 250 pounds ($290) a week as a cleaner. Now she is worried about putting herself and her family at risk by going in and out of other people\u2019s homes.\n\nLike some 5 million Britons, she is self-employed, so does not get sick pay. Government benefits alone would not be enough to pay the 800 pounds monthly rent for her house in Northampton, central England, where she lives with her two daughters.\n\n\u201cIt\u2019s a choice between: do I go and put myself at risk and then bring that in to my children? ... Or do I just, you know, bite the bullet?\u201d Preston, who is 42, told Reuters.\n\nShe has bought protective clothing and even goggles to wear while she cleans.\n\nPrime Minister Boris Johnson said on Wednesday the government would set out in the next couple of days what support it would be giving self-employed workers, after facing criticism for not including them in billions of pounds worth of measures taken so far to help businesses and protect wages.\n\nFinance minister Rishi Sunak said on Tuesday the government was working on measures to help self-employed people but acknowledged it was difficult to do so fairly because not all of them are losing money.\n\nSo far, the only measure the government has announced to help self-employed workers has been to increase Universal Credit by nearly 20 pounds extra per week.\n\nThe worst public health crisis since the 1918 flu pandemic has shut down countries and led financial markets to crash, bringing losses for businesses and investors. But it has left millions of poor people around the world particularly exposed.\n\nAccording to a report by the Resolution Foundation think-tank, while 31% of people in finance, insurance and business are able to work from home, fewer than one in ten in the bottom half of the earnings table can.\n\nJohnson has promised statutory sick pay of 94.25 pounds a week to be available from the first day of illness instead of four days.\n\nBut this makes no provision for the nearly seven million workers who do not qualify for statutory sick pay because they are self-employed or don\u2019t meet the earnings threshold of 118 pounds per week.\n\n\u201cGovernment advice is to tell people to look after their own health ... they can\u2019t brush over the fact that they\u2019ve left millions of people actually unprotected financially,\u201d said Joshua Nokes, a pizza delivery driver from Daventry.\n\nWhen he developed a cough on Sunday he started self-isolating and is now waiting to find out if he\u2019ll receive sick pay, which would see his income reduced by 75%.\n\nIn the last few days, Melissa has spent hours calling government phone numbers and looking online for answers. She watches the government\u2019s daily news conferences on TV to see if any measures to help people like her will be announced.\n\n\u201cI\u2019ve been watching that every day. I\u2019m glued to it ... watching it, just sort of waiting.\u201d",
    "title": "For Britain's gig economy workers, coronavirus means tough choices",
    "top-image": "https://static.reuters.com/resources/r/?m=02&d=20200325&t=2&i=1508049105&r=LYNXMPEG2O1OL&w=800",
    "df_date": 20200325,
    "source": "in.reuters.com",
    "label": "reliable"
}