{
    "url": "https://www.nbcnews.com/news/us-news/florida-coronavirus-cases-surge-spring-breakers-express-regret-n1168686?cid=public-rss_20200325",
    "uid": "1637742839.3709059.-news-us-news-florida-coronavirus-cases-surge-spring-breakers-express-regret-n1168686",
    "images": [
        "https://media-cldnry.s-nbcnews.com/image/upload/t_focal-760x428,f_auto,q_auto:best/MSNBC/Components/Video/202003/tdy_news_kerry_coronavirus_200320_1920x1080.jpg",
        "https://media-cldnry.s-nbcnews.com/image/upload/t_nbcnews-fp-1200-630,f_auto,q_auto:best/newscms/2020_13/3282081/200324-pompano-beach-al-1344.jpg",
        "https://media-cldnry.s-nbcnews.com/image/upload/t_fit-760w,f_auto,q_auto:best/newscms/2020_13/3282081/200324-pompano-beach-al-1344.jpg"
    ],
    "publication-date": "2020-03-25",
    "text": "The clip went viral. \"If I get corona, I get corona. At the end of the day, I'm not gonna let it stop me from partying,\" Brady Sluder, a spring breaker in Miami, said last week.\n\nNow, as the United States is at about 55,000 cases of the coronavirus, including more than 780 deaths, and is on track to become the new center of the pandemic, he has revised his message: \"Don't be arrogant and think you're invincible like myself.\"\n\nOn Monday, Sluder posted a lengthy apology on his Instagram, first reported by The Cincinnati Enquirer, in which he said he \"wasn't aware of the severity of my actions.\"\n\nOf course, Sluder, 22, of Milford, Ohio, has elderly people in his life whom he \"adores.\" He didn't want to put anyone at risk. Now, he understands how serious the virus is and is encouraging people to follow the guidelines on how to stay safe and reduce risk. Most of all, he's sorry.\n\nSluder's apology comes as more and more people are focusing their attention on how young people are responding to the virus, with the term \"COVIDIOT\" being used to describe some actions, especially since the news broke that at least six University of Tampa students tested positive after returning from spring break.\n\nAfter initial reports that young people are largely unaffected by the disease, it's increasingly clear that they are not only affected by the virus but also can get very sick from it \u2014 even fatally so. It leaves many wondering: Are spring breakers like Sluder to blame for their previous blas\u00e9 attitude, or is it more the fault of governments for not communicating the severity of the situation?\n\nDavid Anzarouth, who is recovering from COVID-19, the disease caused by the coronavirus, went to Miami in early March for vacation. Ten days later, the 25-year-old from Toronto was in a hospital emergency room with the virus, feeling \"the most incredible pain that I've ever experienced,\" according to the Canadian Broadcasting Corporation.\n\nAnzarouth, who declined to comment further to NBC News but said through a spokesperson that he is feeling \"well,\" said he regrets going.\n\nThe coronavirus, he said, was \"definitely on everybody's mind but ... at the time, we thought, 'Let's not lose all this money.' I myself have been needing a vacation.\"\n\n\"There's no one to blame. ... I understand that I put myself into a place where I risked my health,\" he told the CBC.\n\nBut Molly, a student at the University of Pittsburgh who asked that only her first name be used, thinks it's more complicated than that.\n\nLike Sluder, Molly went to Florida two weeks ago on spring break. When she left, nobody she knew was talking about the virus. Then, on March 13, while she was in Florida, a national emergency was declared.\n\n\"My friends and I all freaked out,\" said Molly, 22. They decided to be \"low-key\" for the rest of the trip, avoiding clubs and crowded sections of the beach. Scheduled to go home the next day, Molly felt like a day or two wouldn't make a difference and didn't have the extra money to book a last-minute flight.\n\nNow, she has second thoughts about the whole trip as cases in Florida continue to rise.\n\nMolly feels fine, but she lives with her sister who works with the public and is worried about being an asymptomatic carrier.\n\nShe saw Sluder's video and said she has \"a lot of feelings about it.\" She felt it was \"really ignorant and selfish,\" but she said, \"Most people are ignorant and selfish, especially at, like, 18 to 22 years old.\"\n\n\"At the time of the video, I don't think most people were considering the gravity of a pandemic, and I think that needs to be taken into account before we shame and ridicule these people,\" Molly said. Instead, they were probably thinking about the money they'd sunk into the trip and the break they'd been looking forward to for weeks or months, she said.\n\nMichael Arceneaux took Molly's point one step further in his piece for NBC News THINK, titled \"Young people didn't social distance because the government kept telling them not to worry.\"\n\nArceneaux said he \"joined the nation in the booing and hissing\" after watching clips of people like Sluder continuing to party on spring break, but he says they are not to blame.\n\n\"The disease is spreading because the people in power \u2014 largely old white men \u2014 have failed the nation by not properly preparing for its effects in spite of dire warnings,\" he wrote.\n\nFlorida came under sharp criticism for its refusal to close its beaches as other states were shutting down nonessential businesses. If public health officials and governors weren't telling students to stay off the beaches, why should people have known better?\n\nAt that point, Arceneaux argued, leaders had \"given them no real reason to give a damn.\"\n\nStill, Abbey Acolia, 19, a college student in New Jersey, thinks the students in Florida could've shown more restraint. Her spring break on the Jersey Shore was more low-key, because she and her friends tried to stay inside the house they rented.\n\n\"We made the best of that,\" Acolia said.\n\nAcolia and her friends left the house sometimes, but she said that whenever they did, it was so deserted it felt \"eerie.\" She was unhappy when she saw the video of the spring breakers on the beach and felt like they were being foolish.\n\n\"They didn't seem to care,\" she said.",
    "title": "As Florida coronavirus cases surge, spring breakers express regret",
    "top-image": "https://media-cldnry.s-nbcnews.com/image/upload/t_nbcnews-fp-1200-630,f_auto,q_auto:best/newscms/2020_13/3282081/200324-pompano-beach-al-1344.jpg",
    "df_date": 20200325,
    "source": "www.nbcnews.com",
    "label": "reliable"
}