{
    "url": "https://www.cnn.com/2020/03/25/politics/g7-coronavirus-statement/",
    "uid": "1637742836.823942.-2020-03-25-politics-g7-coronavirus-statement-",
    "images": [
        "//cdn.cnn.com/cnnnext/dam/assets/211103173521-01-kids-covid-vaccine-chlidrens-national-hospital-large-169.jpg",
        "//cdn.cnn.com/cnnnext/dam/assets/191016143204-01-pompeo-1016-exlarge-169.jpg",
        "//cdn.cnn.com/cnnnext/dam/assets/211104211109-sesame-street-rosita-vaccine-vpx-large-169.jpg",
        "//cdn.cnn.com/cnnnext/dam/assets/211117174944-covid-iowa-christmas-lights-large-169.jpg",
        "//cdn.cnn.com/cnnnext/dam/assets/211103094440-dr-fauci-on-covid-vaccine-large-169.jpg",
        "data:image/gif;base64,R0lGODlhEAAJAJEAAAAAAP///////wAAACH5BAEAAAIALAAAAAAQAAkAAAIKlI+py+0Po5yUFQA7",
        "//cdn.cnn.com/cnnnext/dam/assets/200323165804-01-donald-trump-0322-large-169.jpg",
        "//cdn.cnn.com/cnnnext/dam/assets/210914184514-children-walking-backpacks-stock-large-169.jpg",
        "https://cdn.cnn.com/cnnnext/dam/assets/200128095812-mike-pompeo-file-super-tease.jpg",
        "//cdn.cnn.com/cnnnext/dam/assets/211103093927-kid-pfizer-vaccine-newsroom-large-169.jpg",
        "//cdn.cnn.com/cnnnext/dam/assets/211104101259-dr-gupta-dr-murthy-citizen-large-169.jpg",
        "//cdn.cnn.com/cnnnext/dam/assets/211118220518-bettina-lerman-covid-survivor-vpx-large-169.jpg",
        "//cdn.cnn.com/cnnnext/dam/assets/211123132939-astrazeneca-ceo-covid-vaccine-pascal-soriot-large-169.jpg",
        "//cdn.cnn.com/cnnnext/dam/assets/211104212516-covid-survivor-gupta-pkg-large-169.jpg",
        "//cdn.cnn.com/cnnnext/dam/assets/211121104058-fauci-sotu-112121-large-169.jpg",
        "//cdn.cnn.com/cnnnext/dam/assets/211119160549-gupta-booster-data-11-19-2021-large-169.jpg",
        "//cdn.cnn.com/cnnnext/dam/assets/211101152724-01-richard-soliz-covid-survivor-apology-large-169.jpg",
        "//cdn.cnn.com/cnnnext/dam/assets/211111133120-daughter-mom-misinformation-vaccine-trial-vpx-00001205-large-169.png",
        "//cdn.cnn.com/cnnnext/dam/assets/191016143204-01-pompeo-1016-large-169.jpg",
        "//cdn.cnn.com/cnnnext/dam/assets/211105121450-video-thumbnail-pfizer-ceo-large-169.jpg"
    ],
    "publication-date": null,
    "text": "Washington (CNN) A push by the US State Department to include the phrase \"Wuhan virus\" in a joint statement with other Group of Seven members following a meeting of foreign ministers on coronavirus on Wednesday was rejected, resulting in separate statements and division in the group.\n\n\"What the State Department has suggested is a red line,\" a European diplomat said. \"You cannot agree with this branding of this virus and trying to communicate this.\"\n\nThe proposed draft statement by the United States also blamed China for the pandemic's spread, the diplomat told CNN.\n\nAlthough the World Health Organization officially has dubbed the illness Covid-19 or coronavirus, a 12-paragraph draft statement circulated by the US among the G7 ministers referred to it as the \"Wuhan virus.\" Because the US holds the presidency for the international coalition -- which also includes the United Kingdom, France, Germany, Italy, Japan and Canada -- it was responsible for penning the draft joint statement.\n\nAs a result, several of the member nations released their own statements following the foreign ministers' meeting, which was held virtually due to the coronavirus pandemic.\n\nRead More",
    "title": "US push to include 'Wuhan virus' language in G7 joint statement fractures alliance",
    "top-image": "https://cdn.cnn.com/cnnnext/dam/assets/200128095812-mike-pompeo-file-super-tease.jpg",
    "df_date": 20200325,
    "source": "www.cnn.com",
    "label": "reliable"
}