{
    "url": "https://www.theepochtimes.com/canada-should-partner-with-taiwan-on-covid-19-and-distance-itself-from-beijing-expert-says_3284579.html",
    "uid": "1637755666.1944802.-canada-should-partner-with-taiwan-on-covid-19-and-distance-itself-from-beijing-expert-says-3284579-",
    "images": [
        "https://img.theepochtimes.com/assets/uploads/2021/11/15/CR-Nov-14-600x338.jpg",
        "/assets/themes/eet/images/logo_eet.svg",
        "/assets/themes/eet/images/logo_vertical.png",
        "https://img.theepochtimes.com/assets/uploads/2021/11/22/crime-scene-1236720725-300x180.jpg",
        "https://img.theepochtimes.com/assets/uploads/2021/11/18/biden-yt-tn-v2.001-600x338.png",
        "https://www.theepochtimes.com/assets/themes/eet/images/EET_footer.png",
        "https://img.theepochtimes.com/assets/uploads/2020/03/24/229837481-700x420.jpg",
        "https://img.theepochtimes.com/assets/uploads/2021/11/18/jeffrey-tucker-FINALLL-600x338.jpg",
        "https://img.theepochtimes.com/assets/uploads/2021/11/24/biden-in-suit-6-1200x784-300x180.jpg",
        "https://img.theepochtimes.com/assets/uploads/2021/11/19/FirstLadyFlorida-1920x1080-CS-1-600x338.jpg",
        "/assets/themes/eet/images/premium/EpochTV_Gold_Home.png",
        "https://img.theepochtimes.com/assets/uploads/2021/05/26/larry-440x880.jpeg",
        "https://img.theepochtimes.com/assets/uploads/2021/11/16/Letter-From-CDC-Admits-They-Have-ZERO-Record-of-Naturally-Immune-People-Transmitting-Virus-600x338.png",
        "https://img.theepochtimes.com/assets/uploads/2021/11/12/Global-Fallout-of-Chinas-Economic-Crises-600x338.jpg",
        "https://img.theepochtimes.com/assets/uploads/2021/09/10/AmericanCrossroads_HomePoster_BW_600x1200.jpg",
        "https://img.theepochtimes.com/assets/uploads/2020/04/01/1601cb7c303a11f5_ttl7dayqeu_WEB_ShaneMiller.jpg",
        "https://img.theepochtimes.com/assets/uploads/2021/11/20/Dr.-Paul-Alexander-rectangle-600x338.jpg",
        "https://img.theepochtimes.com/assets/uploads/2021/07/02/Surname_update_600x1200-1.jpg",
        "https://img.theepochtimes.com/assets/uploads/2021/04/28/ATL.jpg",
        "https://img.theepochtimes.com/assets/uploads/2021/11/19/REC-WA11181-600x336.jpg",
        "https://img.theepochtimes.com/assets/uploads/2021/11/18/Beau-Ep100-600x338.jpg",
        "https://img.theepochtimes.com/assets/uploads/2021/11/19/CR-Nov-18-600x338.jpg",
        "https://img.theepochtimes.com/assets/uploads/2021/04/28/fm-oold.jpg",
        "https://img.theepochtimes.com/assets/uploads/2020/03/24/229837481-1200x793.jpg",
        "https://img.theepochtimes.com/assets/uploads/2021/11/22/darrell-brook-300x180.jpg"
    ],
    "publication-date": "2020-03-24",
    "text": "A security guard limits the number of clients going into a bank to help prevent the spread of COVID-19 through social distancing, in Ottawa on March 24, 2020. (The Canadian Press/Justin Tang)\n\nCanada Should Partner With Taiwan on COVID-19 and Distance Itself From Beijing, Expert Says\n\nTo combat COVID-19, Canada should follow the example of the United States and the European Union and partner with Taiwan, while further distancing itself from China, says Marcus Kolga, senior fellow with the Macdonald-Laurier Institute.\n\n\u201cTaiwan is a fiercely democratic and transparent nation that can be trusted, and was among the most effective in combating this pandemic,\u201d Kolga told The Epoch Times.\n\nIn contrast, he says, \u201cthe Chinese government has lied, deflected, and created a mountain of fake information about [COVID-19] to avoid any responsibility for their negligence in enabling the initial outbreak.\u201d\n\nThe United States recently announced that it is partnering with Taiwan\u2014which, despite being next door to China, has very few cases of COVID-19\u2014to collaborate on measures to combat the pandemic.\n\nThe partnership includes cooperation on research and development on vaccine and medicine to fight the Chinese Communist Party (CCP) virus, commonly known as the novel coronavirus, and supply and exchange of medical supplies and equipment, among others.\n\nOfficials with the EU also recently met with Taiwanese researchers to discuss collaboration on fighting COVID-19.\n\nAmong the actions Taiwan took to control the spread of the virus was stopping all travel from China in the early days of the outbreak and enforcing a mandatory two-week quarantine for all those who recently entered Taiwan.\n\nOther countries around the world, including the United States, also eventually restricted travel from China; Canada, however, still had no restrictions on flights from China or other countries until recently. China\u2019s foreign minister praised Canada in early February for not restricting flights from China, and blasted the United States for doing so.\n\nKolga says Canada should take a more principled stance toward Beijing and not be pressured by business interests to give China\u2014which he says is responsible for enabling the initial outbreak by hiding the facts\u2014a pass on its bad behaviour.\n\n\u201cCanadian corporations who are partnered with Chinese regime-linked firms, such as Huawei, will continue pressuring our government to absorb Beijing\u2019s propaganda attacks and bully diplomacy and ignore their ongoing mass human rights abuses,\u201d he says.\n\nKolga adds that Canada should be partnering with other like-minded countries in the region to better counter the regime\u2019s aggressions.\n\n\u201cChina has proven itself time and time again to be an unreliable, untrustworthy, and dangerous adversary, which we should be working towards shielding ourselves against,\u201d he says. \u201cOne way to do that is to embrace those states and nations in the region that we share values with\u2014namely, Taiwan and Japan.\u201d\n\nAnother area of concern, Kolga says, is the CCP\u2019s intimidation of members of the Chinese diaspora to act in the regime\u2019s interests through its United Front organization, a CCP agency in charge of spreading Beijing\u2019s influence abroad. What is needed to combat this, he says, is \u201cprincipled leaders who do not fear intimidation from Beijing.\u201d\n\n\u201cOnly then will Canada break free from Beijing\u2019s tightening grip.\u201d",
    "title": "Canada Should Partner With Taiwan on COVID-19 and Distance Itself From Beijing, Expert Says",
    "top-image": "https://img.theepochtimes.com/assets/uploads/2020/03/24/229837481-1200x793.jpg",
    "df_date": 20200325,
    "source": "www.theepochtimes.com",
    "label": "unreliable"
}