{
    "url": "https://in.reuters.com/article/us-health-coronavirus-world-bank-imf/world-bank-imf-urge-debt-relief-for-poorest-countries-idINKBN21C2G0",
    "uid": "1637742782.5225399.-article-us-health-coronavirus-world-bank-imf-world-bank-imf-urge-debt-relief-for-poorest-countries-",
    "images": [
        "https://static.reuters.com/resources/r/?m=02&d=20200325&t=2&i=1508051881&r=LYNXMPEG2O1PI&w=800"
    ],
    "publication-date": "2020-03-25",
    "text": "WASHINGTON (Reuters) - The World Bank and the International Monetary Fund on Wednesday urged official bilateral creditors to provide immediate debt relief to the world\u2019s poorest countries as they grapple with severe consequences of the rapidly spreading coronavirus.\n\nFILE PHOTO: International Monetary Fund logo is seen outside the headquarters building during the IMF/World Bank spring meeting in Washington, U.S., April 20, 2018. REUTERS/Yuri Gripas\n\nIn a joint statement, the institutions called on official bilateral creditors to immediately suspend debt payments from International Development Association (IDA) countries, if requested. Those nations, home to a quarter of the world\u2019s population and two-thirds of the world\u2019s population living in extreme poverty, will be hardest hit by the pandemic, they said.\n\n\u201cThis will help with IDA countries\u2019 immediate liquidity needs to tackle challenges posed by the coronavirus outbreak and allow time for an assessment of the crisis impact and financing needs for each country,\u201d the IMF and the World Bank said.\n\nMost of the 76 countries receiving IDA support have gross national income per capita of below $1,175, a threshold that is updated annually.\n\nThe World Bank and the IMF said suspending debt payments, consistent with national laws of the creditor countries, would provide \u201ca global sense of relief for developing countries\u201d and send a strong signal to financial markets.\n\nThey urged the world\u2019s 20 largest economies (G20) to support their call for action.\n\nG20 leaders are due to hold a virtual summit on Thursday to discuss an action plan to deal with the worsening pandemic.\n\nThe new coronavirus, which originated in China in December, has infected over 438,000 people around the globe and killed more than 19,000, according to a Johns Hopkins University tally.\n\nThe Bank and the IMF invited G20 leaders to assess the crisis impact and financial needs for each of the IDA countries, including identifying those with unsustainable debt situations, and to prepare a proposal for comprehensive action by official bilateral creditors.\n\nThey said they would seek endorsement of the proposal at the combined Spring meetings of the Bank and the Fund next month.",
    "title": "World Bank, IMF urge debt relief for poorest countries",
    "top-image": "https://static.reuters.com/resources/r/?m=02&d=20200325&t=2&i=1508051881&r=LYNXMPEG2O1PI&w=800",
    "df_date": 20200325,
    "source": "in.reuters.com",
    "label": "reliable"
}