{
    "url": "https://uk.reuters.com/article/uk-health-coronavirus-agms-analysis/new-ceo-pay-limits-loom-as-investors-confront-coronavirus-crisis-idUKKBN21C27D",
    "uid": "1637742774.9193199.-article-uk-health-coronavirus-agms-analysis-new-ceo-pay-limits-loom-as-investors-confront-coronavir",
    "images": [
        "https://static.reuters.com/resources/r/?m=02&d=20200325&t=2&i=1508037320&r=LYNXMPEG2O1KJ&w=800"
    ],
    "publication-date": "2020-03-25",
    "text": "BOSTON/LONDON (Reuters) - The havoc wrought by the coronavirus crisis could give investors leverage to put new limits on CEO pay packages and link them more closely to a range of social and environmental issues at companies\u2019 annual meetings this spring.\n\nFILE PHOTO: The Wall St. Bull is seen standing on a nearly empty Broadway in the financial district, as the coronavirus disease (COVID-19) outbreak continues, in New York City, New York, U.S., March 23, 2020. REUTERS/Mike Segar/File Photo\n\nExecutive compensation is among issues expected to dominate AGMs around the world, many to be held virtually via video-conferencing, as management and shareholders weigh the impact of the pandemic on their businesses.\n\nEven before the economic shock, many companies were linking executives\u2019 paychecks to new measures. Now there is more political and reputational risk; bumper pay packages for CEOs, who at the top level can earn hundreds of times more than average workers, could prove a sensitive issue for companies at a time when thousands of people are dying, health systems are buckling and millions of people are losing their jobs.\n\n\u201cThere is a massive corporate reckoning coming,\u201d said Todd Sirras, managing director of U.S. consultancy Semler Brossy which advise companies on executive pay.\n\nHe said he expected boards to increasingly adopt compensation plans tied to new metrics like worker health or carbon emissions.\n\nAGMs are key dates for companies, when directors seek shareholders\u2019 blessing for compensation, board lineups and other matters.\n\nEven before the so-called proxy season gets underway, more than 30 major companies have responded to the dire economic situation by cutting executive pay, among them planemaker Boeing Co BA.N, Qantas Airways QAN.AX and hotel group Marriott International MAR.O.\n\n\u2018IT\u2019S GOING TO BE A FOCUS\u2019\n\nIn theory, the economic shock from the pandemic could deflect attention from non-financial matters this year, especially as more annual meetings will be held virtually, which could diminish activists\u2019 influence.\n\nNonetheless, heading into the 2020 proxy season, a consensus was already emerging among boards and investors that better management of so-called environmental, social and governance-related (ESG) risks would lead to more sustainable profits.\n\nIn a study of roughly 4,800 North American and European companies with some type of pay incentive, roughly 11% included an environmental or social metric for the 2018 financial year, voted on at meetings held in 2019, according to leading investor advisory firm Institutional Shareholder Services.\n\nBrett Miller, head of data solutions for ISS ESG, the responsible investment arm of ISS, estimates the figure could reach 25% for the financial year 2019 and rise even further as boards add new targets as a result of the pandemic.\n\nAlso at a time of extreme volatility in markets, directors may embrace ESG targets as something over which executives have more control, Miller said.\n\n\u201cWhen management is willing to put their compensation at risk over this, it\u2019s going to be a focus,\u201d he added.\n\n(Graphic: Utilities at the forefront of ESG-linked pay... png, )\n\n(Graphic: Health and safety trumps climate, diversity png, )\n\nFor interactive graphics detailing extracts from the ISS ESG Analytics report, click here tmsnrt.rs/2wabbQR and here tmsnrt.rs/33n6yPJ.\n\nMost meeting agendas were set weeks before the virus was widely acknowledged as a global problem. But, despite the world changing, several big investors say they are standing by their ESG focus, including the world's largest asset manager, BlackRock Inc. BLK.N\n\nBritain\u2019s Aberdeen Standard Investments said it planned to vote against the board composition of larger UK companies with less than a third of female directors, up from a quarter last year, while in the U.S it would oppose those with less than a quarter.\n\n\u201cThe coronavirus outbreak will, in principle, have no impact - either way - on the focus that we have on encouraging ESG targets in company executive remuneration plans,\u201d said Bill Hartnett, stewardship director at Aberdeen Standard Investments.\n\nFrench asset manager AXA Investment Managers, meanwhile, said it was \u201ccognizant\u201d of the pandemic\u2019s corporate challenges. However it still plans to \u201ctarget laggard companies, within certain markets, where no part of executive remuneration is linked to non-financial ESG criteria\u201d, said AXA corporate governance analyst Irfan Patel.\n\n\u2018WORDS PUT TO THE TEST\u2019\n\nCEOs of S&P 500 companies on average received $14.5 million in total compensation in 2018, according to the most recent data from the AFL-CIO union federation. Among the S&P 500 the average ratio of CEO-to-worker pay was 287 to 1.\n\nIn Britain, top bosses earn 117 times the annual pay of the average UK worker, according to think tank the High Pay Centre. High pay inequality makes poor workers vulnerable if they are laid off. Too many layoffs could interrupt consumer spending and put economies at risk.\n\nOne of those in the crosshairs of investors this year is retailer TJX Cos TJX.N, where CEO Ernie Herrman was paid $18.8 million in fiscal 2019. That was 1,596 times the median annual pay for all other employees, which includes seasonal and temporary employees.\n\nTJX said on March 19 it would close all its stores in the United States and Europe for two weeks in response to the pandemic, but would continue pay workers in that period. A spokesman declined to comment on what could happen after that.\n\nA shareholder resolution submitted for its annual meeting this year asks TJX to consider the pay grades and salary classifications of all employees when setting CEO compensation targets, so that CEO pay is \u201cinternally aligned\u201d with worker pay.\n\nTJX has argued the change is unnecessary.\n\nJonas Kron, senior vice president of resolution proponent Trillium Asset Management, said he hoped the measure would draw strong support this year.\n\n\u201cThere has been a lot of focus on stakeholder capitalism and things like human capital management. This is a time when those words will be put to the test,\u201d he said.",
    "title": "New CEO pay limits loom as investors confront coronavirus crisis",
    "top-image": "https://static.reuters.com/resources/r/?m=02&d=20200325&t=2&i=1508037320&r=LYNXMPEG2O1KJ&w=800",
    "df_date": 20200325,
    "source": "uk.reuters.com",
    "label": "reliable"
}