{
    "url": "https://uk.reuters.com/article/health-coronavirus-hungary-roma/rpt-hungarys-roma-facing-economic-disaster-as-covid-restrictions-lifted-idUKL8N2CN5QQ",
    "uid": "1637752934.1078706.-article-health-coronavirus-hungary-roma-rpt-hungarys-roma-facing-economic-disaster-as-covid-restric",
    "images": [
        "https://s1.reutersmedia.net/resources_v2/images/rcom-default.png?w=800"
    ],
    "publication-date": "2020-05-05",
    "text": "(Repeats Monday\u2019s story to more subscribers; no changes to text)\n\n* Roma hit hard by economic fallout of pandemic lockdown\n\n* COVID-19 could hit Roma slums, ignite tensions - activists\n\n* Plight of Roma poses no political risk for Orban - analyst\n\nMISKOLC, Hungary, May 4 (Reuters) - Robert Filep eyes his prepaid electricity meter anxiously: he has 28.9 kilowatt-hours left. When that runs out, whatever food remains in his fridge will start to rot.\n\nThe father of four lost his construction job last week as the coronavirus pandemic continued to batter businesses.\n\nLike many Hungarian Roma, Filep was employed on a day-to-day basis and such workers are often the first to get laid off. They are also usually ineligible for state benefits because they have been employed in the black economy.\n\n\u201cI have zero reserves,\u201d Filep, 41, told Reuters in his home, a rickety shack in a slum outside the industrial city of Miskolc in eastern Hungary. \u201cI get no social or unemployment benefit, or any kind of support. I have absolutely no income.\u201d\n\nPrime Minister Viktor Orban\u2019s right-wing government has approved a package of measures to alleviate the economic impact of a weeks-long lockdown imposed to curb the spread of COVID-19, the respiratory disease caused by the new coronavirus.\n\nBut the measures mainly target businesses and do not address the immediate needs of vulnerable groups such as the Roma who also now face increased health risks, activists said.\n\nHungary has so far reported 3,051 confirmed COVID-19 cases, including 351 deaths, a relatively modest number due mainly to an early and strict lockdown and to relatively sparse testing.\n\nThere are no separate infection statistics for the Roma, but till now the cities have borne the brunt of the pandemic in Hungary. As the government began lifting the lockdown on Monday, aid workers said they fear the virus could now spread more easily to rural areas where many of Hungary\u2019s Roma live.\n\n\u201cBRUTAL\u201d THREAT\n\n\u201cWhen the virus comes to the slums it will be brutal,\u201d said Krisztina Jasz, a field worker in southern Hungary and a member of the European Anti-Poverty Network.\n\n\u201cPeople are chronically ill, either malnourished or overweight, many with pre-existing respiratory conditions.\u201d\n\nOf Hungary\u2019s 10 million people, close to a million are below the poverty line, including some 300,000 in Roma ghettos. They often have limited access to healthcare and, living cheek-by-jowl, are poorly placed to practise social distancing.\n\nEconomic woes and the pandemic make for an explosive mix, Jasz and others say.\n\n\u201cFirst they borrow, while they can,\u201d Jasz said. \u201cThen thefts and burglaries will rise. And if the pandemic hits a place like Miskolc, solidarity will give way and the Roma will quickly become a police problem.\u201d\n\nThe government did not respond to Reuters\u2019 requests for comment on its plans for the Roma. A spokesman has previously said government policies are designed for all Hungarians.\n\nThe leader of a government task force that coordinates donations and volunteers for needy citizens said it was right to put the focus on preserving and creating jobs.\n\n\u201cWork instead of aid has been a good strategy,\u201d Mariusz Revesz, a lawmaker in Orban\u2019s ruling Fidesz party, told Reuters.\n\nOrban has promised to replace all jobs destroyed by the pandemic but that rings hollow with activists such as Gabor Varadi, who organises food drives to Filep\u2019s slum and elsewhere.\n\n\u201cThey help businessmen, but that hardly helps this community... The government should help with aid packages that ensure the daily survival of these people,\u201d Varadi said.\n\nAnalysts said Orban had been stepping up his anti-Roma rhetoric and had little to lose politically from ignoring the plight of a minority that has long faced prejudice and discrimination in Hungary and elsewhere in eastern Europe.\n\n\u201cThe government will only do anything if it feels threatened politically,\u201d said Peter Kreko, an analyst at Political Capital.\n\n\u201cThe Roma\u2019s situation has deteriorated gradually in the past few years and their votes have routinely been bought... When it\u2019s important they will be given tins of food and bread as they have been before.\u201d\n\nFidesz could even benefit from any social strife involving the Roma by being able to demonstrate its strong law-and-order credentials, Kreko said, adding: \u201cI don\u2019t really see this right-wing politics changing anytime soon.\u201d ($1 = 324.4800 forints) (Writing by Marton Dunai Editing by Gareth Jones)",
    "title": "RPT-Hungary's Roma facing economic disaster as COVID restrictions lifted",
    "top-image": "https://s1.reutersmedia.net/resources_v2/images/rcom-default.png?w=800",
    "df_date": 20200506,
    "source": "uk.reuters.com",
    "label": "reliable"
}