{
    "url": "https://edition.cnn.com/world/live-news/coronavirus-pandemic-05-06-20-intl/h_a6536203ba1a747f783740eb8389a2d2",
    "uid": "1637752976.3205194.-world-live-news-coronavirus-pandemic-05-06-20-intl-h-a6536203ba1a747f783740eb8389a2d2",
    "images": [
        "https://dynaimage.cdn.cnn.com/cnn/digital-images/org/5dc4f840-64cd-40b4-b185-566462df30b4.jpg",
        "https://dynaimage.cdn.cnn.com/cnn/digital-images/org/b8312893-0318-4640-a7cd-06bb0e0bc42d.jpg",
        "https://dynaimage.cdn.cnn.com/cnn/q_auto/https%3A%2F%2Fcdn.cnn.com%2Fcnnnext%2Fdam%2Fassets%2F200505144723-04-trump-0505-super-tease.jpg",
        "https://dynaimage.cdn.cnn.com/cnn/digital-images/org/b0de9fd6-bf68-4171-9d39-a2288e3069c7.jpg",
        "https://dynaimage.cdn.cnn.com/cnn/digital-images/org/fe4b04e9-feef-4d4c-ab29-36432158aeca.jpg",
        "https://dynaimage.cdn.cnn.com/cnn/digital-images/org/0c6beed5-25b5-4e10-9ee9-4e0edb9c55e3.png",
        "https://dynaimage.cdn.cnn.com/cnn/digital-images/org/0324cdb3-3359-4a4f-9a79-cf44e153b6d2.jpg"
    ],
    "publication-date": "2020-05-06",
    "text": "A girl jumps rope by the Tamagawa riverside in Tokyo on May 5. Charly Triballeau/AFP/Getty Images\n\nThe Japanese government is facing a public backlash after it promoted \u201cnew social behavior\u201d guidelines on Monday, as a state of emergency implemented to curb the spread of coronavirus was extended until May 31.\n\nSpeaking at a news conference, an expert panel said the rate of new cases was on the decline in Japan -- but emergency measures would remain in place and the new guidelines should become the norm, as an uptick in infections would overwhelm hospitals.\n\nNew normal: The panel stressed the need to permanently adopt measures such as wearing face masks outside, keeping 2 meters (6.5 ft) between people, teleworking as much as possible, avoiding crowded spaces and washing hands regularly with soap in the long-term fight against the virus.\n\nBacklash ensues: The advice, however, prompted criticism on social media. Many people commented that the new guidelines were obvious and that it was patronizing to try to enforce them.\n\nOne new recommendation made on Monday for people eating in restaurants to sit outside, side-by-side while keeping conversation to a minimum, triggered the biggest adverse reaction.\n\n\u201cI\u2019m dumbfounded ... There are no other experts urging this kind of advice in the world -- just experts in Japan. It\u2019s like they studied the virus, but not human behavior. What\u2019s scarier than the virus is ignorant people giving society guidance on how to tackle it,\u201d said one Twitter user.\n\nOthers, however, preferred to err on the side of caution. One Twitter user posted images of people eating out alone and children at elementary schools eating lunch at their desks with a protective shield around each of them.\n\n\u201cTaiwan and South Korea beat coronavirus and they\u2019ve already been enforcing the measures in the photographs -- we might as well do the same. Wearing masks or eating alone isn\u2019t expensive and it doesn\u2019t infringe on human rights either,\u201d the Twitter user said.\n\nOn Tuesday, the Japanese government said it would reevaluate the need to maintain the state of emergency on a weekly basis, according to public broadcaster NHK.",
    "title": "Japan has issued \"new social behavior\" guidelines. Not everybody is happy about it",
    "top-image": "https://dynaimage.cdn.cnn.com/cnn/digital-images/org/b0de9fd6-bf68-4171-9d39-a2288e3069c7.jpg",
    "df_date": 20200506,
    "source": "edition.cnn.com",
    "label": "reliable"
}