{
    "url": "https://www.telegraph.co.uk/health-fitness/mind/psychology-face-masks-happens-society-wear-covering/",
    "uid": "1637748467.574789.-health-fitness-mind-psychology-face-masks-happens-society-wear-covering-",
    "images": [
        "/content/dam/vouchercodes/logo_lookfantastic.png?impolicy=thumbnail",
        "/content/dam/vouchercodes/logo_evesleep.png?impolicy=thumbnail",
        "/content/dam/generic/Matt-cartoon-255x206px-small.png",
        "/content/dam/health-fitness/2021/11/23/IMG_1057-1_trans_NvBQzQNjv4BqOqudVcejJefpKykZ6w_aFWQnZJIETfWB_fUbKb77n0w.JPG?imwidth=350",
        "https://www.telegraph.co.uk/content/dam/health-fitness/2020/06/05/TELEMMGLPICT000232521549_trans_NvBQzQNjv4BqNadeZm0KzkFwpSYJhHDpPUnRyCvqnye6VmvPtHUkQzg.jpeg?impolicy=logo-overlay",
        "/content/dam/health-fitness/2021/11/23/TELEMMGLPICT000253070314_trans_NvBQzQNjv4BqpVlberWd9EgFPZtcLiMQf0Rf_Wk3V23H2268P_XkPxc.jpeg?imwidth=350",
        "/content/dam/health-fitness/2021/11/12/TELEMMGLPICT000263741975_trans_NvBQzQNjv4BqpVlberWd9EgFPZtcLiMQf0Rf_Wk3V23H2268P_XkPxc.jpeg?imwidth=350",
        "/content/dam/vouchercodes/logo_wiggle.png?impolicy=thumbnail",
        "/content/dam/vouchercodes/logo_hollandandbarrett.png?impolicy=thumbnail",
        "/content/dam/vouchercodes/logo_myprotein.png?impolicy=thumbnail",
        "https://i.ytimg.com/vi/zWTxGqX0ksQ/mqdefault.jpg",
        "/content/dam/health-fitness/2020/06/05/TELEMMGLPICT000232521549_trans_NvBQzQNjv4BqNadeZm0KzkFwpSYJhHDpPUnRyCvqnye6VmvPtHUkQzg.jpeg?imwidth=680",
        "/content/dam/health-fitness/2021/11/23/IMG_2269-b_trans_NvBQzQNjv4Bq8M9DfW3--bPajd6mUcMQ8Ba306WnPHVE_UdBq2uCdwc.jpg?imwidth=350",
        "/content/dam/health-fitness/2021/11/23/TELEMMGLPICT000185050877_trans_NvBQzQNjv4BqgsaO8O78rhmZrDxTlQBjdLdu0TL-Cg_AMOUqySXmFgU.jpeg?imwidth=350",
        "/content/dam/vouchercodes/logo_simbasleep.png?impolicy=thumbnail",
        "/content/dam/health-fitness/2021/09/30/TELEMMGLPICT000272245492_trans_NvBQzQNjv4BqYWNJspVvOUVBAuV2D2wK5t3Ei2lTSMlmEnQxlj38zGk.jpeg?imwidth=350",
        "/content/dam/health-fitness/2020/06/05/TELEMMGLPICT000110303263_trans_NvBQzQNjv4BqQv8PhuGzYBWYEozZmXWUMJgFmXDLxYLeEGRIeDm_8Ak.jpeg?imwidth=480"
    ],
    "publication-date": "2020-06-05",
    "text": "I\u2019ve always been intrigued by young women on the morning commute putting on their make-up. It\u2019s not just the steady hand I admire, or the number of products that astound me. It\u2019s the matter-of-factness of the artifice being exposed. The recognition that this is what you need to do before you get to work. The dual face, the one you awake with and the one you make.\n\nI seem to be the only one intrigued. Perhaps it so commonplace as to become unremarkable. I wonder whether, we, in time will adjust to the Asian custom of wearing masks to protect oneself and others from illness.\n\nFor sure, it is odd right now. But on Thursday, Transport Secretary Grant Shapps announced that wearing a face covering will be mandatory on public transport in England from June 15.\n\nBefore Covid-19, we liked to see as much of the face as possible. Growing up, I\u2019d be told to take the hair out of my face. We used to tell groups of people to remove their hoodies or burkahs and niqabs. They were designated as menacing, as a conscious act of concealing, almost as though they are an assault on the onlooker rather than cultural or religious expression.\n\nThe full face is how we recognise one another and we aren\u2019t yet practised in reading the other just from their eyes. We will learn to focus on eyes certainly as more of us wear masks, but faces haven\u2019t been just the sculpted dermis around our eyes, nose, mouth and jaws. Faces interest us so because they reveal something about the inside too; the experience of living, from ageing, to our activities, to our emotional temperature. We know that if a smile is a carapace for not quite being comfortable with what one feels, that face can reveal what it endeavours to hide.\n\nFaces are transparent. We see anger, confusion, hurt flit across the face of a lover or a child when we get something wrong for them. We register when we are being listened to and when our listeners attention has drifted. We show our disapproval or interest in and to others and they pick that up just as we too pick up their facial expression and interpret it within milliseconds, without either of us being conscious of doing so.\n\nIn recent weeks, some of the most recognisable faces in the world \u2013 from Gwyneth Paltrow and Naomi Campbell to Meghan Markle and Donald Trump \u2013 have all been photographed in their masks. So how much more difficult will it be to manage faces concealed behind a protective \u00e5covering?",
    "title": "The psychology of face masks: what happens to society if we all wear a covering?",
    "top-image": "https://www.telegraph.co.uk/content/dam/health-fitness/2020/06/05/TELEMMGLPICT000232521549_trans_NvBQzQNjv4BqNadeZm0KzkFwpSYJhHDpPUnRyCvqnye6VmvPtHUkQzg.jpeg?impolicy=logo-overlay",
    "df_date": 20200506,
    "source": "www.telegraph.co.uk",
    "label": "reliable"
}