{
    "url": "https://www.nbcnews.com/news/us-news/60-minutes-correspondent-lesley-stahl-details-recovery-coronavirus-n1199256?cid=public-rss_20200506",
    "uid": "1637752935.7842138.-news-us-news-60-minutes-correspondent-lesley-stahl-details-recovery-coronavirus-n1199256",
    "images": [
        "https://media-cldnry.s-nbcnews.com/image/upload/t_nbcnews-fp-1200-630,f_auto,q_auto:best/newscms/2020_19/3335421/200504-lesley-stahl-cs-742a.jpg",
        "https://media-cldnry.s-nbcnews.com/image/upload/t_fit-760w,f_auto,q_auto:best/newscms/2020_19/3335421/200504-lesley-stahl-cs-742a.jpg"
    ],
    "publication-date": "2020-05-04",
    "text": "\"60 Minutes\" correspondent Lesley Stahl said on the broadcast Sunday night that she battled a case of coronavirus that left her \"really scared\" and hospitalized.\n\nThe veteran journalist who has been with \"60 Minutes\" for nearly three decades opened by sharing a tenet of journalism: \"Don't become part of the story.\"\n\n\"But instead of covering the pandemic, I was one of the more-than-one million Americans who did become part of it,\" she revealed.\n\nStahl said other coworkers at the show had also tested positive for COVID-19 \u2014 some of whom had no symptoms and some of whom \"had almost every symptom you can imagine.\"\n\nStahl was in the latter group.\n\n\"After two weeks at home in bed, weak, fighting pneumonia, and really scared, I went to the hospital,\" she said.\n\nThe staff there was \"overworked\" and \"nearly overwhelmed,\" Stahl said.\n\nBut \"every one of them kind, sympathetic, gentle and caring from the moment I arrived until the moment days later when I was wheeled out through a gauntlet of cheering medical workers,\" she said. \"In the face of so much death, they celebrate their triumphs.\"\n\nStahl concluded by thanking that \"valiant army in scrubs and masks.\"\n\n\"They were fulfilling a mission, answering the call. Thanks to them, like so many other patients, I am well now,\" she said. \"Tonight, we all owe them our gratitude, our admiration \u2014 and in some cases, our lives.\"",
    "title": "'60 Minutes' correspondent Lesley Stahl details recovery from coronavirus",
    "top-image": "https://media-cldnry.s-nbcnews.com/image/upload/t_nbcnews-fp-1200-630,f_auto,q_auto:best/newscms/2020_19/3335421/200504-lesley-stahl-cs-742a.jpg",
    "df_date": 20200506,
    "source": "www.nbcnews.com",
    "label": "reliable"
}