{
    "url": "https://nypost.com/2020/05/14/nypd-union-calls-dr-oxiris-barbot-a-bitch-over-mask-plea-rejection/",
    "uid": "1637686895.9041808.-2020-05-14-nypd-union-calls-dr-oxiris-barbot-a-bitch-over-mask-plea-rejection-",
    "images": [
        "//googleads.g.doubleclick.net/pagead/viewthroughconversion/988380111/?value=0&guid=ON&script=0",
        "https://nypost.com/wp-content/uploads/sites/2/2021/11/lady-gaga-gained-weight-gucci-04.jpg?quality=90&strip=all&w=260",
        "https://nypost.com/wp-content/uploads/sites/2/2021/11/music-video-Kosciusko-Bridge_-.jpg?quality=90&strip=all&w=1024",
        "https://nypost.com/wp-content/uploads/sites/2/2021/11/shabazz.jpg?quality=90&strip=all&w=260",
        "https://nypost.com/wp-content/uploads/sites/2/2021/11/joe-judge-jason-garrett-giants.jpg?quality=90&strip=all&w=260",
        "https://sb.scorecardresearch.com/p?c1=2&c2=6390601&cj=1&cv=3.6",
        "https://nypost.com/wp-content/mu-plugins/jetpack-9.8/modules/sharedaddy/images/loading.gif",
        "https://nypost.com/wp-content/uploads/sites/2/2021/11/wwe-comp.jpg?quality=90&strip=all&w=260",
        "https://nypost.com/wp-content/uploads/sites/2/2020/05/dr.-oxiris-barbot.jpg?quality=90&strip=all&w=1024",
        "https://nypost.com/wp-content/mu-plugins/vip-helpers/images/vip-powered-dark-small.png"
    ],
    "publication-date": "2020-05-14",
    "text": "Sign up for our special edition newsletter to get a daily update on the coronavirus pandemic.\n\nThe New York police sergeants union described city health commissioner Dr. Oxiris Barbot as a \u201cb\u2014h\u201d Wednesday in response to revelations that she told an NYPD official she didn\u2019t give \u201ctwo rats\u2019 asses\u201d about cops getting safety masks.\n\n\u201cTruth is this b\u2014h has blood on her hands but why should anyone be surprised the NYPD has suffered under DeBlasio since he became Mayor,\u201d the Sergeants Benevolent Association tweeted in response to The Post\u2019s exclusive story revealing Barbot\u2019s decision.\n\nThe health commissioner said in a mid-March phone conversation with NYPD Chief of Department Terence Monahan, \u201cI don\u2019t give two rats\u2019 asses about your cops,\u201d in response to the mask request, sources said.\n\n\u201cI need them for others,\u201d Barbot said.\n\nInstead of the 500,000 masks Monahan sought to help protect his force, Barbot said she could only cough up 50,000, according to sources.\n\nDepartment of Health spokesman Patrick Gallahue acknowledged that there was a \u201cheated exchange between the two where things were said out of frustration, but no harm was wished on anyone.\u201d Barbot \u201capologized for her contribution to the exchange,\u201d Gallahue added.\n\nShortly after the SBA\u2019s tweet, the union\u2019s president, Edward Mullins, sent a statement calling for Barbot\u2019s ouster.\n\nThe union, in a separate press release, said that if Barbot\u2019s remarks are true, \u201cEd Mullins, the President of the 13,000 member NYC Sergeants Benevolent Association, believes that Dr. Barbot should be immediately fired.\u201d\n\n\u201cDr. Barbot\u2019s comments make it clear she has no personal or professional regard for the police,\u201d the union said in the release.\n\nPresidents of the other major police unions, the Detectives\u2019 Endowment Association and the Police Benevolent Association, also slammed Barbot and called for her to be canned.\n\n\u201cA so-called city leader, Dr. Barbot showed her true colors as a cop-hater,\u201d said Detectives\u2019 Endowment Association President Paul DiGiacomo.\n\n\u201cFive brave NYPD Detectives died as the DEA searched for protective equipment to purchase for our members while we waited for the city to distribute masks.\u201d\n\nPatrick Lynch, president of the Police Benevolent Association, called Barbot\u2019s comments \u201cdespicable and unforgivable.\u201d\n\n\u201cDr. Barbot should be forced to look in the eye of every police family who lost a hero to this virus. Look them in the eye and tell them they aren\u2019t worth a rat\u2019s ass,\u201d Lynch fumed.",
    "title": "NYPD union calls city health commissioner a \u2018b\u2014h\u2019 over mask plea rejection",
    "top-image": "https://nypost.com/wp-content/uploads/sites/2/2020/05/dr.-oxiris-barbot.jpg?quality=90&strip=all&w=1024",
    "df_date": 20200514,
    "source": "nypost.com",
    "label": "reliable"
}