{
    "url": "https://in.reuters.com/article/us-health-coronavirus-sanofi/sanofi-to-accelerate-european-covid-19-vaccine-access-after-ceo-prioritizes-u-s-preorders-idINKBN22P36Q",
    "uid": "1637686872.043971.-article-us-health-coronavirus-sanofi-sanofi-to-accelerate-european-covid-19-vaccine-access-after-ce",
    "images": [
        "https://static.reuters.com/resources/r/?m=02&d=20200514&t=2&i=1518568032&r=LYNXMPEG4D05U&w=800"
    ],
    "publication-date": "2020-05-14",
    "text": "A man wearing a protective face mask walks past the logo of Sanofi at the company's headquarters in Paris, France, April 24, 2020. REUTERS/Charles Platiau/Files\n\nNEW YORK (Reuters) - French drugmaker Sanofi SA SASY.PA said on Wednesday that it is working with European regulators to speed up access to a potential coronavirus vaccine in Europe after its chief executive suggested Americans would likely get the vaccine first.\n\nThe company said in a statement that it is currently in talks with the European Union and the French and German governments to expedite regional vaccine development.\n\nSanofi, whose Pasteur division has an established track record of producing influenza vaccines, has teamed up with British rival GlaxoSmithKline Plc GSK.L last month to come up with a candidate it hopes will be ready next year. The companies have received financial support from the Biomedical Advanced Research and Development Authority (BARDA) of the U.S. Health Department.\n\nGiven the support from BARDA, doses produced in the United States are expected to go to U.S. patients first, a prospect that has raised concern in Europe.\n\n\u201cThe U.S. government has the right to the largest preorder because it\u2019s invested in taking the risk,\u201d Sanofi CEO Paul Hudson said in an interview with Bloomberg News on Wednesday. According to Bloomberg, Hudson said that the United States expects to get its doses of the vaccine first.\n\n\u201cWe are very encouraged to see the mobilization of the EU Commission over the past weeks, exploring similar measures that could expedite both vaccines development and access to the European population,\u201d Sanofi said in its statement.\n\nThe company said that remainder of its vaccine manufacturing capacity will cover Europe and the rest of the world.",
    "title": "Sanofi to accelerate European COVID-19 vaccine access after CEO prioritizes U.S. preorders",
    "top-image": "https://static.reuters.com/resources/r/?m=02&d=20200514&t=2&i=1518568032&r=LYNXMPEG4D05U&w=800",
    "df_date": 20200514,
    "source": "in.reuters.com",
    "label": "reliable"
}