{
    "url": "https://www.nytimes.com/2020/05/14/theater/frozen-broadway-closing-virus.html",
    "uid": "1637686967.091621.-2020-05-14-theater-frozen-broadway-closing-virus-html",
    "images": [
        "https://static01.nyt.com/images/2020/05/14/arts/14frozen-virus-1/merlin_135795099_f3087866-132c-4dce-a32b-0e80c2e158c7-articleLarge.jpg?quality=75&auto=webp&disable=upscale",
        "https://static01.nyt.com/images/2018/02/20/multimedia/author-michael-paulson/author-michael-paulson-thumbLarge.jpg",
        "https://static01.nyt.com/images/2020/05/14/arts/14frozen-virus-1/14frozen-virus-1-facebookJumbo.jpg?year=2020&h=550&w=1050&s=4c85930de53444dc2ebc5312232de113ec65339b86b1be6ed41ae4e8e401c4eb&k=ZQJBKqZ0VN"
    ],
    "publication-date": "2020-05-14",
    "text": "Even Queen Elsa\u2019s magic is no match for the coronavirus pandemic.\n\nDisney Theatrical Productions said Thursday that its stage adaptation of \u201cFrozen\u201d will not reopen on Broadway once the pandemic eases, making the musical the first to be felled by the current crisis.\n\n\u201cFrozen\u201d had been the weakest of the three Disney musicals that had been running on Broadway \u2014 the others were \u201cThe Lion King\u201d and \u201cAladdin\u201d \u2014 and the company made it clear that it does not believe audiences will return in substantial enough numbers to sustain all of those shows.\n\n\u201cThis difficult decision was made for several reasons but primarily because we believe that three Disney productions will be one too many titles to run successfully in Broadway\u2019s new landscape,\u201d Thomas Schumacher, the president of Disney Theatrical Productions, said in a letter to his staff.\n\nSchumacher said the company remains committed to \u201cThe Lion King\u201d and \u201cAladdin\u201d on Broadway, to \u201cThe Lion King\u201d and \u201cMary Poppins\u201d in London\u2019s West End, and to touring productions of \u201cThe Lion King\u201d and \u201cFrozen\u201d in North America and \u201cThe Lion King\u201d in Britain. The company, which around the world had 29 shows either running or in preproduction earlier this year, has already cut short a North American touring production of \u201cAladdin\u201d because of the pandemic, closing it six weeks early after a nearly three-year, 41-city run.",
    "title": "Disney Closes \u2018Frozen\u2019 on Broadway, Citing Coronavirus Pandemic",
    "top-image": "https://static01.nyt.com/images/2020/05/14/arts/14frozen-virus-1/14frozen-virus-1-facebookJumbo.jpg?year=2020&h=550&w=1050&s=4c85930de53444dc2ebc5312232de113ec65339b86b1be6ed41ae4e8e401c4eb&k=ZQJBKqZ0VN",
    "df_date": 20200514,
    "source": "www.nytimes.com",
    "label": "reliable"
}