{
    "url": "https://www.nytimes.com/2020/05/13/opinion/coronavirus-trump-china.html",
    "uid": "1637686874.2619328.-2020-05-13-opinion-coronavirus-trump-china-html",
    "images": [
        "https://static01.nyt.com/images/2020/05/13/opinion/13collins1/13collins1-facebookJumbo.jpg?year=2020&h=550&w=1050&s=07f9067ee47bb5365cba2d06e9af7fdeeb7bd6c33cc06055988d2f8b328a9ffe&k=ZQJBKqZ0VN",
        "https://static01.nyt.com/images/2018/04/03/opinion/gail-collins/gail-collins-thumbLarge.png",
        "https://static01.nyt.com/images/2020/05/13/opinion/13collins1/merlin_172205163_9c10b02c-f091-4403-b108-56270933e8a6-articleLarge.jpg?quality=75&auto=webp&disable=upscale"
    ],
    "publication-date": "2020-05-14",
    "text": "Cuomo is by far the best-known gubernatorial face, and some polls suggest he\u2019s much more popular than the president. He gives his daily talk while flashing titles, themes and exhortations like \u201cMasks work! Gloves work! Hand sanitizing works!\u201d Meanwhile Trump, appearing in all his barefaced glory, told a crowd that Americans have learned \u201cthe good and the bad\u201d about masking: \u201cIt\u2019s not a one-sided thing, believe it or not.\u201d\n\nSort of hard to believe the president of a pandemic-ridden nation is saying that. But when it comes to the administration\u2019s performance, the rule in the White House is to always look on the bright side of life.\n\n\u201cWe are testing more people per capita than South Korea, the United Kingdom, France, Japan, Sweden, Finland and many other countries,\u201d Trump announced proudly this week. Cynics noted we are not testing as many people per capita as Germany, Russia, Spain and Canada. But think positive, people. We\u2019re still doing better than Finland.\n\nAnd remember those plane passengers! \u201cWe acted very early. We acted extremely early in keeping China out of our country,\u201d Trump boasted at a recent press conference.\n\nSince Trump\u2019s theoretically early action, nearly 40,000 people have still flown directly to the United States from China. To be fair, many of them were citizens who had the right to return home. But you\u2019d think the government would make sure they weren\u2019t coming back with anything contagious. Travelers said they were surprised by the lack of scrutiny.\n\nIt took until mid-March for the president to impose travel restrictions on visitors from Europe, where the pandemic had long since spread. \u201cWe essentially locked the front door and left the back door open,\u201d said Michael Mina, a Harvard epidemiologist. It\u2019s not hard to figure out why. Banning flights from Naples doesn\u2019t really have the same appeal as cracking down on Wuhan. Even Cuomo\u2019s daughter was perplexed when her father started warning about infection from Italy.\n\nAnd politically, of course, there\u2019s nothing like claiming your opponent is soft on \u2014 someplace foreign. \u201cYou\u2019ll never hear it from the Fake News media, but I am TOUGH ON CHINA and Sleepy Joe Biden is WEAK ON CHINA,\u201d a recent Trump fund-raising letter announced. \u201cHe always has been and he always will be \u2014 that will never change.\u201d",
    "title": "Pick Your Favorite Anxiety - The New York Times",
    "top-image": "https://static01.nyt.com/images/2020/05/13/opinion/13collins1/13collins1-facebookJumbo.jpg?year=2020&h=550&w=1050&s=07f9067ee47bb5365cba2d06e9af7fdeeb7bd6c33cc06055988d2f8b328a9ffe&k=ZQJBKqZ0VN",
    "df_date": 20200514,
    "source": "www.nytimes.com",
    "label": "reliable"
}