{
    "url": "https://www.cnn.com/world/live-news/coronavirus-pandemic-vaccine-updates-01-17-21/",
    "uid": "1637684710.9431527.-world-live-news-coronavirus-pandemic-vaccine-updates-01-17-21-",
    "images": [
        "//cdn.cnn.com/cnn/2019/images/03/20/live-story-status_light.gif",
        "//cdn.cnn.com/cnnnext/dam/assets/211122104656-02-arbery-closing-dunikoski-1122-small-11.jpg",
        "https://dynaimage.cdn.cnn.com/cnn/digital-images/org/d0cae8db-cd05-4586-b7f8-825eb5b249eb.jpg",
        "https://dynaimage.cdn.cnn.com/cnn/q_auto/https%3A%2F%2Fcdn.cnn.com%2Fcnnnext%2Fdam%2Fassets%2F210111190323-01-plumber-gives-free-heating-plumbing-pandemic-super-tease.jpg",
        "https://dynaimage.cdn.cnn.com/cnn/digital-images/org/c6ae8f36-3b4c-4833-b39a-ad2077964f85.jpg",
        "https://cdn.cnn.com/cnnnext/dam/assets/200213175736-02-coronavirus-0213-super-tease.jpg",
        "//cdn.cnn.com/cnnnext/dam/assets/211122043246-11-waukesha-wisconsin-incident-11-21-2021-small-11.jpg",
        "https://dynaimage.cdn.cnn.com/cnn/q_auto/https%3A%2F%2Fcdn.cnn.com%2Fcnnnext%2Fdam%2Fassets%2F210117010752-us-coronavirus-0112-super-tease.jpg",
        "https://dynaimage.cdn.cnn.com/cnn/digital-images/org/f31c60bf-304f-4c34-a169-2d9108376c20.jpg",
        "https://dynaimage.cdn.cnn.com/cnn/digital-images/org/18053753-7015-439b-b7b6-5aabf58b3eba.jpg",
        "https://dynaimage.cdn.cnn.com/cnn/digital-images/org/ee4e66f1-df84-43a7-9220-4031df8d0294.jpg",
        "https://dynaimage.cdn.cnn.com/cnn/digital-images/org/787bd171-1a54-486e-901b-73b54cb4a8e6.jpg",
        "https://dynaimage.cdn.cnn.com/cnn/digital-images/org/92754aa8-4e5a-4054-a30c-3c98cb28bb2c.jpg"
    ],
    "publication-date": "2021-01-17",
    "text": "Inside the hot zone, medical staff monitor and treat sick patients infected with the Covid-19 virus at the UMASS Memorial DCU Center Field Hospital in Worcester, Massachusetts, on January 13 Joseph Prezioso/AFP/Getty Images\n\nWhile some states are seeing improving outlooks in their battle against Covid-19, other parts of the United States are hitting tragic records.\n\n\"Things will get worse before they get better,\" President-elect Joe Biden said, regarding the winter surge.\n\nBiden spoke about his Covid-19 vaccination plan Friday and promised Americans, \"We will manage the hell out of this operation.\"\n\nHe acknowledged that there will be stumbles and that the steps may take time, even many months, before the nation is in the place it needs to be. But as the Biden team and state governments plan and administer their vaccine rollouts, Covid-19 case numbers continue to rise each day.\n\nOn Saturday, Johns Hopkins University reported 198,218 new coronavirus cases and 3,286 new deaths in the US. More than 395,000 people have died since the beginning of the pandemic.\n\nThere were 126,139 Covid-19 hospitalizations reported in the US on Saturday -- a slight decrease from a record high 10 days ago. There have been more than 100,000 Covid-19 hospitalizations in the US for the last 46 consecutive days.\n\nA recent coronavirus projection from the University of Washington estimates more than 566,000 deaths by May 1 in the US. The university's Institute of Health Metrics and Evaluation (IHME) said the figure could be lowered by thousands with universal mask requirements.\n\nRead the full story:",
    "title": "January 17, 2021 coronavirus news",
    "top-image": "https://cdn.cnn.com/cnnnext/dam/assets/200213175736-02-coronavirus-0213-super-tease.jpg",
    "df_date": 20210117,
    "source": "www.cnn.com",
    "label": "reliable"
}