{
    "url": "https://www.nbcnews.com/health/health-news/live-blog/coronavirus-live-updates-u-s-deaths-rise-more-1-000-n1176616/ncrd1176611",
    "uid": "1637679346.0454366.-health-health-news-live-blog-coronavirus-live-updates-u-s-deaths-rise-more-1-000-n1176616-ncrd11766",
    "images": [
        "https://media-cldnry.s-nbcnews.com/image/upload/t_focal-760x428,f_auto,q_auto:best/MSNBC/Components/Video/202004/NC_milkdumping403_1920x1080.jpg",
        "https://media-cldnry.s-nbcnews.com/image/upload/t_nbcnews-fp-1200-630,f_auto,q_auto:best/newscms/2020_14/3293531/200403-coronavirus-live-blog-social-only.jpg",
        "https://media-cldnry.s-nbcnews.com/image/upload/t_fit-760w,f_auto,q_auto:best/newscms/2020_14/3295761/200404-scotland-coronavirus-cs-1058a.jpg"
    ],
    "publication-date": "2020-04-04",
    "text": "President Donald Trump said at the daily White House coronavirus press briefing on Saturday, \u201cThis will be the toughest week\u201d in the U.S. fight against the pandemic.\n\n\u201cThere will be a lot of death, unfortunately,\" he said.\n\nThe president's comments came as the total number of coronavirus cases in the U.S. rose to over 300,000, with the number of deaths at more than 8,000, according to NBC News' tally.\n\nGlobally, the death toll is more than 59,100, according to Johns Hopkins University.\n\nThe CDC is recommending now that Americans wear cloth masks when out in public. And, New York, by far the hardest-hit state, is gearing up for the pandemic to peak there in an expected in four to 10 days. China is donating 1,000 ventilators to the state, and another 140 are coming from Oregon.\n\nSupport on Capitol Hill among both Republicans and Democrats for an independent 9/11-style commission to investigate the country\u2019s response to the outbreak appears to be growing.\n\nFull coverage of the coronavirus outbreak\n\nDownload the NBC News app for latest updates on the coronavirus outbreak.\n\nThis live coverage has ended. Continue reading April 5 coronavirus news.",
    "title": "After resisting efforts to shut doors, Hobby Lobby has closed all stores",
    "top-image": "https://media-cldnry.s-nbcnews.com/image/upload/t_nbcnews-fp-1200-630,f_auto,q_auto:best/newscms/2020_14/3293531/200403-coronavirus-live-blog-social-only.jpg",
    "df_date": 20200404,
    "source": "www.nbcnews.com",
    "label": "reliable"
}