{
    "url": "https://nypost.com/2020/04/04/hiv-drug-that-treats-coronavirus-moving-to-phase-2-trials/",
    "uid": "1637679362.0017998.-2020-04-04-hiv-drug-that-treats-coronavirus-moving-to-phase-2-trials-",
    "images": [
        "//googleads.g.doubleclick.net/pagead/viewthroughconversion/988380111/?value=0&guid=ON&script=0",
        "https://nypost.com/wp-content/uploads/sites/2/2021/11/lady-gaga-gained-weight-gucci-04.jpg?quality=90&strip=all&w=260",
        "https://nypost.com/wp-content/uploads/sites/2/2020/04/200404-experimental-coronavirus-drug-trial.jpg?quality=90&strip=all&w=1024",
        "https://nypost.com/wp-content/uploads/sites/2/2020/04/200404-experimental-coronavirus-drug-trial.jpg?quality=90&strip=all&w=744",
        "https://nypost.com/wp-content/uploads/sites/2/2021/11/shabazz.jpg?quality=90&strip=all&w=260",
        "https://nypost.com/wp-content/uploads/sites/2/2021/11/joe-judge-jason-garrett-giants.jpg?quality=90&strip=all&w=260",
        "https://sb.scorecardresearch.com/p?c1=2&c2=6390601&cj=1&cv=3.6",
        "https://nypost.com/wp-content/mu-plugins/jetpack-9.8/modules/sharedaddy/images/loading.gif",
        "https://nypost.com/wp-content/uploads/sites/2/2021/11/wwe-comp.jpg?quality=90&strip=all&w=260",
        "https://cf-images.us-east-1.prod.boltdns.net/v1/static/4137224153001/85aa10bc-73b6-4692-a20c-9a6c67801575/5b47e5a2-c110-4cf7-9c3c-ecc4b9644cad/1280x720/match/image.jpg",
        "https://nypost.com/wp-content/mu-plugins/vip-helpers/images/vip-powered-dark-small.png"
    ],
    "publication-date": "2020-04-04",
    "text": "An experimental HIV drug that has been used to successfully treat COVID-19 patients is in its second phase of testing with the Food and Drug Administration and could potentially be approved for use in four weeks, its manufacturer says.\n\nLeronlimab, made by the biotech company CytoDyn, was used to treat a handful of severely ill patients in New York City hospitals; a couple were able to be removed from their ventilators.\n\n\u201cI think the FDA will be willing to work with us,\u201d CytoDyn CEO Nader Pourhassan told The Post. \u201cI am hoping it will be expedited \u2026 I don\u2019t see how the FDA couldn\u2019t approve it.\u201d\n\n\u201cWith a study in China indicating the mortality rate among COVID-19 patients requiring mechanical ventilators at more than 85 percent, the world desperately needs a therapy that can help this patient population,\u201d Pourhassan added.\n\nInitial studies suggest leronlimab can reduce the overactive immune response, known as a cytokine storm, that can be triggered by the coronavirus infection. Cytokine storms can result in pneumonia and even death.\n\n\u201c[I] cried for about five minutes. It was very, very emotional,\u201d Pourhassan told Seattle\u2019s KIRO 7 News after first learning of the results. \u201cWe\u2019re hoping we can save millions of lives.\u201d",
    "title": "HIV drug leronlimab, which successfully treats coronavirus, moving to phase 2 trials",
    "top-image": "https://nypost.com/wp-content/uploads/sites/2/2020/04/200404-experimental-coronavirus-drug-trial.jpg?quality=90&strip=all&w=1024",
    "df_date": 20200404,
    "source": "nypost.com",
    "label": "reliable"
}