{
    "url": "https://in.reuters.com/article/health-coronavirus-mexico-springbreak/airline-refutes-mexican-authoritys-account-of-spring-break-coronavirus-outbreak-idINKBN21M0BA",
    "uid": "1637679351.5331764.-article-health-coronavirus-mexico-springbreak-airline-refutes-mexican-authoritys-account-of-spring-",
    "images": [
        "https://static.reuters.com/resources/r/?m=02&d=20200404&t=2&i=1512294061&r=LYNXMPEG33099&w=800"
    ],
    "publication-date": "2020-04-04",
    "text": "MEXICO CITY (Reuters) - College students from Texas who tested positive for the novel coronavirus after spring break in Los Cabos traveled to the Mexican beach resort on Viva Aerobus, the airline said, and were there a week later than reported by the local tourist board.\n\nPeople walk with their dog along the beach resort of Cabo San Lucas amid the coronavirus disease (COVID-19) outbreak in Cabo San Lucas, Mexico April 1, 2020. REUTERS/Monserrat Zavala/Files\n\nAt least part of the Texas group stayed at the luxury Pueblo Bonito Los Cabos hotel, two people familiar with the arrangements told Reuters.\n\nSo far 49 students among the group from University of Texas at Austin have tested positive for the coronavirus upon their return to the United States, according to the university.\n\nAustin city officials initially confirmed 28 cases from the group on March 31.\n\nWhile the outbreak has led to speculation that coronavirus may be more prevalent in Mexico than official numbers reveal, it is still not clear where the students became infected.\n\nThe Los Cabos Tourism Board has suggested the timeline of the visit by the students means they would have presented symptoms earlier if they had caught the virus in Mexico.\n\nThe tourism board said it was informed by the Los Cabos airport that the last spring break charter flight to Austin departed on March 11.\n\nHowever, Mexican airline Viva Aerobus told Reuters the students departed Austin on March 14 and returned on March 19, the same dates the University of Austin said 211 students went to Los Cabos.\n\nIn a statement, Viva Aerobus said the university notified them that some students had tested positive 12 days after the return flight. COVID-19 has an incubation period of up to 14 days, and there is evidence it can be spread asymptomatically.\n\nRodrigo Esponda, managing director of the tourism board, acknowledged the board may not have complete information.\n\n\u201cThe university has not reached out to us... in order to provide us with information and really know about a specific group. Without that, it has been difficult,\u201d he said in an interview.\n\nEsponda said 15 cases of coroanvirus have been registered in Los Cabos, none of them hotel workers. The state overall has registered 21 cases, with the country\u2019s total reaching 1,688.\n\nViva Aerobus said it has followed strict sanitary measures to prevent infection on its routes.\n\nNo passengers showed symptoms during the flights to and from Los Cabos, Viva Aerobus added. After the notification from the University of Texas, the airline said it pulled its crew from duty and put them under observation.\n\nNone of them have thus far presented symptoms of the coronavirus.\n\n\u201cSLIGHT CONCERN\u201d\n\nAt least some of the University of Texas group stayed at the Pueblo Bonito Los Cabos resort, according to a guest who was at the hotel with them, and another student who had planned to travel but pulled out before the trip.\n\nIn response to a question from Reuters, Pueblo Bonito said it did not have information on the matter. JusCollege, a company that organized the trip for most of the University of Texas students, as well as its parent firm Pollen, did not respond to requests for comment.\n\nThe University of Texas said 178 students participated in the trip with JusCollege, while another 33 students made arrangements separately.\n\nJack McColl, a traveler who used to work for JusCollege and was in Los Cabos at the time of the University of Texas trip, said some participants showed \u201ca slight concern\u201d over the coronavirus.\n\n\u201cMany knew it was a serious threat but since cases in Mexico were minimal at the time, the party still continued,\u201d he told Reuters. \u201cSocial distancing was not practiced, but as little human contact as possible was.\u201d\n\nHe added that JusCollege made hand sanitizer mandatory before entering one of the main dining areas, and that JusCollege posted signs telling students to wash their hands.\n\n\u201cThey were proactive about it for sure,\u201d he said.\n\nAndres Ramon, a bartender at Pueblo Bonito said his bar attended to about 100 U.S. students at a time, said he did not think the Texas group picked up the virus in Mexico, noting hotel employees are still healthy.\n\n\u201cI feel like something would have happened to me, and I don\u2019t even have a cold,\u201d he said.\n\nStill, he noted attitudes has since changed at the hotel, which now has no guests and has sent employees in shifts to do cleaning and maintenance.\n\n\u201cWe weren\u2019t scared until now, with cases are appearing in other states,\u201d Ramon said. \u201cNow we\u2019re really taking precautions.\u201d",
    "title": "Airline refutes Mexican authority's account of spring break coronavirus outbreak",
    "top-image": "https://static.reuters.com/resources/r/?m=02&d=20200404&t=2&i=1512294061&r=LYNXMPEG33099&w=800",
    "df_date": 20200404,
    "source": "in.reuters.com",
    "label": "reliable"
}