{
    "url": "https://in.reuters.com/article/health-coronavirus-swiss-watchman/lausanne-watchman-rings-cathedral-bell-anew-to-signal-hope-amid-pandemic-idINKBN21M09V",
    "uid": "1637679351.7757068.-article-health-coronavirus-swiss-watchman-lausanne-watchman-rings-cathedral-bell-anew-to-signal-hop",
    "images": [
        "https://static.reuters.com/resources/r/?m=02&d=20200404&t=2&i=1512284566&r=LYNXMPEG3307G&w=800"
    ],
    "publication-date": "2020-04-04",
    "text": "Slideshow ( 2 images )\n\nLAUSANNE (Reuters) - In Lausanne, a Swiss city on the shores of lake Geneva, the coronavirus outbreak has revived a tradition of centuries past: The cathedral watchman climbs the 153 stone steps to his tower at night, puts on a black hat, lights a lantern and rings the \u201cLa Clemence\u201d bell to stir residents\u2019 solidarity and courage.\n\nIt\u2019s a practice dating back to the Middle Ages, when watchmen at Lausanne Cathedral kept a vigil over the city and rang the bell if they spotted a fire.\n\n\u201cWe can compare this pandemic to a worldwide fire that has spread at lightning speed on all continents,\u201d Renato Hausler, one of the last cathedral watchmen in Europe, told Reuters.\n\n\u201cIt was also considered an encouragement, more than a distress signal, everybody was hearing it and it brought unity with residents fighting the fire.\u201d\n\nSince last week Hausler has been ringing \u201cLa Clemence\u201d, the 16th-century bell, nearly every night, and calling out the hours from 10pm to 2am.\n\nSwitzerland\u2019s death toll from the novel virus has risen to nearly 500 and the total confirmed infections approach 20,000.\n\nHausler wants to \u201ckeep people awake with regards to what is happening, to stay focused\u201d.",
    "title": "Lausanne watchman rings cathedral bell anew to signal hope amid pandemic",
    "top-image": "https://static.reuters.com/resources/r/?m=02&d=20200404&t=2&i=1512284566&r=LYNXMPEG3307G&w=800",
    "df_date": 20200404,
    "source": "in.reuters.com",
    "label": "reliable"
}