{
    "url": "https://www.nbcnews.com/news/us-news/hard-helpers-too-faced-their-own-coronavirus-fears-crisis-hotline-n1176301",
    "uid": "1637679351.981588.-news-us-news-hard-helpers-too-faced-their-own-coronavirus-fears-crisis-hotline-n1176301",
    "images": [
        "https://media-cldnry.s-nbcnews.com/image/upload/t_focal-760x428,f_auto,q_auto:best/MSNBC/Components/Video/202003/nn_ath_coronavirus_mental_health2_200315_1920x1080.jpg",
        "https://media-cldnry.s-nbcnews.com/image/upload/t_focal-760x428,f_auto,q_auto:best/MSNBC/Components/Video/202003/n_msnbc_brk_covid19_aniety_2003_1920x1080.jpg",
        "https://media-cldnry.s-nbcnews.com/image/upload/t_nbcnews-fp-1200-630,f_auto,q_auto:best/newscms/2020_14/3293401/200402-crisis-line-al-1319.jpg",
        "https://media-cldnry.s-nbcnews.com/image/upload/t_fit-760w,f_auto,q_auto:best/newscms/2020_14/3293401/200402-crisis-line-al-1319.jpg"
    ],
    "publication-date": "2020-04-04",
    "text": "At first, coronavirus-related calls to the crisis hotlines at Didi Hirsch Mental Health Services came in a trickle: In February, just 22 callers mentioned the virus.\n\nBy the end of March, that number had skyrocketed to more than 1,800.\n\nWith an average of 10,800 calls on any given month, Didi Hirsch\u2019s hotlines are constantly ringing. Based in California, it is one of three crisis centers nationwide that takes calls through the Disaster Distress Helpline, a 24-hour hotline that helps people cope with anything from natural disasters to public health emergencies.\n\nThe center is also one of more than 160 centers around the country that takes calls from the National Suicide Prevention Lifeline.\n\nFull coverage of the coronavirus outbreak\n\nBut the coronavirus has felt different than past events that prompted a spike in calls, such as wildfires, mass shootings or celebrity suicides, say those who answer the phones. Unlike the pandemic, which seems to worsen by the day, those tragedies had a clear end to them, and did not necessarily have a direct effect on crisis counselors who take calls or answer online chats.\n\n\u201cWe\u2019ve never had some type of societal change or epidemic that has both impacted within our organization and everyone outside of it,\u201d said Carolyn Levitan, Didi Hirsch\u2019s Crisis Line director. \u201cSuddenly our counselors are experiencing some of the same crises that callers and chat visitors are.\u201d\n\nAcross the country, as crisis hotlines are inundated with calls from an anxious public, those who pick up the phones are dealing with the same fears and disruptions to their own lives.\n\nTheir call centers \u2014 many of which are housed in office buildings that do not meet social distancing guidelines \u2014 have had to undergo rapid technological transformations so crisis counselors can receive calls at home. Some crisis counselors have even tested positive for the virus themselves.\n\nWhile the call volume has increased, many hotlines are seeing trained volunteers offer to pick up more shifts \u2014 some because they have lost their jobs due to the coronavirus and now have more time to give, others because volunteering feels therapeutic during this time of uncertainty.\n\nAt Didi Hirsch, which has 10 locations throughout Los Angeles County and Orange County, the pandemic has hit close to home.\n\nIn late March, both a crisis line volunteer and a staff member tested positive for COVID-19, the illness caused by the coronavirus.\n\n\u201cWe\u2019re trying to balance the emotional and physical health of our counselors with the needs of our callers and our chat visitors, and it\u2019s a very fine line.\u201d\n\nBecause the staff works in close quarters \u2014 where it is encouraged to check in on one another after tough phone calls with a conversation to debrief or sometimes just to provide a hug \u2014 about 35 people who had had potential exposure to the sick individuals had to be quarantined afterward, Levitan said. (No one else has since tested positive.)\n\n\u201cWe\u2019re trying to balance the emotional and physical health of our counselors with the needs of our callers and our chat visitors, and it\u2019s a very fine line,\u201d Levitan said. \u201cCounselors may be stressed or triggered by calls because it might remind them of a stressor in their own lives related to COVID, and they also have had to wonder if they are exposed to COVID.\u201d\n\nDidi Hirsch had an emergency preparedness plan to route calls outside of the Los Angeles suicide prevention office that houses its crisis call center, should an earthquake or other disaster hit. But the plan involved sending calls to their other sites \u2014 not to crisis counselors at home. After a frenzied two weeks, the online chat program has been made accessible remotely, and by next week, all calls to crisis lines should be ported outside the call center for counselors to answer remotely.\n\nMeanwhile, at the Long Island Crisis Center in Bellmore, New York, a plan was devised several years ago to allow staff to take calls at home \u2014 but no one there envisioned it would be implemented under a global pandemic, said Joe Walsh, the center\u2019s director.\n\n\u201cCrisis centers have to be on the cutting edge of technology to stay 100 percent up during times of extreme need like this.\u201d\n\n\u201cLong Island has been affected by other crisis situations. Hurricane Sandy was one that was part of the motivating factor,\u201d he said. \u201cCrisis centers have to be on the cutting edge of technology to stay 100 percent up during times of extreme need like this.\u201d\n\nIn the last two weeks, more than 50 percent of the calls to the crisis hotline have been about the coronavirus, with an uptick in calls about financial problems, alcohol use and thoughts of suicide compared to the preceding two weeks, Walsh said.\n\nSince the staff can no longer gather in-person, they have been doing twice-weekly video chats to talk through challenges, he added.\n\n\u201cIt\u2019s hard for everyone,\u201d Walsh said. \u201cIt\u2019s hard for helpers, too.\u201d\n\nAt Crisis Text Line, a text message-based help network, crisis counselors have always done their shifts from home, said co-founder and CEO Nancy Lublin. But with text volume doubling in the past several weeks, Crisis Text Line has wanted to make sure its all-volunteer team of counselors have felt they have the support they need, offering them free memberships to the meditation app Headspace, among other tools, Lublin said.\n\nBeing able to empathize with texters\u2019 concerns since the coronavirus started has been helpful, said Sara Schaller, a Crisis Text Line crisis counselor.\n\n\u201cI\u2019m human and I have those fears, so it\u2019s telling them, \u2018You\u2019re not alone. It makes complete sense to be afraid of the unknown,\u2019\u201d Schaller, of Ann Arbor, Michigan, said. \u201cWe all feel it \u2014 not to diminish theirs, but reassuring them that they\u2019re not alone in these fears.\u201d\n\n\u201cThere\u2019s a collective feeling of grief,\u201d she added. \u201cIt\u2019s more of a collective trauma.\u201d\n\nBut there have been obstacles. A lot of the tips that crisis counselors around the country normally offer \u2014 such as leaving the house if you feel suicidal to go to a safer environment or meeting up with friends to combat feelings of loneliness \u2014 are not possible while social distancing.\n\nPracticing self-care, even in quarantine\n\nHowever, psychologists say there are still many forms of self-care that people can practice, whether they are the ones fielding the calls to crisis hotlines or the ones making them.\n\nStaying physically active, through a daily walk if it is safe to do so or an online workout, is crucial for maintaining mental health, said Lynn Bufka, senior director at the American Psychological Association. So is keeping in touch with meaningful people in your life, whether it\u2019s through phone or video calls.\n\n\"Your cognitive capability is pretty maxed out dealing with this situation.\u201d\n\n\u201cIf you\u2019re able to figure out ways that work for you and don\u2019t require a lot of decision-making, that\u2019s helpful, because your cognitive capability is pretty maxed out dealing with this situation,\u201d she said.\n\nOther people might find comfort in churches and synagogues that are streaming their religious services online, or in yoga or meditation apps, said Dana Garfin, a psychologist and assistant adjunct professor in the Sue & Bill Gross School of Nursing at the University of California, Irvine.\n\nGarfin, who is doing a study on the psychological effects of the COVID-19 quarantines, also recommended not getting bombarded with news.\n\n\u201cYou don\u2019t want to not know what\u2019s going on, but there\u2019s a difference between checking the news once or twice, and having the TV on in the background all day,\u201d she said.\n\nDownload the NBC News app for full coverage of the coronavirus outbreak\n\nDespite the difficulties counselors are dealing with themselves, all the crisis hotlines encouraged anyone feeling overwhelmed to reach out at any time.\n\nKita S. Curry, the president and CEO of Didi Hirsch Mental Health Services, said she feared the emotional toll caused by the coronavirus was just beginning, especially as its effect on the economy grows.\n\nShe said despite her staff\u2019s own worries about the coronavirus, they are more dedicated than ever to helping callers to the crisis hotline.\n\n\u201cIt\u2019s really stressful,\u201d Curry said, her voice breaking, \u201cbut it\u2019s very rewarding to be able to help people in their darkest hour.\u201d\n\nIf you or someone you know is in crisis, call the National Suicide Prevention Lifeline at 800-273-8255, text HOME to 741741 or visit SpeakingOfSuicide.com/resources for additional resources.",
    "title": "'Hard for helpers, too': Faced with their own coronavirus fears, crisis hotline counselors answer surge in calls",
    "top-image": "https://media-cldnry.s-nbcnews.com/image/upload/t_nbcnews-fp-1200-630,f_auto,q_auto:best/newscms/2020_14/3293401/200402-crisis-line-al-1319.jpg",
    "df_date": 20200404,
    "source": "www.nbcnews.com",
    "label": "reliable"
}