{
    "url": "https://www.nytimes.com/2020/04/04/us/politics/coronavirus-state-department.html",
    "uid": "1637679345.9283946.-2020-04-04-us-politics-coronavirus-state-department-html",
    "images": [
        "https://static01.nyt.com/images/2020/04/05/us/politics/05dc-virus-diplo/00dc-virus-diplo1-articleLarge.jpg?quality=75&auto=webp&disable=upscale",
        "https://static01.nyt.com/images/2019/07/25/reader-center/author-lara-jakes/author-lara-jakes-thumbLarge.png",
        "https://static01.nyt.com/images/2020/04/05/us/politics/05dc-virus-diplo/00dc-virus-diplo1-facebookJumbo.jpg?year=2020&h=549&w=1050&s=5036cb9932472d83769146c156c716efa21677e6451ff161a7442b55f8c04264&k=ZQJBKqZ0VN"
    ],
    "publication-date": "2020-04-04",
    "text": "The coronavirus has changed that.\n\nDiplomats, whose very jobs are to interact with foreigners and to represent 20 million Americans who are abroad at any given time, have been highly vulnerable to the pandemic as it swept around the world and into countries that have been slow to acknowledge its threat, many whose medical facilities are less than adequate to start.\n\nThree State Department employees have died from the coronavirus so far, all of whom were foreign citizens who were hired by the embassies in their respective home nations. One was from Indonesia and another from the Democratic Republic of Congo. The State Department did not disclose on Friday where the third person was from, except to say that he or she was not an American citizen.\n\nOn March 20, the day before Mr. Young tested positive, President Trump described the State Department as the \u201cDeep State Department\u201d \u2014 a jab at what he sees as a disloyal diplomatic corps. He delivered it during a coronavirus briefing as he stood next to Secretary of State Mike Pompeo, who minutes later said of the president, \u201cI know how much he values the people that work on my team.\u201d\n\nIt was left to Representative Eliot L. Engel, the chairman of the House Foreign Affairs Committee, to defend the State Department staff. \u201cThese men and women aren\u2019t a \u2018deep state,\u2019\u201d Mr. Engel, Democrat of New York, said later. \u201cThey\u2019re our leading edge in working to protect Americans in the farthest corners of the world.\u201d\n\nAt the start of last week, there were only 43 kits available in Burkina Faso to test for coronavirus infection, Mr. Young said. The country currently has one of the highest numbers of infections in Africa \u2014 as of Friday, there were at least 288 confirmed cases and 16 deaths.",
    "title": "When the Face of America Falls Ill: A Virus\u2019s Toll on Diplomats",
    "top-image": "https://static01.nyt.com/images/2020/04/05/us/politics/05dc-virus-diplo/00dc-virus-diplo1-facebookJumbo.jpg?year=2020&h=549&w=1050&s=5036cb9932472d83769146c156c716efa21677e6451ff161a7442b55f8c04264&k=ZQJBKqZ0VN",
    "df_date": 20200404,
    "source": "www.nytimes.com",
    "label": "reliable"
}