{
    "url": "https://www.nytimes.com/2020/04/04/nyregion/coronavirus-ny-unemployment-benefits.html",
    "uid": "1637679346.0113328.-2020-04-04-nyregion-coronavirus-ny-unemployment-benefits-html",
    "images": [
        "https://static01.nyt.com/images/2020/04/03/nyregion/00nyvirus-unemployed1/00nyvirus-unemployed1-facebookJumbo.jpg?year=2020&h=550&w=1050&s=daaf41b9bf6982a5067080663eb9b745970a65ba9b599fdc9869727ed0b71ada&k=ZQJBKqZ0VN",
        "https://static01.nyt.com/images/2020/04/03/nyregion/00nyvirus-unemployed1/merlin_171263199_c45860ee-a2d3-43af-b58a-15b0e3edde63-articleLarge.jpg?quality=75&auto=webp&disable=upscale"
    ],
    "publication-date": "2020-04-04",
    "text": "Mohammed Saiful Islam got a taste of how antiquated the technology that runs New York State\u2019s unemployment-insurance system is when he had to go to a Staples store in the middle of a pandemic to fax his pay stubs to Albany.\n\nMr. Islam, a Lyft driver who lives in Queens and has been idled by the outbreak, is among more than 450,000 New Yorkers who have tried, often in vain, to apply for unemployment benefits in the past three weeks.\n\nAs he and many others discovered, the state\u2019s archaic systems were woefully unprepared for the deluge of claims. In Mr. Islam\u2019s case, he said it took him four days to reach someone who could explain what he had to do to complete the application process.\n\nState officials admitted as recently as last summer that there were problems with the technology used for such applications, describing New York\u2019s unemployment-insurance systems as relics from the heyday of mainframe computers.",
    "title": "He Needs Jobless Benefits. He Was Told to Find a Fax Machine.",
    "top-image": "https://static01.nyt.com/images/2020/04/03/nyregion/00nyvirus-unemployed1/00nyvirus-unemployed1-facebookJumbo.jpg?year=2020&h=550&w=1050&s=daaf41b9bf6982a5067080663eb9b745970a65ba9b599fdc9869727ed0b71ada&k=ZQJBKqZ0VN",
    "df_date": 20200404,
    "source": "www.nytimes.com",
    "label": "reliable"
}