{
    "url": "https://www.aljazeera.com/news/2020/04/protests-coronavirus-lockdowns-brazil-live-updates-200418233435533.html",
    "uid": "1637747918.3103616.-news-2020-04-protests-coronavirus-lockdowns-brazil-live-updates-200418233435533-html",
    "images": [
        "/wp-content/uploads/2020/04/4cc0301233da443f8f9dd2c73cd1f87a_18.jpeg",
        "/wp-content/uploads/2021/11/1236407196.jpg?resize=170%2C113",
        "/wp-content/uploads/2021/11/2021-11-22T092215Z_746281632_RC2EZQ937XW7_RTRMADP_3_HEALTH-CORONAVIRUS-INDIA-SCHOOLS.jpg?resize=170%2C113",
        "/wp-content/uploads/2021/11/DART-at-Asteroids-1024x576-1.jpeg?resize=170%2C113",
        "/wp-content/uploads/2021/11/2021-11-13T000001Z_1812655296_RC2BTQ9K5AIL_RTRMADP_3_USA-CHINA-TAIWAN-AUSTRALIA.jpg?resize=170%2C113",
        "/wp-content/uploads/2020/04/2df1000f261a443796abbb38823abd84_18.jpeg?resize=770%2C513",
        "/wp-content/uploads/2020/03/e3cc5eedd7b94d668f38273d9ac1dc38_18.jpeg",
        "/wp-content/uploads/2020/04/9f542b0187af4cbdbc41f6d08f8b7b7b_18.jpeg",
        "/wp-content/uploads/2020/04/71cc0f0a9c0342cf9e3399bbf1b91f1c_18.jpeg",
        "/wp-content/uploads/2020/04/cec21f6bb5ca405ba702ec129d6025fa_18.jpeg?resize=270%2C180",
        "/wp-content/uploads/2020/04/817092e164ed460ebd6234a61ec55553_18.jpeg",
        "/wp-content/uploads/2020/04/049f9494601f4e3dbea17ce3f400de99_18.jpeg",
        "/wp-content/uploads/2020/04/0382eb68edf348bb85779c303d25f05b_18.jpeg?resize=270%2C180",
        "/wp-content/uploads/2021/11/h_55621032.jpg?resize=170%2C113",
        "/wp-content/uploads/2021/11/AP21250562457262.jpg?resize=170%2C113",
        "/wp-content/uploads/2020/04/9fa202e61db240bf821aa8e7021f00b0_18.jpeg",
        "https://www.aljazeera.com/wp-content/uploads/2020/04/2df1000f261a443796abbb38823abd84_18.jpeg?fit=1000%2C560",
        "/static/media/aj-footer-logo.bac952ad.svg",
        "/wp-content/uploads/2020/04/14ebb7a5396d44fdb44ad0ccd831c930_18.jpeg?resize=270%2C180",
        "/wp-content/uploads/2021/11/2021-11-11T143909Z_466735942_RC2DSQ90DTVF_RTRMADP_3_LEBANON-CRISIS-HEZBOLLAH.jpg?resize=170%2C113",
        "/wp-content/uploads/2020/04/3c7af6d03a804579b3ba007c797b370d_18.jpeg",
        "/wp-content/uploads/2020/04/b58a68af079947518a731921be50b250_18.jpeg",
        "/wp-content/uploads/2021/11/AP21314219060154.jpg?resize=170%2C113",
        "/wp-content/uploads/2020/04/fbd56a0be28647d6b6432c9122675df9_18.jpeg",
        "/wp-content/uploads/2020/04/dc25eee53f6c4093bebf07a7d96729c5_18.jpeg",
        "/wp-content/uploads/2020/04/14ebb7a5396d44fdb44ad0ccd831c930_18.jpeg",
        "/wp-content/uploads/2020/04/44e2e1105dc049968ca32ab89816fb49_18.jpeg"
    ],
    "publication-date": null,
    "text": "New York registers almost half of 40,585 fatalities, with more than 742,000 coronavirus infections reported countrywide.\n\nCoronavirus-related deaths in the US topped 40,000 with New York recording nearly half of all fatalities. Governor Andrew Cuomo said the coronavirus curve is \u201con the descent\u201d after hospitalisations and deaths continue to fall.\n\nIran partially reopened its capital, Tehran, allowing \u201clow-risk businesses\u201d, including shops, factories and warehouses to resume operations. But Algeria, Morocco, Croatia and Spain extended lockdowns, while Uzbekistan prolonged social distancing measures.\n\nThe Nigerian president\u2019s chief of staff died from COVID-19, the respiratory illness caused by the new coronavirus. Abba Kyari\u2019s was the highest-profile death in the West African country.\n\nGlobally, more than 2.3 million people have been infected and more than 164,000 people have died, according to a tally by Johns Hopkins University.\n\nHere are the latest updates:\n\nSunday, April 19\n\n20:58 GMT \u2013 Middle East tourism fair in Dubai cancelled\n\nDubai\u2019s Arabian Travel Market, one of the Middle East\u2019s biggest travel and tourism fairs, has been cancelled, organisers said.\n\nThe exhibition was in March rescheduled to June 28 to July 1 at Dubai\u2019s World Trade Centre from its original dates of April 19 to 22.\n\n\u201cAfter consultation with our key stakeholders and after listening to our industry, ultimately it became apparent that the best course of action, and with everyone\u2019s best interests in mind, is to postpone the event to 2021,\u201d organisers said on the event\u2019s website.\n\n20:48 GMT \u2013 Tunisia extends lockdown to May 4\n\nTunisia is extending a lockdown to May 4, after which it will ease restrictions gradually on some economic activities, Prime Minister Elyes Fakhfakh said.\n\nThe government has said it expected Tunisia\u2019s economy would shrink by up to 4.3 percent, the steepest drop since independence in 1956.\n\n20:34 GMT \u2013 Deaths in Africa rise by 55\n\nThe number of deaths in Africa rose by 55 in the last 24 hours, with the total toll at 1,080, according to the Africa Centers for Disease Prevention and Control (Africa CDC).\n\nData compiled by the Africa CDC showed that total cases had reached 21,317 after 1,047 additional cases.\n\nNorth Africa has been the hardest hit on the continent followed by its western, southern central and eastern regions.\n\n\n\n\n\n20:15 GMT \u2013 Cases in Peru top 15,000, second highest in Latin America\n\nPeru reported over 15,000 cases, the second-highest tally in Latin America, as the coronavirus continues to ravage the economy of the world\u2019s No. 2 copper producer.\n\nThe crisis has paralysed Peru and left millions without jobs.\n\nPeru has reported a total of 15,628 cases and 400 deaths, the health ministry said.\n\nIn Latin America, only Brazil has more cases.\n\n20:04 GMT \u2013 France to allow visits to nursing and seniors\u2019 homes\n\nFrance is now allowing visits to seniors\u2019 and nursing homes as part of an easing of restrictions.\n\nFrom Monday the right to visit will be re-established, albeit with restrictions, French Health Minister Olivier Veran said at a press conference with Prime Minister Edouard Philippe.\n\nNo more than two relatives may visit a resident in a senior or social care facility at the same time. In addition, physical contact is still prohibited, Veran said.\n\nThe visit ban has been in effect since mid-March.\n\n19:55 GMT \u2013 Honduras extends curfew by one week\n\nHonduras extended a curfew through April 26 in an attempt to curb the coronavirus which has infected 472 people and killed 46.\n\n\u201cIn order to better control the spread of COVID-19, we decided to extend the current total curfew from Sunday (April) 19 at 3:00 pm, until Sunday, April 26, 2020, at 3:00 pm,\u201d said the spokesman for the Honduran security ministry, Jair Meza.\n\n19:25 GMT \u2013 US deaths top 40,000\n\nThe number of coronavirus-related deaths in the US topped 40,000, according to a running tally by Johns Hopkins University.\n\nIt showed the number of fatalities countrywide at 40,585, with almost half of them in New York.\n\n\n\n\n\n19:12 GMT \u2013 Croatia partially lifts travel restrictions\n\nCroatia will partially scrap the travel ban within the country on Sunday at midnight (22:00 GMT), Interior Minister Davor Bozinovic said on Nova TV.\n\nFrom Monday, people will be able to travel freely within their districts, he said. Croatia is split into 20 districts.\n\nThe borders of Croatia will remain closed.\n\n19:09 GMT \u2013 Poland records jump in cases a day ahead of easing restrictions\n\nPoland saw its biggest jump in coronavirus cases with 545 new infections recorded, according to health ministry data, a day before the country plans to ease some of its restrictions.\n\nParks and forests will be reopened on Monday and limits on the numbers of people allowed in shops will be eased, Prime Minister Mateusz Morawiecki said on Thursday.\n\nPoland so far has 9,287 confirmed cases.\n\n18:40 GMT \u2013 Saudi Islamic body recommends prayers at home for Ramadan\n\nSaudi Arabia\u2019s top Islamic authority has called on Muslims worldwide to perform communal prayers including the nightly taraweeh prayer at home during the Muslim holy month of Ramadan which begins next week.\n\n\u201cThe Muslim should avoid gatherings because they are considered the main reason for spreading infection, according to related medical reports,\u201d the council said, according to the state Saudi news agency SPA.\n\nThe holy Kaaba at the Grand Mosque in Mecca, Saudi Arabia is shown empty of worshippers [Ganoo Essa/Reuters]\n\n18:15 GMT \u2013 Italy\u2019s daily death toll hits one-week low\n\nItaly said that deaths from the coronavirus pandemic rose by 433, the lowest daily tally in a week, and the number of new cases slowed to 3,047 from a previous 3,491.\n\nThe death toll as reported by Italy\u2019s Civil Protection Agency had risen by 482 on Saturday, down from 575 on Friday.\n\nThis plateau is down considerably from peaks reached around the end of March, but the downtrend has not proceeded as fast as was hoped in a country that has been in lockdown for six weeks.\n\n18:10 GMT \u2013 Trump, Erdogan agree on cooperation against coronavirus\n\nUS President Donald Trump and his Turkish counterpart Tayyip Erdogan agreed in a phone call to work together to counter the threat posed by the coronavirus outbreak, Turkey\u2019s presidency said.\n\nThe two leaders \u201cagreed to continue their close cooperation against the threats that the coronavirus pandemic poses to public health and our economies,\u201d it said.\n\n17:03 GMT \u2013 Qatar reports 440 new cases\n\nQatar\u2019s Health Ministry reported 440 new cases of coronavirus in the last 24 hours bringing the total number of people currently undergoing treatment to 4,922.\n\nSo far eight people have died in total from COVID-19.\n\n\u0622\u062e\u0631 \u0645\u0633\u062a\u062c\u062f\u0627\u062a \u0641\u064a\u0631\u0648\u0633 \u0643\u0648\u0631\u0648\u0646\u0627 \u0641\u064a \u0642\u0637\u0631\n\nLatest update on Coronavirus in Qatar#\u0633\u0644\u0627\u0645\u062a\u0643_\u0647\u064a_\u0633\u0644\u0627\u0645\u062a\u064a #YourSafetyIsMySafety pic.twitter.com/AbxeTOhHxH \u2014 \u0648\u0632\u0627\u0631\u0629 \u0627\u0644\u0635\u062d\u0629 \u0627\u0644\u0639\u0627\u0645\u0629 (@MOPHQatar) April 19, 2020\n\n16:35 GMT \u2013 New York State curve \u2018on the descent\u2019: Cuomo\n\nThe outbreak in New York, the epicentre of the epidemic in the US is \u201con the descent,\u201d Governor Andrew Cuomo said.\n\n\u201cWe are past the high point, and all indications at this point is that we are on the descent,\u201d Cuomo told a press conference.\n\n\u201cWhether or not the descent continues depends on what we do but right now we\u2019re on the descent.\u201d\n\nNew York recorded 1,384 new hospitalisations on Saturday, down from 1,915 on Friday, according to Governor Andrew Cuomo.\n\nDeaths rose by 507 on Saturday compared to an increase of 540 a day earlier.\n\n16:16 GMT \u2013 Chinese lab chief: Wuhan institute not a source of coronavirus\n\nThe head of the Institute of Virology in the Chinese city of Wuhan has rejected allegations in the US that the\n\ncoronavirus could have originated in his laboratory.\n\n\u201cThere\u2019s no way this virus came out from us,\u201d said Yuan Zhiming in an interview with state television, the English-language transcript of which was published by Chinese media.\n\n\u201cWe clearly know what kind of virus research is going on in the institute and how the institute manages viruses and samples,\u201d he said, adding that there is no evidence to prove that the virus has artificial or synthetic traces.\n\nThe director said he understood why people jumped to conclusions about his institute in Wuhan, the city where the pandemic originated.\n\n\u201cBut it\u2019s bad when some are deliberately trying to mislead people,\u201d Zhiming said.\n\n\n\n\n\n16:10 GMT \u2013 Deaths in France near 20,000, ICU numbers fall\n\nFrance recorded 395 more deaths, bringing the total to 19,718, as the pace in fatalities continued to slow and the number of patients in intensive care decreased.\n\nFrance\u2019s public health chief Jerome Salomon told a news briefing that the total number of people in intensive care units fell for the 11th day in a row, to 5,744 \u2013 the lowest level since March 30.\n\n\n\n\n\n15:52 GMT \u2013 EU commissioner slams Europe\u2019s \u2018morbid dependency\u2019 on China\n\nEuropean Commission vice-president Vera Jourova criticised the EU for what she said was its \u201cmorbid dependency\u201d on China and India for medical supplies.\n\n\u201cThis crisis has revealed our morbid dependency on China and India as regards pharmaceuticals,\u201d Jourova said in a debate on Czech state television.\n\n\u201cThis is something that makes us vulnerable and we have to make a radical change there,\u201d added the Czech commissioner, who is in charge of values and transparency in the Commission.\n\n\u201cWe will reassess the [supply] chains\u2026 and try to diversify them and, ideally, produce as many things as possible in Europe,\u201d Jourova said.\u201dThis is a big lesson we have learnt.\u201d\n\n15:48 GMT \u2013 India aviation regulator tells airlines not to take bookings\n\nIndia\u2019s aviation regulator told airlines not to take bookings as the government has not yet decided when to recommence flights after a lockdown scheduled to end on May 3.\n\nThe Directorate General of Civil Aviation (DGCA) issued the notification after some Indian airlines started taking bookings for May 4 onwards.\n\nIndigo, the country\u2019s largest airline, and Vistara, owned by Singapore Airlines and Tata Group, had said earlier they would begin operations in a phased manner from May 4.\n\n15:30 GMT \u2013 Cases in Chile top 10,000, third highest in Latin America\n\nChile reported over 10,000 cases of coronavirus, the third-highest tally in Latin America.\n\nLarge areas of its capital Santiago, a city of six million, are under lockdown, and all non-essential businesses have been closed for weeks.\n\nChile has reported a total of 133 deaths, the health ministry said.\n\nIn Latin America, only Brazil and Peru have more cases.\n\n\n\n\n\n15:15 GMT \u2013 US death toll exceeds 39,000\n\nThe US reported 2,009 coronavirus-related deaths over the past day, surpassing the 39,000 mark, according to John Hopkins University.\n\nThe total tally counted 39,095 deaths and 735,336 cases.\n\nThe US continues to lead the world in the number of infections and deaths, followed by Spain and Italy.\n\n15:00 GMT \u2013 Cases in Canada rise by almost 12 percent in a day\n\nThe total number of coronavirus-related deaths in Canada rose by just under 12 percent to 1,506 in a day, according to official data posted by the public health agency.\n\nIn a statement posted shortly before 15:00 GMT, it said the number of people diagnosed with the coronavirus climbed to 33,922. The respective figures on Saturday were 1,346 deaths and 32,412 positive diagnoses.\n\n14:55 GMT \u2013 Zimbabwe lockdown extended by two weeks\n\nZimbabwe\u2019s President Emmerson Mnangagwa extended a lockdown, saying the country had not yet met conditions set down by the World Health Organization to lift the measures.\n\nThree people have died from the coronavirus out of the 25 confirmed infected, but health experts expect the figures to rise once authorities ramp up testing.\n\nMnangagwa said the government will allow mining companies, which generate the most foreign currency, to resume work while manufacturers would work at limited capacity.\n\nRead more here.\n\n14:35 GMT \u2013 Pakistan starts repatriating stranded UAE-based nationals\n\nPakistan has started repatriating some of its citizens from the UAE, which had threatened to review labour ties with countries refusing to take back their nationals during the novel coronavirus pandemic.\n\nThe first Pakistan International Airlines (PIA) flight carrying 227 \u201cstranded passengers\u201d from Dubai and other emirates left for Islamabad on Saturday evening, Pakistan\u2019s consulate general in Dubai said in a Twitter post.\n\nFirst PIA flight carrying 227 stranded passengers from Dubai and Northern Emirates left for Islamabad today at 1900 hours.@SMQureshiPTI @ForeignOfficePk @pid_gov pic.twitter.com/aF4RHwtMij \u2014 Consulate General of Pakistan, Dubai (@ParepDubai) April 18, 2020\n\nIt was not clear when other flights would depart. More than 40,000 Pakistanis in the UAE have registered with the consulate to return home, two UAE newspapers reported.\n\n14:25 GMT \u2013 UK not thinking of easing lockdown measures yet: minister\n\nBritain is not considering lifting the lockdown imposed almost four weeks ago to control the coronavirus outbreak given \u201cdeeply worrying\u201d increases in the death toll, a senior minister said.\n\nBritain is at or near the peak of a health crisis in which more than 15,000 people have died \u2013 the fifth highest national death toll of a pandemic linked to at least 150,000 deaths worldwide.\n\n\n\n\n\n14:20 GMT \u2013 US Lawmakers close to deal on funding for small business\n\nUS lawmakers are close to an agreement on approving extra money to help small businesses hurt by the pandemic and could seal a deal as early as Sunday, congressional and Trump administration officials said.\n\n\u201cI think we\u2019re very close to a deal today and I\u2019m hopeful we can get that done,\u201d US Treasury Secretary Steve Mnuchin said in an interview with CNN.\n\n13:50 GMT \u2013 UK hospital deaths rise by smallest amount in nearly two weeks\n\nBritain\u2019s hospital death toll from COVID-19 rose by 596 to 16,060 as of 16:00 GMT Saturday, the smallest increase in nearly two weeks, the health ministry said.\n\nData published on Sundays has shown smaller increases in the number of fatalities. April 6 marked the last time the health ministry reported a smaller increase in the daily death toll.\n\nThe number of people in the UK who have died in hospital from the coronavirus rose to 16,060, according to daily health ministry figures [Daniel Leal-Olivas/AFP]\n\n13:42 GMT \u2013 Fire tears through Greece refugee camp after coronavirus protest\n\nA fire has torn through one of Greece\u2019s largest refugee camps on Chios island, causing widespread damage and rendering up to hundreds of people homeless.\n\nThe blaze started following a protest over the death of a 47-year-old Iraqi asylum seeker who was cleared of having the coronavirus. But many residents at the overcrowded camp still believed she died of COVID-19, the disease caused by the virus.\n\nRead about it here.\n\nAuthorities fear coronavirus outbreaks in Greece\u2019s crowded island camps [Louisa Gouliamaki/AFP]\n\n_____________________________________________________________\n\nThis is Mersiha Gadzo in Doha taking over the live updates from my colleague Linah Alsaafin.\n\n______________________________________________________________\n\n12:43 GMT \u2013 Dutch report lowest daily death rate in over 3 weeks\n\nThe number of deaths caused by the novel coronavirus in the Netherlands has risen by 83, Dutch health authorities said, which was the smallest reported daily increase since March 26.\n\nThe total number of deaths among people known to have been infected with the coronavirus increased to 3,684, while the number of confirmed infections rose by 1,066 to 32,655.\n\n12:28 GMT \u2013 Leading member of Guinea government dies from coronavirus\n\nWorkers dressed in full-body gear prepare to disinfect shops and streets in Conakry, Guinea during a cleaning and disinfecting campaign as a preventive measure against the spread of the coronavirus. [File: Cellou Binani/AFP]\n\nA top government official in Guinea and close ally of President Alpha Conde has died from the new coronavirus, the government said.\n\nSekou Kourouma, who was secretary-general of the government and a former minister, was taken ill last week and died in Conakry on Saturday.\n\n\u201cSeveral senior state officials (have died) as a result of complications related to COVID-19,\u201d the government said in a statement.\n\nAt least two other officials have died of COVID-19 \u2013 the president of the electoral commission Salif Kebe and Victor Traore, a former director of Interpol in Guinea.\n\nThe country has officially reported 518 cases of the coronavirus and five deaths.\n\n12:13 GMT \u2013 UK not thinking of easing virus lockdown measures yet\n\nChancellor of the Duchy of Lancaster Michael Gove said it was too early to consider lifting coronavirus lockdown [File: Luke Dray/Getty Images]\n\nBritain is not considering lifting the lockdown imposed almost four weeks ago to control the coronavirus outbreak given \u201cdeeply worrying\u201d increases in the death toll, a senior minister said.\n\nBritain is at or near the peak of a health crisis in which more than 15,000 people have died \u2013 the fifth-highest national death toll of a pandemic linked to at least 150,000 deaths worldwide.\n\nCabinet Office minister Michael Gove said a BuzzFeed report that the government was considering lifting the lockdown in phases over the coming months was not correct.\n\n\u201cThe facts and the advice are clear at the moment that we should not be thinking of lifting of these restrictions yet,\u201d Gove told Sky News.\n\n12:00 GMT \u2013 Singapore reports 596 new coronavirus cases, taking total to 6,588\n\nSingapore\u2019s health ministry confirmed 596 new coronavirus infections, taking the total number of cases in the city-state to 6,588.\n\nThe vast majority of the new cases are migrant workers living in dormitories and 25 are permanent residents, the health ministry said in a statement on Sunday.\n\n11:20 GMT \u2013 Russia confirms 6,060 new cases of coronavirus\n\nRussia on Saturday confirmed 6,060 new cases of the coronavirus, bringing the tally to 42,853 in the country.\n\nIn a statement, the emergency team said 43 percent of the new cases did not have clinical symptoms.\n\nThe death toll from the coronavirus in the country reached 361 as 48 more people died over the past 24 hours.\n\n11:00 GMT \u2013 Saudi top religious authority recommends home prayers in Ramadan\n\nGeneral view of the Kaaba at the Grand Mosque after Saudi authorities suspended Umrah pilgrimages amid fears of a coronavirus outbreak in the Muslim holy city of Mecca [File: Ganoo Essa/Reuters]\n\nSaudi Arabia\u2019s highest religious body, the Council of Senior Scholars, urged Muslims worldwide to pray at home during Ramadan if their countries require social distancing to curb the spread of the coronavirus, state news agency SPA reported.\n\nThe holy fasting month of Ramadan begins later this week. During the month, believers usually break their fast with families and friends and perform an evening prayer, known as Taraweeh, in large gatherings at mosques.\n\n\u201cMuslims shall avoid gatherings, because they are the main cause of the spread of infection \u2026 and shall remember that preserving the lives of people is a great act that brings them closer to God,\u201d it said in a statement.\n\n10:49 GMT \u2013 Indonesia confirms 327 new coronavirus cases, total 6,575\n\nIndonesia reported 327 new coronavirus cases, taking the total number of infections to 6,575.\n\nHealth ministry official Achmad Yurianto also reported 47 new deaths, taking the total to 582.\n\nThe figures come a day after the chairman of the Indonesian Doctors Association said that the country\u2019s actual death toll could be nearly twice the official numbers.\n\nIn response, Yurianto told reporters in an online briefing on Sunday to \u201cavoid the added psychological burden of untrue news\u201d.\n\n10:32 GMT \u2013 India\u2019s Maharashtra state allows some economic activity\n\nMigrant labourers watch a movie on a mobile phone while resting under a bridge during a government-imposed nationwide lockdown as a preventive measure against the spread of the COVID-19 coronavirus, in Mumbai [Indranil Mukherjee/AFP]\n\nIndia\u2019s Maharashtra state, the country\u2019s largest regional economy, will allow a limited number of sectors to resume business on Monday, after a weeks-long shutdown to slow the spread of coronavirus left millions out of work.\n\nMaharashtra, home to financial centre Mumbai, has the biggest share of India\u2019s 15,713 infections, including a large number now ripping through its densely packed slums.\n\nChief Minister Uddhav Thackeray told a news conference on Sunday that some activity would be permitted in the least-affected parts of the state while observing a strict lockdown in the red zones that have the maximum number of cases.\n\n\u201cWe need to start the economic wheels again. We are giving selective permissions from tomorrow, especially in orange zones and green zones,\u201d he said, referring to areas with lower levels of infection.\n\n10:15 GMT \u2013 Spain\u2019s coronavirus toll slows, with 410 deaths overnight\n\nSpain\u2019s death toll from the new coronavirus outbreak rose by 410 on Sunday, down from 565 on Saturday, the Health Ministry said, bringing the total to 20,453 deaths in one of the world\u2019s hardest-hit countries.\n\nThe number of overall coronavirus cases rose to 195,944 on Sunday from 191,726 on Saturday, it added.\n\nThis is the lowest number of daily deaths since March 22.\n\nOn Saturday night, Spanish Prime Minister Pedro Sanchez announced in an address to the nation his plans to extend the lockdown until May 9. From there, he said there would be a \u201ccautious and progressive\u201d relaxation of quarantine measures.\n\n09:55 GMT \u2013 Germany\u2019s coronavirus cases rise by 2,458 to 139,897\n\nVisitors of a weekly market wear protective masks, as the spread of the coronavirus disease (COVID-19) continues in Dresden, Germany [Matthias Rietschel/Reuters]\n\nGermany\u2019s confirmed coronavirus cases have risen by 2,458 to 139,897, data from the Robert Koch Institute (RKI) for infectious diseases showed on Sunday.\n\nThat was lower than a 3,609 increase reported on Saturday, when cases of infections had been increasing for four days in a row.\n\nThe reported death toll has risen by 184 to 4,294, the Sunday tally showed.\n\n09:25 GMT \u2013 Japan passes 10,000 domestic cases of COVID-19\n\nThe Japanese health ministry said 568 new cases of the coronavirus were reported on Saturday, bringing the domestic total to 10,361. A combined total including 712 others from a cruise ship quarantined near Tokyo earlier this year came to 11,073, with 174 deaths.\n\nThe number of cases is still relatively small compared to the US and Europe, but that is only as many as Japan\u2019s limited testing has detected and actual infections are believed to be far more widespread.\n\nJapan has finally started setting up additional testing centres in Tokyo and elsewhere, allowing primary care doctors to send suspected patients directly to testing stations rather than having them go through public health centres to screen eligibility, an earlier requirement that had prevented and delayed the testing and treatment of many people.\n\nExperts have noted that their strategy of going after clusters to trace infections is no longer effective to keep up with the surging cases, and more tests are needed.\n\n08:48 GMT \u2013 Pakistan starts repatriating UAE-based nationals stranded by coronavirus\n\nPakistan has started repatriating some of its citizens from the United Arab Emirates, which had threatened to review labour ties with countries refusing to take back their nationals during the novel coronavirus pandemic.\n\nThe first Pakistan International Airlines (PIA) flight carrying 227 \u201cstranded passengers\u201d from Dubai and other emirates left for Islamabad on Saturday evening, Pakistan\u2019s consulate general in Dubai said in a Twitter post.\n\nFirst PIA flight carrying 227 stranded passengers from Dubai and Northern Emirates left for Islamabad today at 1900 hours.@SMQureshiPTI @ForeignOfficePk @pid_gov pic.twitter.com/aF4RHwtMij \u2014 Consulate General of Pakistan, Dubai (@ParepDubai) April 18, 2020\n\nIt was not clear when other flights would depart. More than 40,000 Pakistanis in the Gulf Arab state have registered with the consulate to return home, two UAE newspapers reported.\n\nThe UAE and other Gulf states have reported increased infections among low-income migrant workers who live in overcrowded quarters. Some have moved to rehouse them in shuttered schools or dedicated centres, and are trying to arrange flights to repatriate them.\n\n08:30 GMT \u2013 Philippines records 12 new coronavirus deaths, 172 more cases\n\nThe Phillipines has undertaken strict lockdown measures to curb the spread of the coronavirus [Ez/Getty Images]\n\nThe Philippines\u2019 health ministry reported 12 new coronavirus deaths and 172 new infections.\n\nThe Southeast Asian country now has a total of 6,259 confirmed coronavirus cases and 409 deaths, it said in a bulletin.\n\nIt said 56 more patients have recovered, bringing the total to 572.\n\n08:18 GMT \u2013 Taiwan reports 22 new coronavirus cases, mostly navy sailors\n\nTaiwan\u2019s government on Sunday reported 22 new coronavirus cases, 21 of whom had been on a Taiwanese navy mission to the Pacific island state of Palau last month.\n\nSpeaking at a news conference, Taiwan Health Minister Chen Shih-chung said the cases had so far only been discovered on one of the three ships that had visited Palau, but that further investigations were needed before they could say where exactly the sailors had contracted the virus.\n\nThe new cases bring Taiwan\u2019s total to 420, six of whom have died.\n\n08:00 GMT \u2013 Israel\u2019s COVID-19 cases surpass 13,300\n\nThe death toll in Israel from the coronavirus rose to 171, as seven more people died, the country\u2019s health ministry said.\n\nThe ministry said 97 new cases were reported in the country, bringing the tally to 13,362, with some 156 of them in a critical condition.\n\nCaretaker Prime Minister Benjamin Netanyahu said Israel will relax some of its lockdown measures on Sunday because the spread of the virus was slowing down. Israel was better off than other countries, he told a televised news conference.\n\n\u201cWe have one of the lowest death rates,\u201d he said.\n\n07:50 GMT \u2013 Singapore reports 596 new coronavirus cases, taking total to 6,588\n\nSingapore\u2019s health ministry confirmed 596 new coronavirus infections, taking the total number of cases in the city-state to 6,588.\n\nThe vast majority of the new cases are migrant workers living in dormitories and 25 are permanent residents, the health ministry said in a statement on Sunday.\n\n07:15 GMT \u2013 Panama holds 1,700 migrants in jungle due to coronavirus\n\nAbout 1,700 undocumented migrants heading to the US are being held in a jungle camp by Panama authorities after several cases of the new coronavirus were detected among them, an official source said.\n\nThey are being kept in La Penita, close to the Colombian border, in facilities designed to accommodate about 200 people.\n\n\u201cSeventeen migrants have been infected with the new coronavirus,\u201d the official source said on condition of anonymity.\n\nThe infected people have already been removed from the camp.\n\nIn Panama, which has 4,273 coronavirus infections and 120 deaths, migrants are treated at three temporary border posts where the government, UNICEF and the Red Cross provide them with water, food and medical care.\n\n06:52 GMT \u2013 Pakistan to keep mosques open during Ramadan\n\nMuslims attend Friday prayers after the government limited congregational prayers and ordered people to stay home, in efforts to stem the spread of COVID-19, in Lahore, Pakistan [Mohsin Raza/Reuters]\n\nEven as Pakistan\u2019s daily confirmed cases inch higher, Prime Minister Imran Khan\u2019s government buckled to pressure from religious scholars who refused to order mosques throughout the country closed during the Islamic fasting month of Ramadan.\n\nPakistan recorded 7,993 confirmed cases till Sunday, a daily increase of 514. Sixteen people died of the virus in the past 24 hours, bringing the total death toll to 159. But in Pakistan, religious scholars have become a powerful force, often using the fear of taking mobs to the streets as leverage to force the government to bow to their demands.\n\nPakistan has been blamed for contributing to the outbreak of the virus in other parts of the world including the Gaza Strip after it refused to stop a gathering of tens of thousands of Tablighi Jamaat (Islamic missionaries) until early March. By the time the event was cancelled, thousands were already in Pakistan and many returned to their countries infected.\n\n06:30 GMT \u2013 India to supply hydroxychloroquine to UAE\n\nA chemist displays hydroxychloroquine tablets in New Delhi, India [File: Manish Swarup/The Associated Press]\n\nIndia has agreed to provide hydroxychloroquine (HCQ) tablets to the United Arab Emirates to be used for treating COVID-19 patients, the Arab state\u2019s embassy in New Delhi said.\n\nIndia last month banned the export of HCQ as sales soared to secure supplies for itself as US President Donald Trump touted the drug as a potentially effective treatment for the deadly virus. It said this month it would send supplies to some countries.\n\n\u201cThe first shipment of medicine, currently on its way to the UAE, includes 5.5 million pills for treatment of patients with COVID-19,\u201d the embassy tweeted late on Saturday.\n\n06:15 GMT \u2013 Rwanda, DRC make wearing mask mandatory\n\nWearing face masks in public will soon be mandatory, Rwanda\u2019s health minister said, as the number of COVID-19 cases in the country reached 144.\n\nDaniel Ngamije said the latest guidelines require everyone to wear a mask in public, and at home during the lockdown and thereafter.\n\n\u201cFrom next Monday, local companies will start making masks to help supply affordable quantities on the market. Wearing masks will be effective in preventing spread of COVID-19,\u201d he said.\n\nIn the Democratic Republic of the Congo, the governor of the capital of Kinshasa, Gentiny Ngobila, said the mandatory wearing of masks will begin on April 20.\n\nHello, this is Linah Alsaafin taking over from my colleague Zaheena Rasheed.\n\n04:55 GMT \u2013 Australia calls for probe into WHO, China virus response\n\nMarise Payne, Australia\u2019s foreign minister, is calling for an independent investigation into the global response to the coronavirus pandemic, including the World Health Organization\u2019s handling of the crisis.\n\nCanberra will \u201cinsist\u201d on a review that would investigate, in part, China\u2019s early response to the outbreak in Wuhan, the city where the virus was first detected last year, Payne said, in an interview with public broadcaster ABC.\n\n\u201cWe need to know the sorts of details that an independent review would identify for us about the genesis of the virus, about the approaches to dealing with it [and] addressing the openness with which information was shared,\u201d she says.\n\nPayne adds that the fallout from the pandemic may change the relationship between Australia and China \u201cin some ways\u201d, with her concern around Beijing\u2019s transparency now \u201cat a very high point\u201d.\n\n\n\n\n\n04:40 GMT \u2013 Mexico reports 7,497 cases, 650 deaths\n\nHugo Lopez-Gatell, Mexico\u2019s deputy health minister, says the country has registered 7,497 confirmed coronavirus cases and 650 deaths till Saturday.\n\nThat is up from 6,875 cases and 546 deaths on Friday.\n\n03:46 GMT \u2013 Greek Easter services held in empty churches\n\nGreek Orthodox priests held Easter services in empty churches on Saturday night due to restrictions in place to try and prevent the spread of the coronavirus.\n\nGreece is under lockdown and the government had warned faithful to stay away from churches.\n\nPriests still carried out services and fireworks were set off over the Acropolis at the stroke of midnight, ushering in Easter Sunday.\n\nA family hold candles at a balcony during the Greek Orthodox Easter celebration amid coronavirus pandemic in Athens, Greece, April 19, 2020 [Goran Tomasevic/ Reuters]\n\nMany in the northern port city of Thessaloniki and around Greece stepped out on their balconies at the stroke of midnight with lit candles to mark the resurrection.\n\nThe threat of a fine for violating the lockdown measures did not stop some faithful who stood outside St Demetrios Church in Thessaloniki with lit candles, while the church bells rang at midnight.\n\n02:50 GMT \u2013 More Guatemalans deported from US test positive\n\nGuatemala\u2019s President Alejandro Giammattei says 19 more Guatemalans deported from the US to the Central American nation have tested positive for coronavirus.\n\nThe latest figures bring the total number of infections from the plane to 32.\n\nThe affected migrants are believed to have arrived from Alexandria, Louisiana on Monday. Guatemala has now suspended all flights of deportees from the US.\n\n02:19 GMT \u2013 China reports 16 new cases\n\nHealth authorities in China are reporting 16 new coronavirus cases in the mainland, the lowest number since March 17 and down from 27 a day earlier.\n\nOf the new cases, nine are imported from abroad. There are no new deaths.\n\nThe latest figures bring the total number of cases in the mainland to 82,735.\n\n02:00 GMT \u2013 Infections in S Korea falls to single digit for first time in two months\n\nThe Korea Centers for Disease Control and Prevention is reporting eight new cases of the coronavirus, marking the first time infections in South Korea fall to a single digit since the outbreak peaked in February.\n\nOf the eight, five involve travellers from overseas.\n\nThe nation\u2019s total tally is 10,661 cases and 234 deaths.\n\n\n\n\n\n01:23 GMT \u2013 Virtual all-star concert for front-line workers kicks off\n\nLady Gaga, Paul McCartney, The Rolling Stones and Beyonce are taking part in a global special of music, comedy and personal stories in what Gaga calls a \u201clove letter\u201d to front-line workers battling the coronavirus pandemic.\n\nThe two-hour \u201cOne World: Together at Home\u201d, broadcast across multiple television channels in the US and overseas, features a Who\u2019s Who of pop culture, with contributions, filmed from their homes, from Elton John, Stevie Wonder, British football star David Beckham and former US first ladies Michelle Obama and Laura Bush.\n\n\u201cI\u2019m so grateful for the healthcare workers, the medical workers, all the grocery store workers and delivery people, the postal workers, all the other nonprofits that are working so hard,\u201d Gaga says.\n\n\u201cThis is really a true love letter to all of you all over the world, and I hope a reminder of the kindness that\u2019s occurring right now,\u201d she adds.\n\nHosted by three of the biggest late-night television show hosts in the US \u2013 Jimmy Kimmel, Stephen Colbert and Jimmy Fallon \u2013 the special pays tribute to teachers and healthcare, grocery, delivery, postal and other workers.\n\nThe event, organised by the World Health Organization (WHO) and the nonprofit group Global Citizen, is the biggest celebrity effort so far to mark the coronavirus pandemic.\n\n00:53 GMT \u2013 Europe\u2019s virus death toll tops 100,000\n\nEurope now accounts for a total of 100,510 coronavirus deaths \u2013 nearly two-thirds of the 157,539 fatalities worldwide, according to an AFP tally.\n\nMany countries are testing only the most serious cases and the number of confirmed infections is likely to be a fraction of the true total.\n\nItaly and Spain remain the hardest-hit countries in Europe, with 23,227 and 20,043 deaths, respectively, followed by France with 19,323 deaths. The United Kingdom\u2019s official death toll is 15,464.\n\n00:36 GMT \u2013 Brazilian drivers protest against lockdown restrictions\n\nHundreds of people in trucks, cars and motorcycles, are taking to the streets of Rio de Janeiro, Sao Paulo and the capital city of Brasilia, calling for governors to resign over lockdown measures that have forced most businesses to close for weeks.\n\nIn Rio de Janeiro, about 100 vehicles are seen in the gridlock, cruising down Atlantica Avenue, along the iconic and temporarily shut-down Copacabana beach.\n\n\u201cEither we just have the pandemic, which is already a lot, or we have the pandemic and chaos,\u201d says Anderson Moraes, a state legislator who had called for Rio residents to join the protest. \u201cFor sure, lives are more important than anything else, but we can\u2019t take decisions today without thinking about tomorrow. Because tomorrow, I don\u2019t know how a family man will be when he sees his children going hungry.\u201d\n\nIn Brasilia, President Jair Bolsonaro who opposes the lockdowns reiterates his intention to start reopening the economy. \u201cThe fear was excessive,\u201d he says, denouncing the \u201cgreed\u201d of politicians \u201cwho have shut down everything and created panic\u201d.\n\n\u201cPeople want a return to normality,\u201d the president says in a Facebook Live session shortly before meeting with a small crowd of supporters who had gathered outside the Planalto presidential palace.\n\nSupporters of President Jair Bolsonaro wave the Brazilian flag as they take part in a motorcade to protest against quarantine and social distancing measures to combat the new coronavirus outbreak on April 18, 2020, in Sao Paulo [Alexandre Schneider/Getty Images]\n\nHundreds of people are protesting against the virus-related lockdowns in the US too, with rallies in states including Texas, Maryland, New Hampshire and Ohio.\n\nIn Washington, DC, Trump tells reporters that some state governors have gotten \u201ccarried away\u201d and imposed \u201cunreasonable\u201d restrictions.\n\nRead more about the protests in the US here.\n\nHello, I\u2019m Zaheena Rasheed in Male, Maldives, with Al Jazeera\u2019s continuing coverage of the coronavirus pandemic.\n\nYou can find all the updates from yesterday, April 18, here.",
    "title": "US coronavirus deaths top 40,000: Live updates",
    "top-image": "https://www.aljazeera.com/wp-content/uploads/2020/04/2df1000f261a443796abbb38823abd84_18.jpeg?fit=1000%2C560",
    "df_date": 20200419,
    "source": "www.aljazeera.com",
    "label": "reliable"
}