{
    "url": "https://www.reuters.com/article/us-health-coronavirus-trump/trump-some-states-to-begin-lifting-coronavirus-restrictions-in-coming-days-idUSKBN2200X6",
    "uid": "1637747904.9098203.-article-us-health-coronavirus-trump-trump-some-states-to-begin-lifting-coronavirus-restrictions-in-",
    "images": [
        "https://static.reuters.com/resources/r/?m=02&d=20200418&t=2&i=1515606519&r=LYNXMPEG3H0KO&w=800"
    ],
    "publication-date": "2020-04-18",
    "text": "U.S. President Donald Trump speaks at the daily coronavirus task force briefing at the White House in Washington, D.C., U.S., April 18, 2020. REUTERS/Al Drago\n\nWASHINGTON (Reuters) - U.S. President Donald Trump said on Saturday that Texas and Vermont will allow certain businesses to reopen on Monday while still observing coronavirus-related precautions and Montana will begin lifting restrictions on Friday.\n\n\u201cWe continue to see a number of positive signs that the virus has passed its peak,\u201d Trump told reporters at a daily briefing.\n\nSome state governors have warned that they will not act prematurely to reopen their economies until there is more testing for the virus, however. Business leaders have also told Trump the country needs to have widespread testing in place before their companies can return to normal operations.\n\nOn Saturday, Trump said \u201cour testing is getting better and better,\u201d but offered no concrete evidence.\n\nHe said both Republican and Democratic governors \u201chave announced concrete steps to begin a safe and gradual phased opening.\u201d Texas and Vermont \u201cwill allow certain business to open on Monday while still requiring appropriate social distancing precautions,\u201d he said.\n\nSeveral dozen protesters gathered in the Texas capital of Austin on Saturday, chanting \u201cUSA! USA!\u201d and \u201cLet us work!\u201d\n\nOn Saturday morning, Governor Andrew Cuomo of New York, epicenter of the U.S. epidemic, said his coronavirus-battered state may finally be past the worst of the health crisis there.",
    "title": "Trump: Some states to begin lifting coronavirus restrictions in coming days",
    "top-image": "https://static.reuters.com/resources/r/?m=02&d=20200418&t=2&i=1515606519&r=LYNXMPEG3H0KO&w=800",
    "df_date": 20200419,
    "source": "www.reuters.com",
    "label": "reliable"
}