{
    "url": "https://www.aljazeera.com/news/2020/04/nineteen-nyc-nursing-homes-report-20-coronavirus-deaths-200417181237553.html",
    "uid": "1637747910.8997133.-news-2020-04-nineteen-nyc-nursing-homes-report-20-coronavirus-deaths-200417181237553-html",
    "images": [
        "/wp-content/uploads/2021/11/2021-11-11T143909Z_466735942_RC2DSQ90DTVF_RTRMADP_3_LEBANON-CRISIS-HEZBOLLAH.jpg?resize=170%2C113",
        "/wp-content/uploads/2021/11/1236407196.jpg?resize=170%2C113",
        "/wp-content/uploads/2020/04/51e872d42b1747d4ab33a864b5c4bd4f_18.jpeg",
        "/wp-content/uploads/2020/04/2990f34fee9d4b23a2b06d16bafa1684_18.jpeg?resize=770%2C513",
        "/wp-content/uploads/2021/11/2021-11-22T092215Z_746281632_RC2EZQ937XW7_RTRMADP_3_HEALTH-CORONAVIRUS-INDIA-SCHOOLS.jpg?resize=170%2C113",
        "/wp-content/uploads/2021/11/AP21314219060154.jpg?resize=170%2C113",
        "/wp-content/uploads/2021/11/h_55621032.jpg?resize=170%2C113",
        "/wp-content/uploads/2021/11/DART-at-Asteroids-1024x576-1.jpeg?resize=170%2C113",
        "/wp-content/uploads/2021/11/AP21250562457262.jpg?resize=170%2C113",
        "/wp-content/uploads/2021/11/2021-11-13T000001Z_1812655296_RC2BTQ9K5AIL_RTRMADP_3_USA-CHINA-TAIWAN-AUSTRALIA.jpg?resize=170%2C113",
        "/static/media/aj-footer-logo.bac952ad.svg",
        "https://www.aljazeera.com/wp-content/uploads/2020/04/2990f34fee9d4b23a2b06d16bafa1684_18.jpeg?fit=1000%2C562"
    ],
    "publication-date": null,
    "text": "At least 2,477 nursing home patients have been killed by the virus in New York, according to state figures.\n\nThe despair wrought on nursing homes by the coronavirus was laid bare on Friday in a state survey identifying numerous New York facilities where multiple patients died over the past few weeks.\n\nNineteen of the state\u2019s nursing homes reported 20 or more deaths linked to the pandemic, the survey said.\n\nOne Brooklyn home, the Cobble Hill Health Center, was listed as having 55 deaths. Officials at the facility, which has more than 300 beds located in a 19th-century former hospital in a tony section of Brooklyn, did not immediately return a call seeking comment.\n\nFour homes, in the Bronx, Queens and Staten Island, were listed as having 40 or more deaths.\n\n\u201cThese have been surreal times, and we are suffering, as is everybody else,\u201d said Dr Roy Goldberg, medical director at Kings Harbor Multicare Center, a 720-bed home which reported 45 deaths.\n\n\u201cEvery death is heartbreaking,\u201d he said.\n\nThe survey\u2019s release came after days of news media reports about homes so stricken by the virus that bodies had to be stacked inside storage rooms while families struggled to get information about isolated loved ones.\n\nThe list was far from complete. It was based on a survey sent by the state asking for details. Nursing homes had until Thursday afternoon to respond.\n\n\u201cWe only know what they tell us,\u201d Governor Andrew Cuomo said.\n\nConnecticut released a similar list on Thursday, reporting that eight nursing homes had at least 10 residents die.\n\nThrough Tuesday, at least 2,477 nursing home patients have been killed by the virus in New York, according to state figures. That amounts to about one in five of the state\u2019s virus-related deaths. In Connecticut, nursing home residents account for 375 of the state\u2019s 971 virus deaths.\n\nNeed for testing, PPE\n\nUntil this week, officials in several states had declined to identify nursing homes with deadly outbreaks, saying patients deserved privacy or citing challenges in determining whether some extremely frail patients had died of the virus, or other causes.\n\nMany nursing home administrators also declined to release information, leading Cuomo to say this week that the state would begin requiring homes to inform patients and their families within 24 hours if a resident got the virus or died.\n\nChris Laxton, executive director of the Society for Post-Acute and Long-Term Care Medicine, applauded the state for releasing the data. But he believes the spread of COVID-19 and related deaths are underreported in nursing homes and assisted living communities.\n\n\u201cGrowth in both cases and deaths is to be expected, even as the surge begins to level off in the community and in hospitals,\u201d Laxton said. \u201cWe continue to be in urgent need of PPE, especially gowns, test kits, and surge staff, to limit staff from travelling between buildings and risking additional spread.\u201d\n\nA patient is loaded into the back of an ambulance by emergency medical workers outside Cobble Hill Health Center in the Brooklyn borough of New York [John Minchillo/AP Photo]\n\nNursing homes have been known since the earliest days of the outbreak as a likely trouble spot. A home in Washington state lost 43 residents early in the virus\u2019s spread into the country.\n\nYet, even with that early warning, many nursing homes remained without adequate supplies of personal protective equipment. Testing for residents and staff remains spotty, at best.\n\nFederal officials in mid-March banned visitors, halted group activities and ordered mandatory screening of workers for respiratory symptoms, but by then the virus had quietly spread widely.\n\nKings Harbor\u2019s medical director, Goldberg, said staff members there created two dedicated COVID-19 units to treat infected patients and followed \u201cevery department of health and CDC recommendation and regulation\u201d.\n\n\u201cObtaining PPE has always been a struggle,\u201d he added, \u201cbut we\u2019ve always stayed one step ahead.\u201d\n\nNew York state\u2019s health commissioner, Howard Zucker, said the state is providing enough personal protective equipment for nursing homes and helping with staffing.\n\n\u201cWe\u2019re working with each individual nursing home to address that. We contact them and if there\u2019s a need for PPE \u2026 we have stockpiles.\u201d\n\nDied without family near\n\nSome nursing homes have disclosed information voluntarily that differed from the numbers put out by the state on Friday.\n\nThe state survey listed 10 deaths at the Montgomery Nursing and Rehabilitation Center, about 80km (50 miles) north of New York City, but facility Vice President Vincent Maniscalco said 21 residents have died recently. Eight of those patients, he said, had symptoms consistent with the virus but died prior to being tested.\n\n\u201cIt\u2019s been a very trying time for the staff, to lose residents they care for day in and day out,\u201d Maniscalco said.\n\nWith visitors barred from nursing homes to try to keep the infection out, many of those patients have died with only the home\u2019s workers to comfort them.\n\n\u201cWhen somebody passes away, they celebrate a resident\u2019s life,\u201d Maniscalco said.\n\nOutbreaks killed 45 at a nursing home in suburban Richmond, Virginia, and 22 at a home in central Indiana. County officials in northern New Jersey said Thursday that at least 26 patients had died at a nursing home in Andover.\n\nAn Associated Press news agency report found infections were continuing to find their way into nursing homes because screening staff for a fever or questioning them about symptoms did not catch people who were infected but asymptomatic.",
    "title": "Nineteen NYC nursing homes report 20 or more coronavirus deaths",
    "top-image": "https://www.aljazeera.com/wp-content/uploads/2020/04/2990f34fee9d4b23a2b06d16bafa1684_18.jpeg?fit=1000%2C562",
    "df_date": 20200419,
    "source": "www.aljazeera.com",
    "label": "reliable"
}