{
    "url": "https://www.nbcnews.com/health/health-news/stopping-coronavirus-spread-syrian-refugee-camps-mission-impossible-says-turkish-n1153606?cid=public-rss_20200312",
    "uid": "1637746580.9468296.-health-health-news-stopping-coronavirus-spread-syrian-refugee-camps-mission-impossible-says-turkish",
    "images": [
        "https://media-cldnry.s-nbcnews.com/image/upload/t_fit-760w,f_auto,q_auto:best/newscms/2020_11/3262546/200309-refugees-turkey-greece-border-ac-425p.jpg",
        "https://media-cldnry.s-nbcnews.com/image/upload/t_focal-760x428,f_auto,q_auto:best/MSNBC/Components/Video/202003/TURKEY-MIGRANTS.jpg",
        "https://media-cldnry.s-nbcnews.com/image/upload/t_nbcnews-fp-1200-630,f_auto,q_auto:best/newscms/2020_11/3262556/200309-serdar-kilic-2017-ac-422p.jpg"
    ],
    "publication-date": "2020-03-09",
    "text": "WASHINGTON \u2014 Turkey's ambassador to the United States, Serdar Kilic, says the European Union must do more to help his country absorb an influx of refugees from the war in neighboring Syria after Ankara said it would not stop refugees from leaving Turkey to enter E.U. territory.\n\nKilic also said his country had taken steps to bolster security on its border with Iran to counter the threat of the coronavirus but that trying to prevent the spread of the virus in refugee camps in Syria would be a \"mission impossible.\"\n\n\"We have reached the limits of our capabilities\" to accept refugees, Kilic told reporters. \"We told them, if you want to leave Turkey, you are free to do so. We have been hosting those people around eight years in Turkey.\"\n\nGreece and Bulgaria, on Turkey's western border, are both members of the E.U. Tens of thousands of Syrian refugees have tried to cross into Greece from Turkey since the Turkish government said Feb. 28 that it would no longer try to stop them from leaving its territory.\n\nKilic said the E.U., the U.S. and other countries had a \"moral obligation\" to address the flood of Syrians fleeing their homes in the face of an offensive by Russian-backed Syrian regime forces around Idlib. Syrian President Bashar al-Assad's bid to recapture territory in Idlib, supported by Russian air power, has displaced nearly 1 million people, according to the United Nations. Many of the civilians are sleeping out in the open or living in tents in freezing temperatures.\n\nFull coverage of the coronavirus outbreak\n\nKilic spoke as Turkish President Recep Tayyip Erdogan held talks with E.U. and NATO officials in Brussels to discuss how to resolve the flow of migrants from Syria.\n\nThe head of the European Commission, Ursula von der Leyen, has said the situation at the Greek-Turkish border was the result of \"politically motivated pressure.\"\n\nMigrants on their way to a camp on the Turkish side of the Turkey-Greece border near the Pazarkule crossing gate in Edirne province on Monday, March 9, 2020. Ozan Kose / AFP - Getty Images file\n\nIn 2016, Turkey agreed to keep refugees from crossing into the E.U. in return for billions in aid.\n\nBut Kilic said the E.U. promised 6 billion euros in assistance and has delivered less than half of the funds.\n\n\"At this stage, at this time, we need action more than words,\" Kilic said.\n\nTurkey hosts about 3.6 million refugees from Syria.\n\nIt has deployed thousands of troops to Syria and has clashed with Syrian regime forces in recent weeks, with dozens of casualties reported on both sides. Turkey and Russia agreed to a cease-fire in Idlib province last week.\n\nDownload the NBC News app for full coverage of the coronavirus outbreak\n\nAsked what Turkey is doing to track or prevent the spread of the coronavirus among displaced Syrians fleeing their homes near the Turkish border, the ambassador said, \"There are 900,000 people. How are you going to check each one of them? It's a mission impossible.\"\n\nHe also said Turkey had taken steps to reinforce its border with Iran against the threat of the coronavirus.",
    "title": "Stopping coronavirus spread in Syrian refugee camps is 'mission impossible,' Turkish ambassador says",
    "top-image": "https://media-cldnry.s-nbcnews.com/image/upload/t_nbcnews-fp-1200-630,f_auto,q_auto:best/newscms/2020_11/3262556/200309-serdar-kilic-2017-ac-422p.jpg",
    "df_date": 20200312,
    "source": "www.nbcnews.com",
    "label": "reliable"
}