{
    "url": "https://in.reuters.com/article/us-health-coronavirus-india-amazon/amazon-prime-snags-bollywood-premieres-angering-theater-owners-idINKBN22R0H1",
    "uid": "1637746947.1849408.-article-us-health-coronavirus-india-amazon-amazon-prime-snags-bollywood-premieres-angering-theater-",
    "images": [
        "https://static.reuters.com/resources/r/?m=02&d=20200515&t=2&i=1518709419&r=LYNXMPEG4E08S&w=800"
    ],
    "publication-date": "2020-05-15",
    "text": "MUMBAI (Reuters) - Amazon Prime Video, Amazon\u2019s streaming service, will screen several new Indian films originally meant for theatrical release this month, sparking protests from cinema owners as the novel coronavirus outbreak upends Bollywood.\n\nIndia has been under a strict lockdown since March 25 to battle the virus, leaving about 9,500 theatres shut and depriving Bollywood of box-office revenue.\n\nSo producers of seven films, including two Bollywood movies starring A-listers, such as Amitabh Bachchan and Vidya Balan, will stream the movies directly on Amazon Prime Video following a deal, the company said in a statement on Friday.\n\n\u201cGulabo Sitabo\u201d, a family comedy with Bachchan and Ayushmann Khurrana, which was set for release in April, will now stream directly on Amazon Prime Video in June, as will \u201cShakuntala Devi\u201d, a biopic of the Indian mathematician of the same name.\n\nTwo of India\u2019s biggest cinema chains, Inox and PVR, who were meant to screen \u201cGulabo Sitabo\u201d, bemoaned the decision.\n\n\u201cINOX will be constrained to examine its options, and reserves all rights, including taking retributive measures, in dealing with such fair-weather friends,\u201d Inox said in a statement.\n\nThe producers\u2019 guild said the comments from Inox were \u201cabrasive and unconstructive\u201d.\n\nFILE PHOTO: A cinema goer watches a Bollywood movie inside Maratha Mandir theatre in Mumbai December 11, 2014. REUTERS/Danish Siddiqui/File Photo\n\nPVR chief executive Kamal Gianchandani told the Indian Express on Thursday, after Amazon announced it would stream \u201cGulabo Sitabo\u201d, that he was disappointed by the news.\n\nThe other five films in the Amazon deal are productions from the prolific, southern-language film industry.\n\nStreaming platforms like Amazon and Netflix have in the past signed deals with Indian studios for digital rights, but mainstream releases have always prioritised theatrical revenues first.\n\nIn China, regulators aim to protect the industry by enforcing rules to stop movies premiering online, in particular by strictly managing \u201ctheatrical window period\u201d requirements, a period for movies to be screened in cinemas before they can be shown elsewhere.\n\nBut analysts say the Amazon deal in India is likely the beginning of a broader trend, as lingering fears of coronavirus infection and lower discretionary spending keep people away from multiplexes and single-screen cinemas.\n\n\u201cThere will be a reset in the way that producers and studios think about their portfolios,\u201d Vijay Subramaniam, director and head, Content, Amazon Prime Video, India, told Reuters in an interview.\n\nSubramaniam said Amazon, which competes in India with Netflix and Disney\u2019s Hotstar, did not see acquisition costs going up for the streaming platform.\n\nBollywood is a huge draw for India\u2019s burgeoning online audiences, who - driven by cheap data and smartphones - are spending more time watching content online than ever before.\n\nMedia reported that more producers in Bollywood and the southern-language industry were in talks with streaming platforms for direct-to-digital releases.\n\nLast month, theatre owners in the southern state of Tamil Nadu threatened to boycott well-known actor Suriya over his decision to stream his film on a digital platform.\n\nThat film, \u201cPonmagal Vandhal\u201d is part of the seven-film slate that Amazon announced on Friday.",
    "title": "Amazon Prime snags Bollywood premieres, angering theater owners",
    "top-image": "https://static.reuters.com/resources/r/?m=02&d=20200515&t=2&i=1518709419&r=LYNXMPEG4E08S&w=800",
    "df_date": 20200515,
    "source": "in.reuters.com",
    "label": "reliable"
}