{
    "url": "https://www.reuters.com/article/health-coronavirus-nigeria-cocoa-idUSL8N2CT2JU",
    "uid": "1637746949.7948718.-article-health-coronavirus-nigeria-cocoa-idusl8n2ct2ju",
    "images": [
        "https://s1.reutersmedia.net/resources_v2/images/rcom-default.png?w=800"
    ],
    "publication-date": "2020-05-15",
    "text": "ABUJA, May 15 (Reuters) - Nigeria\u2019s cocoa mid-crop output is expected to be weak as measures to curb the spread of the coronavirus hindered farmers and exporters, creating a backlog of unshipped beans, the president of the cocoa association said.\n\nMufutau Abolarinwa told Reuters that some of April\u2019s orders were still being exported after lockdowns disrupted transport and port activities. Around 5,000 to 6,000 tonnes of beans were stuck at Lagos port and warehouses in the country, he said.\n\nNigeria is the world\u2019s fifth biggest cocoa grower, and its mid-crop - harvested between May and September - comes in at between 50,000 and 60,000 tonnes when weather conditions are good and chemicals readily available to spray diseased trees.\n\nThe government last week eased month-long lockdowns in commercial hub Lagos state, neighbouring cocoa producing state Ogun and the capital Abuja. But interstate movement has been banned, creating a headache for cocoa delivery.\n\nShips are being quarantined at the port, creating extra storage costs.\n\nTrading houses are anxious to receive their shipments, Abolarinwa said, noting that delays could affect demand for further beans from farmers, especially as the mid-crop harvest is about to start.\n\n\u201cWe are hoping for an improvement,\u201d Abolarinwa told Reuters by phone.\n\nOne local buying agent echoed Abolarinwa\u2019s concern and said the export delays have also slowed domestic demand because buyers were struggling to resell beans stuck in their warehouses to exporters.\n\nSome farmers said this year\u2019s mid-crop could begin in the southwest region a month later than usual, in June, due to late rains, and output could be hit by a lack of chemicals. This could see the main crop extend to November.\n\nNo official figures for 2018/19 cocoa output have been released. The International Cocoa Organization estimates 2018/19 output at 250,000 tonnes.\n\nFarmers expect the late rains to affect bean weight for the mid-crop which could be around 270-280 grammes, compared with average weight of around 300 grammes.\n\n\u201cWe are supposed to be spraying now to avoid black pod disease once the rains start,\u201d said Oko Aja, who owns a 42-hectare cocoa farm in Nigeria\u2019s second-biggest producing region of Cross Rivers state.\n\n\u201cBut because of coronavirus, labour is scarce, and we don\u2019t know whether we would get chemicals or not.\u201d\n\nNigeria has had 5,162 confirmed cases of the new coronavirus with 167 deaths. Some cocoa-producing states have confirmed cases, which has curbed farming practices as physical distancing rules disrupt the way farmers and buyers interact, analysts say.\n\n\u201cBy now I should have produced around seven to eight tonnes from the light crop, but there\u2019s no production at the moment,\u201d said Aja. (Reporting by Chijioke Ohuocha; Editing by Alexis Akwagyiram and Jan Harvey)",
    "title": "Nigerian mid-crop cocoa output seen weak as coronavirus disrupts exports",
    "top-image": "https://s1.reutersmedia.net/resources_v2/images/rcom-default.png?w=800",
    "df_date": 20200515,
    "source": "www.reuters.com",
    "label": "reliable"
}