{
    "url": "https://in.reuters.com/article/health-coronavirus-britain-roche-hldg/uk-follows-eu-u-s-in-approving-roche-covid-19-antibody-tests-idINKBN22R0AQ",
    "uid": "1637746939.7900105.-article-health-coronavirus-britain-roche-hldg-uk-follows-eu-u-s-in-approving-roche-covid-19-antibod",
    "images": [
        "https://static.reuters.com/resources/r/?m=02&d=20200515&t=2&i=1518702345&r=LYNXMPEG4E05O&w=800"
    ],
    "publication-date": "2020-05-15",
    "text": "LONDON (Reuters) - Britain is in talks with Swiss drugmaker Roche Holding AG ROG.S to buy an accurate COVID-19 antibody test, following the lead of the European Union and United States which have already given preliminary approval to the tests.\n\nMass antibody testing with millions of kits is being considered by many countries as a way to speed the reopening of economies devastated by lockdowns and to introduce more tailored social distancing measures.\n\nTests carried out by Public Health England at Porton Down, a laboratory that provides sensitive and specialist scientific services to the government, concluded on May 7 that the Roche test detected the exact antibodies prompted by the virus. The findings were only made public late on Wednesday.\n\n\u201cThis is a good test that will stand us in good stead, moving forwards, and I think it will be incredibly important as the days, weeks and months go by,\u201d said Jonathan Van-Tam, the government\u2019s deputy chief medical officer.\n\n\u201cI anticipate that it will be rapidly rolled out in the days and weeks to come, as soon as it is practical to do so. I also anticipate that the focus will be on the National Health Service and on carers in the first instance,\u201d he told a news briefing.\n\nVan-Tam cautioned, however, that scientists still had limited understanding of whether antibodies provided immunity, to what extent and for how long.\n\nA spokesman for Prime Minister Boris Johnson said the test was an important breakthrough which had the potential to be a game-changer.\n\nThe spokesman said there was the possibility of issuing some kind of certificate based on immunity but that scientists still needed to know more about that subject area.\n\nThe Roche test received a conformity assessment, known as Conformit\u00e9 Europ\u00e9enne, or CE mark, from the European Union on April 28 and received Emergency Use Authorization from the U.S. Food and Drug Administration on May 2.\n\nFILE PHOTO: The logo of Swiss drugmaker Roche is seen at its headquarters in Basel, Switzerland February 1, 2018. REUTERS/Arnd Wiegmann\n\nRoche said it was able to produce hundreds of thousands of the tests per week for the United Kingdom. Germany is getting 3 million of them this month, and 5 million a month after June.\n\nThe Daily Telegraph newspaper, which first reported the findings, said the government was in negotiations with Roche to buy millions of kits.\n\n\u201cVERY EXCITING\u201d\n\nTransport Minister Grant Shapps was asked at the government\u2019s daily news briefing whether there was any exclusive deal between Roche and the United Kingdom.\n\n\u201cOf course we\u2019ll want to get as many tests as possible - we\u2019ve never restricted ourselves with that regard,\u201d Shapps said, describing the approval of the Roche test as \u201cvery exciting\u201d.\n\nThe antibody tests - also known as a serology test - show who has been infected, although it is not yet clear whether the presence of antibodies to the new coronavirus, SARS-CoV-2, confers permanent immunity.\n\nThey require a blood test that can be run on fully-automated equipment in laboratories to provide results in just 18 minutes.\n\nBritain\u2019s health ministry did not answer questions about how many tests it would order.\n\n\u201cWe are exploring the use of antibody testing across the NHS and ultimately the wider public,\u201d a ministry spokesman said, adding that the government was \u201cactively working on our plans for rolling out antibody testing\u201d.\n\nSimilar antibody tests have also been developed by companies including U.S.-based Abbott Laboratories and Italy's DiaSorin. Abbott ABT.N and Germany's Siemens Healthineers SHLG.DE have separately laid out plans to produce 20 million tests or more per month for the global market from June.\n\nBased in Basel, Switzerland, Roche said it is ramping up capacity to produce high double-digit millions of tests per month to serve countries accepting the CE mark and the United States.\n\nSwitzerland is nonetheless circumspect about the value of antibody testing in helping craft a strategy to ease restrictions.\n\nInstead, Switzerland is counting on a plan that includes trimming new infections to manageable levels, testing everybody who is symptomatic for active infections, and rigorous contact tracing to find those who may have come into contact with infected individuals.\n\n\u201cThe government up to now has not bought any antibody tests,\u201d a Federal Health Ministry spokesman told Reuters. \u201cTheir ability to inform us remains simply too uncertain for them to be part of an easing strategy.\u201d",
    "title": "UK follows EU, U.S. in approving Roche COVID-19 antibody tests",
    "top-image": "https://static.reuters.com/resources/r/?m=02&d=20200515&t=2&i=1518702345&r=LYNXMPEG4E05O&w=800",
    "df_date": 20200515,
    "source": "in.reuters.com",
    "label": "reliable"
}