{
    "url": "https://www.reuters.com/article/us-health-coronavirus-usa/wisconsin-court-ruling-at-center-of-political-divide-over-u-s-reopening-idUSKBN22Q27W",
    "uid": "1637746936.7448277.-article-us-health-coronavirus-usa-wisconsin-court-ruling-at-center-of-political-divide-over-u-s-reo",
    "images": [
        "https://static.reuters.com/resources/r/?m=02&d=20200514&t=2&i=1518690029&r=LYNXMPEG4D2BI&w=800"
    ],
    "publication-date": "2020-05-14",
    "text": "PORT WASHINGTON, Wis. (Reuters) - Wisconsin\u2019s governor on Thursday predicted confusion after the state supreme court struck down his sweeping stay-at-home order, fueling a growing political divide over how and when to reopen the shattered U.S. economy.\n\nA handful of patrons mingle at Patio Bar and Grill a day after the state?s Supreme Court halted the state?s stay at home order to prevent the spread of coronavirus disease (COVID-19) in Port Washington, Wisconsin, U.S. May 14, 2020. REUTERS/Brendan O?Brien\n\nThe court\u2019s decision, which found that Governor Tony Evers and a top state health official did not have the authority to unilaterally confine residents to their homes or bar them from working, marked the first time such coronavirus restrictions had been overturned in the United States.\n\n\u201cI can\u2019t imagine another state that is in this predicament, where essentially mile by mile there may be different rules across all the state of Wisconsin,\u201d Evers, a first-term Democrat, told a news conference.\n\nIn Port Washington, Wisconsin, hair stylist Linda Teichert said she was anxious to open her shop but was waiting for clearer guidance from the state.\n\n\u201cI don\u2019t know what they want me to do yet,\u201d Teichert said. \u201cIt\u2019s too nebulous. There\u2019s not enough information out there. I want to be ready.\u201d\n\nWisconsin\u2019s top health official, Andrea Palm, said the supreme court decision in a lawsuit brought by Republican lawmakers, \u201cchanges nothing about the science of this virus or the work we need to continue to do together to safely reopen Wisconsin.\u201d\n\nA Republican state senator, Tom Tiffany, called for Palm\u2019s resignation, blaming her for the economic fallout from the restrictions.\n\n\u201cTens of thousands of people are struggling to apply for unemployment in an attempt to survive the storm she caused,\u201d Tiffany said.\n\nBATTLEGROUND STATES\n\nThe Wisconsin ruling highlights a patchwork of social distancing rules across the country governing where residents can go and what they can do with or without masks, as different states and counties lift some restrictions and tighten others.\n\nWisconsin and Michigan, where the debate over stay-at-home measures has often been most contentious, were both battlegrounds in the 2016 election that President Donald Trump narrowly won to defeat Democrat Hillary Clinton.\n\nTrump visited a third key swing state, Pennsylvania, on Thursday and cheered the Wisconsin Supreme Court ruling, writing on Twitter: \u201cThe people want to get on with their lives. The place is bustling!\u201d\n\nWisconsin has recorded 11,380 cases of COVID-19, the respiratory illness caused by the coronavirus, and 433 deaths, according to a Reuters tally as of Thursday. Nationwide the virus has infected 1.4 million Americans and killed nearly 85,000.\n\nNonetheless some residents flocked to bars on Wednesday to celebrate the 4-3 ruling by a conservative majority on the top court.\n\nIn Pennsylvania, the president toured a medical equipment distributor.\n\n\u201cThey ought to start thinking about opening it up,\u201d Trump told reporters as he left Washington, referring to Pennsylvania and the state\u2019s political leadership.\n\nReuters online site for coronavirus - here\n\nSIDELINED BIDEN CRITICIZES TRUMP\n\nJoe Biden, the presumed Democratic presidential nominee who has largely been confined to his home during the outbreak, accused Trump of making the trip to divide Americans, \u201ccasting Democrats as doomsayers hoping to keep America grounded and Republicans as freedom fighters trying to liberate the economy.\u201d\n\nA whistleblower who claims he was removed from his government post for raising concerns about coronavirus preparedness told a congressional hearing on Thursday that the United States could face \u201cthe darkest winter\u201d of recent times if it does not improve its response to the pandemic.\n\nThe scattering of salons, bars, offices and plants that have reopened across the country has so far done little to dent unemployment levels not seen since the Great Depression.\n\nU.S. government data released on Thursday showed initial claims for state unemployment benefits totaled a seasonally adjusted 2.981 million for the week ended May 9, raising the number of people to file claims since mid-March to 36.5 million, or more than one in five workers.\n\nBut a feared surge of cases that would overwhelm hospitals has eased in urban hotspots. That has allowed a U.S. Navy ship docked off the coast of Los Angeles to depart on Friday because fewer beds were needed in Southern California than officials had forecast.\n\nNew York Governor Andrew Cuomo said five state regions would take first steps to reopen some businesses on Friday, while stay-at-home orders remained in effect for New York City. New Jersey Governor Phil Murphy said beaches would open for Memorial Day weekend.\n\nIn Michigan, hundreds of people gathered on Thursday in the state capital, Lansing, to protest Governor Gretchen Whitmer\u2019s decision to extend her stay-at-home order until at least May 28. Some carried signs in support of Trump.\n\nWitnesses said Thursday\u2019s protest was peaceful. A handful of demonstrators carried guns, which state law permits, and police quickly broke up one scuffle. On April 30, hundreds of protesters, some armed, entered the Capitol and demanded to enter the House floor.\n\nWhitmer has said manufacturing can restart this week in Michigan, enabling U.S. automakers to plan reopenings across the country on Monday because so many parts suppliers are based in the Detroit area.\n\nMilwaukee Mayor Tom Barrett, meanwhile, said that regardless of the Wisconsin Supreme Court\u2019s ruling his stay-at-home order would remain in place.\n\nThat meant bars and restaurants like Lakefront Brewery, employing about 170 full and part time employees, will stay closed for now.\n\nLakefront president Russ Klisch said he was not ready to reopen anyway, as he was waiting on orders of plexiglass to put between tables and at the bar and needed to train staff to keep themselves and customers safe.\n\n\u201cWe are going to have to learn to deal with this one way or another,\u201d Klisch told Reuters in a phone interview. \u201cBut we are going to have to deal with it in a way that is safe.\u201d\n\nGRAPHIC: Tracking the novel coronavirus in the U.S. - here",
    "title": "Wisconsin court ruling at center of political divide over U.S. reopening",
    "top-image": "https://static.reuters.com/resources/r/?m=02&d=20200514&t=2&i=1518690029&r=LYNXMPEG4D2BI&w=800",
    "df_date": 20200515,
    "source": "www.reuters.com",
    "label": "reliable"
}