{
    "url": "https://abcnews.go.com/Politics/note-public-pandemic-realities-trump-describing/story?id=70685052",
    "uid": "1637746956.3787594.-politics-note-public-pandemic-realities-trump-describing-story",
    "images": [
        "data:image/gif;base64,R0lGODlhAQABAIAAAAAAAP///yH5BAEAAAAALAAAAAABAAEAAAIBRAA7",
        "https://s.abcnews.com/images/Politics/trump-fauci-gty-aa-200514_hpMain_16x9_992.jpg"
    ],
    "publication-date": null,
    "text": "The TAKE with Rick Klein\n\n\"We have prevailed,\" President Donald Trump declared this week, in a comment he said was about COVID-19 testing.\n\n\"I think you should absolutely open the schools,\" he said two days later, contradicting Dr. Anthony Fauci's warning that it may not be realistic to expect schools to be open this fall.\n\nBoth statements contradict high-profile individuals inside Trump's administration, and fly in the face of basic science to at least some extent. Perhaps just as importantly, in a political context, they contradict how the public is experiencing this crisis.\n\nNew ABC News/Ipsos polling out Friday morning shows a country that remains hesitant to resume regular life, even as state and local restrictions begin to get lifted -- either by executive action or court order.\n\nSeventy-three percent of Americans say there are not enough coronavirus tests available in the United States, notwithstanding Trump's claim. And 69% of parents with children living at home say they aren't ready to send them back to school, on top of the large majorities hesitant to return to restaurants, movie theaters, bowling alleys and the like.\n\nThe president this week has sought out familiar enemies -- Democratic governors, former President Barack Obama, members of the media -- in a bid to redefine the conversation around his re-election campaign.\n\n\"You have to get your governor of Pennsylvania to start opening up a little bit,\" the president said Thursday in Allentown, in an official visit that was reminiscent of a campaign rally.\n\nHe has an opponent in former Vice President Joe Biden who is trying not to take his bait. As the president spoke, Biden counter-programmed with a \"virtual roundtable\" featuring the Democratic governors of Michigan, New Jersey and Connecticut, talking with them about their challenges in confronting the coronavirus.\n\n\"We're not going to be out of it before we have a vaccine,\" Biden said.\n\nWhat's on display, again, is two candidates talking to what amounts to two different nations when it comes to political perceptions and allegiances.\n\nBut what's also evident is that COVID-19 is defining realities on its own, without depending on political messaging.\n\nThe RUNDOWN with MaryAlice Parks\n\nAs Americans continue to suffer the loss of loved ones and navigate historic unemployment, Trump's team has, on the sly, ramped up their negative ads against Biden online.\n\nIn a new, massive and expensive set of campaign ads that started running online this week, the Trump team has worked to portray Biden as old and senile by amplifying recent gaffes he has made while also painting him as soft on China.\n\nSome of the president's own aides fear how the virus, which has hit elderly Americans particularly hard, could impact the president's support from senior citizens. Put another way, the health care crisis could make these attacks against Biden even more risky and potentially insensitive right now.\n\nOf course, Democrats have lobbed their fair share of attacks back at the White House the last few months -- accusing the president of incompetent and lopsided leadership during the pandemic.\n\nWe used to think that nothing could bring a country together like a crisis, but that thinking feels increasingly like a vestige of a bygone era.\n\nThe TIP with Alisa Wiersema\n\nThe decision to give up a top leadership position may be the most painful move any high-profile politician can make, both personally and in relation to his or her political party. After resigning as chairman of the Senate Intelligence Committee, Sen. Richard Burr is now left to bear the potential burden of that kind of decision. The temporary move comes amid a Justice Department investigation into stock trades the senior North Carolina senator made prior to the market's plunge from the spread of coronavirus, and while it indicates a dramatic escalation in the probe as it relates to Burr himself, it also has the potential to cast a party-line shadow over his fellow tar heel, Sen. Thom Tillis.\n\nTillis is defending his Senate seat against Democrat Cal Cunningham in one of the nation's toughest Senate races. Burr has two years left in his term and has said in the past that he won't run again after this term expires.\n\n\"If he has any sense of decency left, Burr will resign immediately, and if they have any regard for the rule of law, Republicans across this state and all over our country will demand the same,\" North Carolina Democratic Party Chairman Wayne Goodwin said in a statement.\n\nBurr said he is cooperating with authorities and has done nothing wrong. He also told reporters Thursday that he intends to serve his full term. But even if there is no indication that voters would be inclined to associate Tillis with the controversy surrounding his North Carolina colleague, the party battle lines seem to be already drawn.\n\nONE MORE THING\n\nAs more and more states and communities ease restrictions to jumpstart the reopening process, strong majorities believe the country lacks sufficient testing and are also skeptical about returning to pre-pandemic activities, including sending kids back to school, a new ABC News/Ipsos poll released Friday finds.\n\nBRINGING AMERICA BACK\n\nTesting, tracing and treating -- the University of Arizona gave ABC News a first look at how the school plans to return to in-person learning this fall. Read this story and more by checking out Bringing America Back, an ABC News feature that highlights the day's top stories in economic recovery and medical preparedness amid the coronavirus pandemic.\n\nTHE PLAYLIST\n\nABC News' \"Start Here\" Podcast. Friday morning's episode features ABC News' Anne Flaherty, who walks us through the new CDC guidance for states looking to reopen. ABC News Chief Justice correspondent Pierre Thomas explains why Sen. Richard Burr resigned as chair of the Senate Intelligence Committee amid an FBI investigation. And, ABC News Senior Investigative reporter Aaron Katersky and ABC News contributor John Cohen catch us up on the saga of retired Gen. Michael Flynn. http://apple.co/2HPocUL\n\nFive Thirty Eight Politics Podcast. As COVID-19 has spread across the globe, so have conspiracy theories about the origin and severity of the virus that causes it. In this installment of the FiveThirtyEight Politics podcast, political scientist and conspiracy theory researcher Joseph Uscinski joins Galen Druke and senior science writer Maggie Koerth to discuss why these theories develop and whether they can be stopped. https://53eig.ht/2Jb12X2\n\nWHAT YOU NEED TO KNOW THIS WEEKEND\n\nPresident Donald Trump delivers remarks on vaccine development at noon, participates in the presentation of the U.S. Space Force flag and signs an Armed Forces Day Proclamation at 12:30 p.m. Later, he delivers remarks at a presidential recognition ceremony at 4 p.m.\n\nVice President Mike Pence leads a White House Coronavirus Task Force meeting at 2:30 p.m.\n\nSunday on ABC's \"This Week\": ABC News Chief Anchor George Stephanopoulos goes one-on-one with White House trade adviser, Peter Navarro. Plus, the Powerhouse Roundtable discusses all the week's politics with former New Jersey Governor and ABC News Contributor Chris Christie, former Chicago Mayor and ABC News Contributor Rahm Emanuel, Democracy for America CEO and ABC News Contributor Yvette Simpson, and Republican Strategist and ABC News Contributor Sara Fagen.\n\nDownload the ABC News app and select \"The Note\" as an item of interest to receive the day's sharpest political analysis.\n\nThe Note is a daily ABC News feature that highlights the day's top stories in politics. Please check back Monday for the latest.",
    "title": "The Note: Public not seeing pandemic realities Trump is describing",
    "top-image": "https://s.abcnews.com/images/Politics/trump-fauci-gty-aa-200514_hpMain_16x9_992.jpg",
    "df_date": 20200515,
    "source": "abcnews.go.com",
    "label": "reliable"
}