{
    "url": "https://www.nytimes.com/2020/05/15/world/coronavirus-news.html",
    "uid": "1637746946.674611.-2020-05-15-world-coronavirus-news-html",
    "images": [
        "https://static01.nyt.com/images/2020/05/15/world/15virus-int-briefing-tests/15virus-int-briefing-tests-facebookJumbo.jpg?year=2020&h=550&w=1050&s=8ab43d59662c5cd13b43b4d0eb334d7ddc5376bb10c3865b4c78921e92dc1764&k=ZQJBKqZ0VN",
        "https://static01.nyt.com/images/2020/05/15/world/15virus-int-briefing-tests/merlin_172104561_9c9a7535-5b65-49df-8cf9-193eba95c3c1-articleLarge.jpg?quality=75&auto=webp&disable=upscale",
        "https://static01.nyt.com/images/2020/05/14/us/sweden-coronavirus-deaths-promo-1589510247734/sweden-coronavirus-deaths-promo-1589510247734-articleLarge-v2.png"
    ],
    "publication-date": "2020-05-15",
    "text": "On Friday, the Trump administration issued new rules barring Huawei, the Chinese telecommunications giant, and its suppliers from using U.S. technology.\n\nAt about the same time, China, citing the urgency of the pandemic, demanded that the United States promptly pay its delinquent United Nations assessments, which by some calculations now exceed $2 billion. China, the second-biggest financial contributor to the U.N. budget behind the United States, fully paid on May 1. The United States responded by saying it customarily pays assessments at year\u2019s end and that China was \u201ceager to distract attention from its cover-up and mismanagement of the Covid-19 crisis.\u201d\n\nThe cycle of tit-for-tat statements and actions is solidifying longstanding suspicions in Beijing that the United States and its allies are bent on stifling China\u2019s rise as a global economic, diplomatic and military power.\n\nHard-liners are calling on Beijing to be more defiant, emboldened by the Trump administration\u2019s efforts to blame China for the rising death toll in the United States. Moderates are warning that Beijing\u2019s strident responses could backfire, isolating the country when it most needs export markets and diplomatic partners to revive its economy and regain international credibility.\n\nNow, the clash with the United States over the pandemic is fanning broader tensions on trade, espionage and other fronts \u2014 disputes that could intensify as President Trump makes his contest with Beijing a theme of his re-election campaign.\n\nThere are warning signs the relationship could worsen. The trade truce that Mr. Trump and his Chinese counterpart, Xi Jinping, reached in January could fall apart, despite recent pledges to keep to its terms. Other tensions, including those over Taiwan and the South China Sea, are also flaring.",
    "title": "U.S. and China Trade Coronavirus Accusations, Sparking Fears of a New Cold War",
    "top-image": "https://static01.nyt.com/images/2020/05/15/world/15virus-int-briefing-tests/15virus-int-briefing-tests-facebookJumbo.jpg?year=2020&h=550&w=1050&s=8ab43d59662c5cd13b43b4d0eb334d7ddc5376bb10c3865b4c78921e92dc1764&k=ZQJBKqZ0VN",
    "df_date": 20200515,
    "source": "www.nytimes.com",
    "label": "reliable"
}