{
    "url": "https://uk.reuters.com/article/uk-health-coronavirus-usa-china-mofa/china-says-stable-bilateral-relations-in-best-interests-of-china-u-s-idUKKBN22R0ZZ",
    "uid": "1637746948.4438217.-article-uk-health-coronavirus-usa-china-mofa-china-says-stable-bilateral-relations-in-best-interest",
    "images": [
        "https://static.reuters.com/resources/r/?m=02&d=20200515&t=2&i=1518725116&r=LYNXMPEG4E0IT&w=800"
    ],
    "publication-date": "2020-05-15",
    "text": "FILE PHOTO: Chinese and U.S. flags flutter near The Bund, before U.S. trade delegation meet their Chinese counterparts for talks in Shanghai, China July 30, 2019. REUTERS/Aly Song/File Photo\n\nBEIJING (Reuters) - China\u2019s foreign ministry said on Friday that steady Sino-U.S. bilateral relations serve the interests of both people, responding to U.S. President Donald Trump\u2019s comments that he could cut ties with the world\u2019s second-largest economy.\n\nForeign ministry spokesman Zhao Lijian told reporters during a daily briefing that the U.S. needs to cooperate with China in order to achieve stable relations, however.\n\nRelations between Beijing and Washington have deteriorated rapidly in recent months as Trump and other senior U.S. officials grow increasingly critical of China\u2019s handling of the COVID-19 outbreak and threaten various punitive measures.",
    "title": "China says stable bilateral relations in best interests of China, U.S",
    "top-image": "https://static.reuters.com/resources/r/?m=02&d=20200515&t=2&i=1518725116&r=LYNXMPEG4E0IT&w=800",
    "df_date": 20200515,
    "source": "uk.reuters.com",
    "label": "reliable"
}