{
    "url": "https://in.reuters.com/article/health-coronavirus-usa-cdc/u-s-cdc-reports-1384930-coronavirus-cases-83947-deaths-idINKBN22R0FR",
    "uid": "1637746943.4371364.-article-health-coronavirus-usa-cdc-u-s-cdc-reports-1384930-coronavirus-cases-83947-deaths-idinkbn22",
    "images": [
        "https://static.reuters.com/resources/r/?m=02&d=20200515&t=2&i=1518707478&r=LYNXMPEG4E084&w=800"
    ],
    "publication-date": "2020-05-15",
    "text": "Healthcare workers from the CHA Everett Hospital watch as F-15s from the Massachusetts National Guard 104th Fighter Wing fly over Boston to thank healthcare workers and first responders amid the coronavirus disease (COVID-19) outbreak in Everett, Massachusetts, U.S., May 6, 2020. REUTERS/Brian Snyder\n\n(Reuters) - The U.S. Centers for Disease Control and Prevention (CDC) on Thursday reported 1,384,930 cases of the new coronavirus, an increase of 20,869 cases from its previous count, and said the number of deaths had risen by 1,701 to 83,947.\n\nThe CDC reported its tally of cases of the respiratory illness known as COVID-19, caused by the new coronavirus, as of 4 pm ET on May 13, compared with its count a day earlier. (bit.ly/2SGLijD)\n\nThe CDC figures do not necessarily reflect cases reported by individual states.",
    "title": "U.S. CDC reports 1,384,930 coronavirus cases, 83,947 deaths",
    "top-image": "https://static.reuters.com/resources/r/?m=02&d=20200515&t=2&i=1518707478&r=LYNXMPEG4E084&w=800",
    "df_date": 20200515,
    "source": "in.reuters.com",
    "label": "reliable"
}