{
    "url": "https://www.reuters.com/article/us-health-coronavirus-vaccine-oxford/keenly-watched-covid-19-vaccine-wont-be-expensive-developer-says-idUSKBN22R2BQ",
    "uid": "1637746985.1431532.-article-us-health-coronavirus-vaccine-oxford-keenly-watched-covid-19-vaccine-wont-be-expensive-deve",
    "images": [
        "https://static.reuters.com/resources/r/?m=02&d=20200515&t=2&i=1518780040&r=LYNXMPEG4E1CT&w=800"
    ],
    "publication-date": "2020-05-15",
    "text": "LONDON (Reuters) - A keenly-watched COVID-19 vaccine will be priced to allow as wide as possible access to it, if it proves successful, and will be made at huge scale to keep costs down and supply up, said the Oxford University professor co-leading its development.\n\nAdrian Hill, director of Oxford's Jenner Institute, which has teamed up with the drugmaker AstraZeneca AZN.L to develop the vaccine, said ensuring wide distribution and low cost have been central to the project from the start.\n\n\u201cThis not going to be an expensive vaccine,\u201d Hill told Reuters in an interview. \u201cIt\u2019s going to be a single dose vaccine. It\u2019s going to be made for global supply and it\u2019s going to be made in many different locations. That was always our plan.\u201d\n\nThe experimental vaccine, known as ChAdOx1 nCoV-19, is one of the front runners in the global race to provide protection against the new coronavirus causing the COVID-19 pandemic.\n\nPreliminary data from a small trial of the experimental vaccine in six monkeys found that some of the animals given a single shot developed antibodies against the virus within 14 days, and all developed protective antibodies within 28 days.\n\nWhen the monkeys were exposed to the new coronavirus, the vaccine appeared to prevent damage to the lungs and kept the virus from making copies of itself there, although it was still actively replicating in the nose.\n\nHill said the data from the animal tests were \u201cencouraging of course\u201d and reinforced his team\u2019s high degree of confidence that ongoing human trials of the shot will also show positive results. The first signals on whether and how well it works could come as early as July or August.\n\nFILE PHOTO: Professor Adrian Hill speaks to members of the media at The Jenner Institute in Oxford, southern England January 16, 2015. Photograph January 16, 2015. REUTERS/Eddie Keogh/\n\nHill\u2019s team began early-stage human trials of the vaccine in April, making it one of only a handful to have reached that milestone.\n\nHill said that as of this week, more than 1,000 people have been dosed in the trial - with around half getting the experimental vaccine and the other half serving as a control group.\n\nAsked about the progress of the human trials, Hill said he and his team \u201care not going to give a running commentary\u201d but added: \u201cYou can conclude that if the trial is still running - as it certainly is - that would mean there have been no major upsets.\u201d\n\nAlmost 4.5 million people have been reported to be infected by the novel coronavirus globally and more than 301,000 have died, according to a Reuters tally.\n\nHealth and disease experts say a vaccine that protects people from the new coronavirus could help end the pandemic, but finding one that works and manufacturing enough doses is a huge challenge.\n\nThe ChAdOx vaccine, a type known as a recombinant viral vector vaccine, uses a weakened version of the common-cold virus spiked with proteins from the novel coronavirus to generate a response from the body\u2019s immune system.\n\nOther vaccines in human trials include those by Moderna Inc MRNA.O, Pfizer Inc PFE.N and BioNTech SE 22UAy.F and China's CanSino Biologics Inc 6185.HK.\n\nHill told Reuters the ChAdOx1 project has at least seven manufacturing sites around the world. Those include India\u2019s Serum Institute as well as sites in Europe and China.\n\nHill has said that up to a million doses of the shot are already being manufactured and will be available by September, even before trials fully prove whether it works.\n\n\u201cThe ambition is shared to get a low-priced, very, very extensively available vaccine as soon as possible,\u201d Hill said. \u201cAnd one of the reasons that we chose Astrazeneca was because they shared that ambition and they were convincing that they could provide supply and large scale.\u201d",
    "title": "Keenly-watched COVID-19 vaccine 'won't be expensive', developer says",
    "top-image": "https://static.reuters.com/resources/r/?m=02&d=20200515&t=2&i=1518780040&r=LYNXMPEG4E1CT&w=800",
    "df_date": 20200515,
    "source": "www.reuters.com",
    "label": "reliable"
}