{
    "url": "https://www.reuters.com/article/us-easteurope-economy/coronavirus-sends-cee-economies-into-tailspin-in-first-quarter-idUSKBN22R1JI",
    "uid": "1637746961.4102838.-article-us-easteurope-economy-coronavirus-sends-cee-economies-into-tailspin-in-first-quarter-iduskb",
    "images": [
        "https://static.reuters.com/resources/r/?m=02&d=20200515&t=2&i=1518740914&r=LYNXMPEG4E0TC&w=800"
    ],
    "publication-date": "2020-05-15",
    "text": "PRAGUE (Reuters) - Central and east European economies fell as much as 5% on a quarterly basis to start 2020 though some managed a last gasp of growth as the coronavirus forced lockdowns in March and put the region on course to a deep contraction this year.\n\nFILE PHOTO: A general view of an empty National Theatre is seen in Prague, as the Czech government bans events hosting more than 100 people to contain the spread of the new coronavirus disease (COVID-19), Czech Republic, March 10, 2020. REUTERS/David W Cerny\n\nThe virus outbreak will undo several years of solid growth in a region with economies highly tuned to the car industry and exports and which has outpaced richer western Europe.\n\nWith the novel coronavirus striking in March, first-quarter figures showed the outbreak\u2019s initial impact but were uneven.\n\nThe Czech and Slovak economies sank 3.6% and 5.4% quarter-on-quarter, respectively, hit harder than regional neighbours due to a slowdown in growth seen even before the crisis.\n\nThe Czech Republic\u2019s drop was the largest on record going back to 1996 and was almost as bad as in the euro zone, showing its dependence on trade there. Slovakia, a euro zone member, was among the hardest hit in the currency bloc.\n\nIn Hungary, the economy contracted on a quarterly basis for the first time since 2016, shrinking 0.4%. Poland, the region\u2019s biggest economy, fell 0.5% quarter-on-quarter.\n\nRomania and Bulgaria expanded 0.3% on a quarterly basis.\n\n\u201cThe batch of Q1 GDP data for Central and Eastern Europe shows that the region\u2019s economies were in freefall at the end of March after lockdown measures were imposed,\u201d Capital Economics economist Liam Peach said in a note.\n\nAnalysts see probable double-digit declines in the second quarter.\n\nThe European Commission has forecast the region contracting by 4.3%-7.2% overall in 2020 before a similar rebound. Much will depend on Germany, Europe\u2019s largest economy and a key trade partner which shrank 2.2% in the first quarter.\n\nBut the threat of lockdowns will remain if a second wave of COVID-19 infections comes. Most countries are only now reopening after the first wave and not all car plants are back running.\n\nJakub Seidler, ING\u2019s chief economist in Prague, estimated Czech measures and factory shutdowns caused a 30% economic dive in the second half of March alone.\n\nHungarian Prime Minister Viktor Orban said on Friday he hoped manufacturing would return to its pre-crisis tempo from June.\n\nBut with unemployment ticking up around the region, consumers may be loath to spend money, meaning that state support to avoid a wave of mass layoffs could be crucial.\n\nPoland, the only regional economy to avoid recession in the 2009 financial crisis, has announced direct and indirect aid worth over 300 billion zlotys ($71.24 billion) to mitigate the blow to its businesses from lockdowns.\n\nAndrzej Kaminski, an economist at Bank Millennium, said this support and the fact tourism has a lower share in the economy could help Poland weather this crisis better than others.\n\n** For an interactive graphic on GDP developments in Central Europe: reut.rs/3exsJHO?eikon=true",
    "title": "Coronavirus sends CEE economies into tailspin in first quarter",
    "top-image": "https://static.reuters.com/resources/r/?m=02&d=20200515&t=2&i=1518740914&r=LYNXMPEG4E0TC&w=800",
    "df_date": 20200515,
    "source": "www.reuters.com",
    "label": "reliable"
}