{
    "url": "https://www.nbcnews.com/news/world/lockdown-protesters-shout-be-sweden-swedes-say-they-are-missing-n1207566",
    "uid": "1637746953.9232574.-news-world-lockdown-protesters-shout-be-sweden-swedes-say-they-are-missing-n1207566",
    "images": [
        "https://media-cldnry.s-nbcnews.com/image/upload/t_focal-760x428,f_auto,q_auto:best/MSNBC/Components/Video/202004/nn_ren_swedens_coronavirus_approach_200427_1920x1080.jpg",
        "https://media-cldnry.s-nbcnews.com/image/upload/t_nbcnews-fp-1200-630,f_auto,q_auto:best/newscms/2020_20/3349216/200514-be-like-sweden-mc-945.JPG"
    ],
    "publication-date": "2020-05-15",
    "text": "STOCKHOLM \u2014 Known for its socialized health care, progressive tax system and liberal social policies, Sweden rarely finds cheerleaders among conservative commentators and activists in the United States.\n\nBut on homemade placards at anti-lockdown protests in the last month, an unusual slogan has been spotted: \u201cBe more like Sweden.\u201d\n\nProminent Republican Party figures and GOP-supporting commentators have praised Sweden for its light-touch approach to the coronavirus pandemic \u2014 it is almost unique among nations in not ordering citizens to stay indoors, while cafes and restaurants have stayed open.\n\nAccording to the Swedes, however, American admirers of their approach are confusing their own beliefs with what is a prudent and carefully planned public health policy.\n\nJacob Issa, who runs the Il Caffe coffee shop on S\u00f6dermalm, an island and district of central Stockholm, Sweden\u2019s capital, says conservative America\u2019s sudden respect for the Swedish model doesn\u2019t surprise him.\n\n\u201cEverything is ultimately about money,\u201d he says. \u201cWhen the economy is suffering, it is convenient to point to a country that \u2018supports\u2019 one\u2019s actions. I wouldn\u2019t have been surprised if other politicians did the same thing.\u201d\n\nHundreds of protesters gather outside Minnesota Gov. Tim Walz' official residence in April. Glen Stubbe / AP file\n\nFox News political commentator Tucker Carlson has argued the merits of the Swedish model, as has the conservative magazine National Review.\n\nSen. Rand Paul, R-Ky., the only senator known to have contracted COVID-19, clashed with the nation\u2019s leading infectious disease expert, Dr. Anthony Fauci, at a Senate hearing on Tuesday, asking why the U.S. couldn\u2019t follow Sweden in reopening schools and the economy.\n\nJust two weeks ago, President Donald Trump criticized the Swedish approach by tweeting: \u201cDespite reports to the contrary, Sweden is paying heavily for its decision not to lockdown.\u201d But he hasn\u2019t tweeted about it since.\n\nSweden\u2019s somewhat disproportionate role in the American political debate dates back as far as the 1930s and President Franklin D. Roosevelt\u2019s New Deal, according to Dag Blanck, the director of the Swedish Institute for North American Studies at Uppsala University.\n\n\u201c[That] program had reflected Sweden\u2019s welfare system and it was dependent on a strong state and public sector,\u201d he says.\n\n\u201cHowever, America\u2019s Republican heartland has never been especially interested in the Swedish model or a welfare system. This has been associated with liberals, and lately the Bernie Sanders faction.\u201d\n\nPeople have lunch at a restaurant in Stockholm, during the coronavirus COVID-19 pandemic in April. Jonathan Nackstrand / AFP - Getty Images file\n\nFor Blanck, it\u2019s paradoxical that some Republicans are now embracing Sweden \u2013 a country that they usually don\u2019t like.\n\n\u201cSince Rand Paul and other Republicans want to kick-start the economy, they are looking to Sweden without really understanding the country or being that interested in the Swedish strategy to deal with coronavirus. And there is a danger in using Sweden as an example without actually understanding Sweden,\u201d he says.\n\nConservative commentators aren\u2019t the Swedish model\u2019s only admirers. Dr. Michael Ryan, executive director of the World Health Organization\u2019s Health Emergencies Program, said April 29 that \"if we are to reach a 'new normal', in many ways Sweden represents a future model.\"\n\nBut some nonmedical observers may have misunderstood the policy\u2019s real aims.\n\nThe Swedish Public Health Agency\u2019s strategy is based on trying to slow the spread of the virus as much as possible, not on keeping the economy going. The Swedish economy, heavily dependent on the global supply chain, is suffering just as much as many other countries. The decision to keep schools open was about freeing up health care workers to deal with the pandemic, not to stimulate the economy\n\nFor Swedish entrepreneur Vendela Ragnarsson, it is irresponsible to apply a strategy that Swedish authorities introduced as a proactive measure to slow down the spread of the infection to a different country and situation.\n\n\u201cI would describe these Republicans as turncoats,\u201d Ragnarsson, who lives in Stockholm, says.\n\n\u201cYou run the risk of sacrificing a large proportion of low-income earners and others who do not have adequate health insurance,\u201d she says.\n\nPeople sit in a restaurant in Stockholm last week, amid the coronavirus COVID-19 pandemic. Jonathan Nackstrand / AFP - Getty Images\n\nAll Swedes have access to health care regardless of their income or ability to pay, and lifting a lockdown in the country would not leave the poor much more vulnerable to disease.\n\nAnna Sj\u00f6str\u00f6m, medical doctor at the Karolinska University Hospital, says opinions about a country's strategy can vary depending on the agenda.\n\n\u201cIt is probably also a sign of the complexity of this problem that the pros and cons of a strategy are weighted differently depending on the viewer,\u201d she says.\n\nAs of Thursday, the Public Health Agency had recorded more than 28,500 cases of the coronavirus and more than 3,500 related deaths. Sweden\u2019s state epidemiologist, Dr. Anders Tegnell, confirmed in a press conference Wednesday the increase of cases in Stockholm was higher than in any other region of the country.\n\nHowever, Stockholm now accounts for a decreasing number of newly confirmed cases of COVID-19. The flattening of the curve for those needing intensive care is becoming more and more evident.\n\nA sticker on a street to ask people to keep social distances amid the new coronavirus pandemic in central Stockholm on Tuesday. Henrik Montgomery / AFP - Getty Images\n\nAccording to Blanck, all countries need to think carefully about what strategy to choose when they open up their societies.\n\n\u201cIt is not possible to have countries shut down for an unlimited length of time,\u201d he says.\n\nAnd it is important to remember just how differently Swedes and Americans tend to view their government, Ragnarsson, the entrepreneur, said.\n\n\u201cIn the U.S., much seems to depend on the individual and people are not very fond of government control,\u201d she said. \u201cThe Swedish strategy is very much relying on the individual\u2019s trust in the state.\u201d",
    "title": "Lockdown protesters shout 'be like Sweden' \u2014 but Swedes say they are missing the point",
    "top-image": "https://media-cldnry.s-nbcnews.com/image/upload/t_nbcnews-fp-1200-630,f_auto,q_auto:best/newscms/2020_20/3349216/200514-be-like-sweden-mc-945.JPG",
    "df_date": 20200515,
    "source": "www.nbcnews.com",
    "label": "reliable"
}