{
    "url": "https://www.reuters.com/article/us-health-coronavirus-usa-foodbanks/u-s-food-aid-program-launches-with-companies-scrambling-to-deliver-idUSKBN22R1H3",
    "uid": "1637746957.7180727.-article-us-health-coronavirus-usa-foodbanks-u-s-food-aid-program-launches-with-companies-scrambling",
    "images": [
        "https://static.reuters.com/resources/r/?m=02&d=20200515&t=2&i=1518738968&r=LYNXMPEG4E0RQ&w=800"
    ],
    "publication-date": "2020-05-15",
    "text": "CHICAGO (Reuters) - Texas-based CRE8AD8 LLC bid for a federal government contract to quickly rescue food from struggling farmers and deliver it to U.S. food banks as fallout from the coronavirus pandemic has put millions of Americans out of work and driven many to seek help putting food on the table.\n\nFILE PHOTO: A worker unpacks food at Harlem's Community Kitchen and Food Pantry service by the Food Bank for New York City during the outbreak of the coronavirus disease (COVID-19) in the Manhattan borough of New York City, U.S., May 9, 2020. REUTERS/Andrew Kelly\n\nBut after the U.S. Agriculture Department awarded CRE8AD8 one of the most lucrative slices of its new $1.2 billion aid package, the company turned to its Facebook followers to find farmers and food banks and to hire people for every role needed to fulfill the $39.13 million contract by June 30.\n\nThat\u2019s because CRE8AD8 - pronounced \u201cCreate A Date\u201d - is an event and wedding planner. It is hardly alone in its lack of experience among the more than 200 companies that won contracts from the U.S. Department of Agriculture to provide boxes of produce, meat and dairy for hungry Americans through its Farmers to Families Food Box program.\n\n\u201cWe are in the initial phase of our planning around logistics,\u201d Gregorio Palomino, chief executive of CRE8AD8, said in an email on Thursday. The next steps included \u201chiring our workforce, defining the roles and tasks needed to hit our targets and our goals.\u201d\n\nThe company is looking to hire up to 125 people, including chefs, safety and regulatory specialists, project coordinators and fulfillment staff, he said.\n\nFailure to deliver food in a timely manner could result in more Americans going hungry even though there is a surplus of many farm-fresh goods in the United States. With restaurants shuttered, hotels idled and cruise ships docked, farmers were left without distributors to buy their goods, forcing them to plow under lettuce, dump milk and leave onions rotting in fields.\n\nIn its rush to connect food with families, the USDA, which is working with food banks nationwide, included companies with little experience distributing food, few connections to farmers and little preexisting infrastructure. At the same time, distribution companies like U.S. Foods and Sysco Corporation SYY.N were denied awards all together, despite mentions by Secretary of Agriculture Sonny Perdue during the April 17 announcement of the program.\n\n\u201cCompanies who were awarded bids without their own warehouse, staff and distribution ability are now soliciting companies that have those facilities and were denied bids for no apparent reason,\u201d Tom Stenzel, president and CEO of the United Fresh Produce Association, said in a letter to the USDA on Monday.\n\nSome established food distributors, farmers themselves and food banks are now questioning if the contracts can be fulfilled in a timely manner.\n\nThe USDA defended its selection process. A department spokesperson said 550 proposals were evaluated on technical information, price, past performance of the offerer and capability to perform. \u201cParticipating food banks and other non-profits will start seeing deliveries by Friday, May 15,\u201d the spokesperson said.\n\nCRE8AD8\u2019s Palomino said in the email that his company would produce three kinds of food boxes: produce, dairy and precooked frozen protein, to begin delivering by early June.\n\n\u201cThis is the largest contract we have won to date,\u201d he said.\n\nSome traditional distributors did receive contracts, including Borden Dairy, Gordon Food Service and Tyson Foods TSN.N. But many in the industry wonder why more companies with existing infrastructure were not tapped to launch the program.\n\n\u201cI had already been in talks with potato companies, strawberry companies. I did not bid anything without contracting it,\u201d said Brent Erenwert, CEO of Houston-based Brothers Produce, which was left out of the process. \u201cPeople expecting food on Friday aren\u2019t going to get it because of this.\u201d\n\nSome companies also lack proper licensing required by the Perishable Agricultural Commodities Act, which ensures distributors meet contractual obligations and protects farmers from nonpayment.\n\n\u201cAs a grower, I have no protection,\u201d said Shay Myers, CEO of Owyhee Produce in Parma, Idaho, which has lost 40-60% of its onion sales due to coronavirus-related shutdowns. \u201cI would not sell to them.\u201d\n\nOther bids will stretch company capacity. Borden Dairy received nearly $147 million. CEO Tony Sarsam said that is around 44 million gallons of milk, 11% of the company\u2019s annual volume, to be delivered in just six weeks.\n\nAs many companies scramble, the burden to salvage the program has shifted to already-strained food banks across the country. Brian Greene, chief executive of the Houston Food Bank, said he wonders why the agency did not utilize existing channels to bring idle food to hungry Americans.\n\n\u201cSome of the vendors seem to not understand what the rules were,\u201d said Greene. \u201cThey did a lowball bid, but they didn\u2019t actually bid the requirements.\u201d",
    "title": "U.S. food aid program launches with companies scrambling to deliver",
    "top-image": "https://static.reuters.com/resources/r/?m=02&d=20200515&t=2&i=1518738968&r=LYNXMPEG4E0RQ&w=800",
    "df_date": 20200515,
    "source": "www.reuters.com",
    "label": "reliable"
}