{
    "url": "https://in.reuters.com/article/health-coronavirus-trump/without-wearing-a-mask-trump-tours-pennsylvania-mask-distribution-center-idINKBN22R0BZ",
    "uid": "1637746941.2734444.-article-health-coronavirus-trump-without-wearing-a-mask-trump-tours-pennsylvania-mask-distribution-",
    "images": [
        "https://static.reuters.com/resources/r/?m=02&d=20200515&t=2&i=1518703606&r=LYNXMPEG4E06B&w=800"
    ],
    "publication-date": "2020-05-15",
    "text": "ALLENTOWN, Pa. (Reuters) - Without wearing a face mask himself, President Donald Trump toured a mask distribution center in Pennsylvania on Thursday and announced plans to replenish the U.S. strategic stockpile of medical equipment depleted by the coronavirus outbreak.\n\nTrump, a Republican who is running for re-election in November, has resisted wearing a mask in public despite his administration\u2019s guidance to Americans to wear them and new White House rules requiring that staff wear them at work.\n\nThe president toured the Owens & Minor Inc OMI.N distribution center, which the White House said has sent millions of N95 masks, surgical gowns and gloves to hospitals and surgery centers across the United States. Company officials wore masks.\n\nTrump visited a mask production facility in Arizona last week, when he also did not wear a face covering, though he said he tried some on backstage.\n\nPennsylvania is a political swing state wooed by both Republicans and Democrats in presidential elections. Though the Thursday event was arranged by the White House, it had campaign overtones, with music similar to what is played at Trump\u2019s rallies and a pejorative reference by the president to his expected Democratic challenger, former Vice President Joe Biden.\n\nTrump accused the Obama administration of allowing the stockpile to be depleted. Trump has been in office for three years; the coronavirus outbreak started hitting the United States earlier this year.\n\nTrump said his administration would seek to have three months\u2019 worth of supplies on reserve rather than one to three weeks\u2019 worth.\n\n\u201cI\u2019m determined that America will be fully prepared for any of the future outbreaks, of which we hope there\u2019s going to be none,\u201d he said during remarks after his tour.\n\nThe president has previously sought to downplay the possibility of the coronavirus returning in the fall, though doctors have said it is very likely.\n\nA senior administration official told reporters earlier on Thursday that the Trump administration was seeking to add 300 million N95 masks, the respiratory protective devices that are key to protecting medical workers fighting the deadly coronavirus, to the U.S. stockpile by the fall.\n\nThe official said the administration hoped ultimately to replenish its strategic national stockpile, which had only 13 million N95s at the beginning of the outbreak, to 1 billion in total.\n\nThe administration is seeking to shore up medical supplies as part of a bid to prepare for future flare-ups of coronavirus cases, as states nationwide begin to reopen after lockdowns aimed at slowing the spread of the virus.",
    "title": "Without wearing a mask, Trump tours Pennsylvania mask distribution center",
    "top-image": "https://static.reuters.com/resources/r/?m=02&d=20200515&t=2&i=1518703606&r=LYNXMPEG4E06B&w=800",
    "df_date": 20200515,
    "source": "in.reuters.com",
    "label": "reliable"
}