{
    "url": "https://www.nytimes.com/2020/05/15/us/politics/betsy-devos-coronavirus-religious-schools.html",
    "uid": "1637746951.2395408.-2020-05-15-us-politics-betsy-devos-coronavirus-religious-schools-html",
    "images": [
        "https://static01.nyt.com/images/2020/05/12/us/politics/12dc-virus-devos/12dc-virus-devos-facebookJumbo-v2.jpg?year=2020&h=550&w=1050&s=e3e90e228363efd489b007f1b6faedf55b477519592e57623fd670eaa6040358&k=ZQJBKqZ0VN",
        "https://static01.nyt.com/images/2018/06/14/multimedia/author-erica-l-green/author-erica-l-green-thumbLarge-v2.png",
        "https://static01.nyt.com/images/2020/05/12/us/politics/12dc-virus-devos/12dc-virus-devos-articleLarge-v2.jpg?quality=75&auto=webp&disable=upscale"
    ],
    "publication-date": "2020-05-15",
    "text": "WASHINGTON \u2014 Education Secretary Betsy DeVos is using the $2 trillion coronavirus stabilization law to throw a lifeline to education sectors she has long championed, directing millions of federal dollars intended primarily for public schools and colleges to private and religious schools.\n\nThe Coronavirus Aid, Relief and Economic Security Act, signed in late March, included $30 billion for education institutions turned upside down by the pandemic shutdowns, about $14 billion for higher education, $13.5 billion to elementary and secondary schools, and the rest for state governments.\n\nMs. DeVos has used $180 million of those dollars to encourage states to create \u201cmicrogrants\u201d that parents of elementary and secondary school students can use to pay for educational services, including private school tuition. She has directed school districts to share millions of dollars designated for low-income students with wealthy private schools.\n\nAnd she has nearly depleted the 2.5 percent of higher education funding, about $350 million, set aside for struggling colleges to bolster small colleges \u2014 many of them private, religious or on the margins of higher education \u2014 regardless of need. The Wright Graduate University for the Realization of Human Potential, a private college in Wisconsin that has a website debunking claims that it is a cult, was allocated about $495,000. All of the colleges could apply for the funds or reject them, and Wright officials said the school did not claim the funds.",
    "title": "DeVos Funnels Coronavirus Relief Funds to Favored Private and Religious Schools",
    "top-image": "https://static01.nyt.com/images/2020/05/12/us/politics/12dc-virus-devos/12dc-virus-devos-facebookJumbo-v2.jpg?year=2020&h=550&w=1050&s=e3e90e228363efd489b007f1b6faedf55b477519592e57623fd670eaa6040358&k=ZQJBKqZ0VN",
    "df_date": 20200515,
    "source": "www.nytimes.com",
    "label": "reliable"
}