{
    "url": "https://www.reuters.com/article/health-coronavirus-japan-stocks/japans-stay-at-home-office-workers-drive-day-trading-rally-idUSL4N2CT1NV",
    "uid": "1637746946.379446.-article-health-coronavirus-japan-stocks-japans-stay-at-home-office-workers-drive-day-trading-rally-",
    "images": [
        "https://static.reuters.com/resources/r/?m=02&d=20200515&t=2&i=1518723122&r=LYNXMPEG4E0HT&w=800"
    ],
    "publication-date": "2020-05-15",
    "text": "TOKYO (Reuters) - Japan\u2019s advice for workers to \u201cstay at home\u201d during the coronavirus outbreak has emptied streets - but it\u2019s opened a new world of online stock trading for many whose office rules had prevented such activities.\n\nFILE PHOTO: A man wearing a protective face mask, takes a photo with his mobile phone at noon, at Shibuya Crossing, during the coronavirus disease (COVID-19) outbreak, in Tokyo, Japan, March 31, 2020. REUTERS/Issei Kato/File Photo\n\nSome industry players say the shift to cosier working conditions has lifted the market participation by retail investors.\n\nA 60% rally in the Mothers start-up shares market .MTHR, a favourite for retail investors, from a trough hit in mid-March, for example, has helped online brokerages, even as their institutional business slows.\n\nThose online trading windfalls come despite a 40% decline in volumes on the Tokyo Stock Exchange since late March, when the coronavirus panic subsided.\n\nConstrained to working at home, institutional investors limited trades, often to a bare minimum, as executing transactions became slower and more cumbersome away from their office trading desks.\n\nFilling some of that void was an army of amateur traders.\n\nThe proportion of trades conducted by retail investors has risen to around 20% in recent weeks, exchange data showed, from around 15% in the past two years.\n\nThat was the highest percentage in more than two years, excluding year-end and new-year periods when participation by big foreign players typically declines.\n\n\u201cLooking at the characteristics of people who are trading, it seems likely that office workers who are now working from home are stepping up trading as it is easier to do so at home,\u201d said Tomoichiro Kubota, senior market analyst at Matsui Securities, which specialises in retail investors.\n\nAlthough Japan has so far avoided the worst of the COVID-19 outbreak, with the total cases of about 15,000, many workers have started working from home after a government-declared state of emergency last month.\n\nBased on mobility data by Google, the number of people who travelled to work declined 30% in Japan and 41% in Tokyo in recent weeks.\n\n\u201cSince I started working from home, I have more time looking at charts. In the past, I could check charts only during my break between noon and one p.m.,\u201d said a 30-year-old Osaka engineer, who requested to be identified only as Kurono.\n\nKurono said he started working from home in early April. While he acknowledged big advantages to trading during market hours, there are downsides.\n\n\u201cYou can maximise profits and minimise losses - the only drawback is the progress on my regular work becomes a bit slower.\u201d",
    "title": "Japan's 'stay-at-home' office workers drive day-trading rally",
    "top-image": "https://static.reuters.com/resources/r/?m=02&d=20200515&t=2&i=1518723122&r=LYNXMPEG4E0HT&w=800",
    "df_date": 20200515,
    "source": "www.reuters.com",
    "label": "reliable"
}