{
    "url": "https://www.reuters.com/www.reuters.com/article/us-storm-delta-louisiana-gov/louisiana-closes-nearly-half-of-coastal-flood-gates-ahead-of-hurricane-governor-idINKBN26T3L4",
    "uid": "1637685519.311282.-www-reuters-com-article-us-storm-delta-louisiana-gov-louisiana-closes-nearly-half-of-coastal-flood-",
    "images": [
        "//s3.reutersmedia.net/resources/r/?m=02&d=20201008&t=2&i=1536774893&r=LYNXMPEG97287&w=20",
        "//static.reuters.com/resources_v2/react/cookie-reset-b74/3aae9fd5da3557fba61d6444cb943643.png",
        "https://s3.reutersmedia.net/resources/r/?m=02&d=20201008&t=2&i=1536774893&w=1200&r=LYNXMPEG97287"
    ],
    "publication-date": "2020-10-08",
    "text": "FILE PHOTO: Louisiana Governor John Bel Edwards speaks about his state's coronavirus response during a meeting with U.S. President Donald Trump in the Oval Office at the White House in Washington, U.S., April 29, 2020. REUTERS/Carlos Barria\n\nHOUSTON (Reuters) - Louisiana had closed nearly half of the state\u2019s coastal flood control gates by Thursday afternoon ahead of the arrival of Hurricane Delta, Governor John Bel Edwards said at a news conference.\n\nThe U.S. National Weather Service (NWS) is confident Delta will make landfall on Friday in hard-hit southwest Louisiana, between the cities of Lake Charles and Lafayette, said Benjamin Schott, chief meteorologist of NWS office in New Orleans.\n\nSouthwest Louisiana was hit on Aug. 26 by Hurricane Laura, a powerful category 4 storm that destroyed houses and caused catastrophic damage to the electrical power infrastructure in the area.\n\nDelta is forecast to be a category 3 storm at landfall packing winds of at least 111 miles per hour (179 kph). The storm is also forecast to weaken rapidly.\n\n\u201cIt seems likely to make more of a punch on southwest Louisiana than we would like to see as those people said are still recovering from Hurricane Laura,\u201d Edwards said.\n\nSchott, speaking at the same news conference in Baton Rouge, Louisiana, said Delta is forecast to be a fast-moving storm that will make landfall on Friday night and pass out of the state on Saturday morning.\n\n\u201cThis is a large storm that\u2019s going to have very large wind field extending out 140 miles (225 km) from the center,\u201d Schott said.\n\nEdwards said he understood the burden the new storm may place on the state\u2019s residents.\n\n\u201cI know people in Louisiana, especially the southwest are very strong and very resilient, but they are going to be tested here,\u201d Edwards said.",
    "title": "Louisiana closes nearly half of coastal flood gates ahead of hurricane",
    "top-image": "https://s3.reutersmedia.net/resources/r/?m=02&d=20201008&t=2&i=1536774893&w=1200&r=LYNXMPEG97287",
    "df_date": 20201008,
    "source": "www.reuters.com",
    "label": "reliable"
}