{
    "url": "https://in.reuters.com/article/health-coronavirus-usa-dpa/trump-administration-unclear-over-emergency-production-measure-to-combat-coronavirus-idINKBN21B29G",
    "uid": "1637752274.7508.-article-health-coronavirus-usa-dpa-trump-administration-unclear-over-emergency-production-measure-t",
    "images": [
        "https://static.reuters.com/resources/r/?m=02&d=20200325&t=2&i=1507796132&r=LYNXMPEG2N1IE&w=800"
    ],
    "publication-date": "2020-03-24",
    "text": "WASHINGTON (Reuters) - The Trump administration sowed confusion on Tuesday over use of a 1950s-era emergency act to procure coronavirus test kits amid severe shortages of tests, masks, ventilators and other equipment for medical workers fighting the highly contagious disease.\n\nU.S. President Donald Trump answers a question during the coronavirus response daily briefing at the White House in Washington, U.S., March 23, 2020. REUTERS/Jonathan Ernst\n\nPeter Gaynor, administrator of the Federal Emergency Management Agency (FEMA), told CNN the administration had decided to use the Defense Production Act to procure 60,000 coronavirus test kits, in what would mark the first use of the act to confront the coronavirus crisis.\n\nBut Vice President Mike Pence, who leads the White House coronavirus task force, said in comments on Fox News that it has not been necessary to put the emergency measure to use.\n\n\u201cEvery time we\u2019ve asked American industry to step forward, they\u2019ve said \u2018yes.\u2019 No one has said \u2018no,\u2019\u201d Pence said during a Fox News town hall.\n\nIn a statement late on Tuesday, FEMA said it did not need to use the authority. \u201cAt the last minute we were able to procure the test kits from the private market without evoking the DPA,\u201d FEMA press secretary Lizzie Litzow said.\n\nTrump invoked the act last week but said he would hold off on using it until it was necessary, prompting criticism from Democrats including House of Representatives Speaker Nancy Pelosi and New York Governor Andrew Cuomo.\n\nThe law, which dates to the Korean War, grants the president broad authority to \u201cexpedite and expand the supply of resources from the U.S. industrial base to support military, energy, space and homeland security programs,\u201d according to the FEMA website.\n\n\u201cWe\u2019re actually going to use the DPA for the first time today. There are some test kits we need to get our hands on,\u201d Gaynor said on CNN. \u201cWe\u2019re going to use it when we need it and we\u2019re going to use it today.\u201d\n\nIn a Twitter post earlier on Tuesday, Trump said: \u201cThe Defense Production Act is in full force, but haven\u2019t had to use it because no one has said NO! Millions of masks coming as back up to States.\u201d\n\nCuomo, whose state now stands at ground zero in the U.S. coronavirus outbreak, has been urging the Trump administration to use the act to tell manufacturers they must produce desperately needed supplies for healthcare workers.\n\nAt a news briefing on Tuesday, he alluded to Trump\u2019s characterization of himself as a \u201cwartime president.\u201d\n\n\u201cPresident said it\u2019s a war. It is a war. Well then act like it\u2019s a war,\u201d Cuomo said. \u201cOnly the federal government has that power and not to exercise that power is inexplicable to me ... I do not for the life of me understand the reluctance to use the federal Defense Production Act,\u201d he said.\n\nTrump justified his planned use of the DPA only in limited instances of disruption along the supply chain in a Sunday briefing, in which he compared its use to socialist economic policies.\n\n\u201cCall a person over in Venezuela; ask them how did nationalization of their businesses work out,\u201d he said. \u201cThe concept of nationalizing our business is not a good concept.\u201d",
    "title": "Trump administration unclear over emergency production measure to combat coronavirus",
    "top-image": "https://static.reuters.com/resources/r/?m=02&d=20200325&t=2&i=1507796132&r=LYNXMPEG2N1IE&w=800",
    "df_date": 20200324,
    "source": "in.reuters.com",
    "label": "reliable"
}