{
    "url": "https://www.sott.net/article/431234-US-woman-gets-34927-43-bill-for-coronavirus-treatment",
    "uid": "1637756950.5193863.-article-431234-us-woman-gets-34927-43-bill-for-coronavirus-treatment",
    "images": [
        "/image/700/medium/nypd.jpg",
        "/image/s31/627806/medium/Biden_Brandon.jpg",
        "/images/donate/donate-button-en.png",
        "/images/sidebars/amazon_smile_sb.png",
        "/avatar/friend/120",
        "/images/icons/dollarsign.png",
        "/images/ajax-loader.gif",
        "/image/s28/561656/large/Coronavirus_test.jpg",
        "https://mc.yandex.ru/watch/54352606",
        "/avatar/friend/8466",
        "https://www.sott.net/image/s28/561656/full/Coronavirus_test.jpg",
        "/images/sidebars/revolt_24.jpg",
        "/avatar/friend/24238",
        "/avatar/friend/33138",
        "/avatar/friend/49"
    ],
    "publication-date": null,
    "text": "Askini said the cost of the COVID-19 test alone was $907.\n\nA woman in the United States says she was billed $34,927.43 after being tested and treated for the coronavirus, Time magazine reports. When Danni Askini first came down with the symptoms of the virus \u2014 shortness of breath, a fever, a cough and migraines \u2014 she was told by a doctor to go to the emergency room. There, she was told she had pneumonia and could go home. She visited the emergency room two more times as her symptoms persisted and worsened before she was finally tested for the coronavirus. Three days later her results showed she had COVID-19.Askini was between jobs and planning to move and start a new role in Washington, D.C., when she was diagnosed with the virus, and has since applied for Medicaid in the hope it can retroactively cover her bill. She has now tested negative for COVID-19, but is still taking precautions to recover and isolate.On Twitter, Askini expressed her frustration with local health care agencies and described how difficult it was to get tested for COVID-19 despite having tests for the flu, strep throat and other illnesses come back negative.Health care has been at the center of debate as the 2020 presidential election drags on. However, the topic has drawn even more attention as Americans fear how they will pay for potential coronavirus treatment when scientific estimates predict a massive number of people will be diagnosed during the pandemic.On Thursday, California Gov. Gavin Newsom (D) predicted 56 percent of his state would become infected with coronavirus over the next eight weeks alone should the state not make an effort to mitigate the spread. Other states are also bracing for high coronavirus numbers.Meanwhile, many are already out of work and their health insurance entirely as the coronavirus has caused the closure of businesses nationwide. A major union representing hospitality workers predicted as many as 90 percent of its members could lose their jobs . Other companies like Marriott are already cutting workers.Economists and Trump administration officials have said the U.S. could be heading to a recession, but lawmakers are scrambling to pass a stimulus package to possibly get checks into the hands of Americans and address the economic fallout of the pandemic.",
    "title": "US woman gets $34,927.43 bill for coronavirus treatment -- Society's Child -- Sott.net",
    "top-image": "https://www.sott.net/image/s28/561656/full/Coronavirus_test.jpg",
    "df_date": 20200324,
    "source": "www.sott.net",
    "label": "unreliable"
}