{
    "url": "https://www.mansfieldnewsjournal.com/story/news/local/2020/03/24/ohio-coronavirus-cases-climb-deaths/2910275001/",
    "uid": "1637752279.6537828.-story-news-local-2020-03-24-ohio-coronavirus-cases-climb-deaths-2910275001-",
    "images": [
        "https://www.gannett-cdn.com/presto/2020/03/16/USAT/5b696e92-daa5-4686-ba13-fd64d700fdb2-VPC_HOW_LONG_CORONAVIRUS_LIVES_ON_SURFACES_DESK_THUMB.jpg",
        "https://www.gannett-cdn.com/appservices/universal-web/universal/icons/icon-play-alt-white.svg",
        "https://www.gannett-cdn.com/presto/2020/03/11/PNEW/35e14a45-c884-4b89-b2bb-7a98bf5d5d96-ohcol_031120PB_lead_ea4.JPG?auto=webp&crop=1999,1125,x0,y205&format=pjpg&width=1200"
    ],
    "publication-date": null,
    "text": "Coronavirus in Ohio: 564 confirmed cases, 8 deaths\n\nShow Caption Hide Caption Coronavirus: CDC issues information on virus lifespan CDC says coronavirus 'does not spread easily' by touching surfaces or objects. But it still 'may be possible.' USA TODAY\n\nWith Ohioans ordered home for the first of 14 days, state health officials announced two more deaths and 122 more coronavirus cases on Tuesday, a jump of 28% from Monday\u2019s figures.\n\nThe state now has seen 564 cases of the contagious infection, including 75 in Franklin County as its number jumped by 31 or 70% on Tuesday.\n\nThe number of statewide cases stood at three on March 9, a little more than two weeks ago. Franklin County had none.\n\nHow coronavirus has spread: Tracking cases in the US and worldwide\n\nOhio now has recorded eight deaths attributed to coronavirus. The new deaths on Tuesday were in Cuyahoga and Gallia counties.\n\nNineteen cases were reported in a small western Ohio county -- Miami -- due to an outbreak apparently involving a nursing home in Troy.\n\nSixteen cases are recorded in suburban Columbus -- 11 in Delaware County, two each in Licking, Fairfield and Union counties and one each in Madison and Union counties. Delaware\u2019s number increased by four while Fairfield County reported its first cases.\n\nMost Ohioans, or so state officials demand, now have isolated themselves to help isolate the virus.\n\nThe stay-at-home order imposed by Gov. Mike DeWine and state health director Dr. Amy Acton kicked in early Tuesday, prompting millions of Ohioans to hunker down at home and their employers locked the doors.\n\nIt will be a long haul. The order remains in effect until April 6.\n\nAt his Tuesday news conference, DeWine said the state was working hard to find needed personal protection equipment such as gloves, face masks and gowns for first-responders and medical workers.\n\n\u201cWe know its coming,\u201d DeWIne said of coronavirus. \u201cOur goal every single day is to prepare for that.\u201d\n\nWhile saying he shared President Donald Trump\u2019s desire to quickly remove public health orders and recommendations and tend to the souring economy, DeWine distanced himself from his fellow Republican. Trump targeted Easter for the switch over.\n\nMarried during a pandemic: 'What was important was that we become husband and wife'\n\n\u201cThe truth is protecting people and protecting the economy are not mutually exclusive. In fact, one depends on the other. The fact is, we save our economy by first saving lives and we have to do it in that order,\u201d the governor said.\n\n\u201cIf our hospitals are overwhelmed, thousands of our fellow Ohioans do not get the care they need ... they die because we don\u2019t have facilities to protect them, that\u2019s a personal tragedy for them, a tragedy for all of us,\u201d said DeWine, who has been praised for his aggressive action against the virus.\n\nAsked about Trump tweets about the virus and the economy, DeWine said a \u201cshort-term economic slowdown\u201d was preferable to not acting and allowing the economy to crater in the long-term amid spiraling deaths. DeWine said his actions are based on sound medical advice.\n\nAs COVID-19 cases and deaths continue to increase, the order closes non-essential businesses and confines Ohioans to only vital trips, such as to the grocery store, the pharmacy and medical appointments.\n\nMore: A new symptom of coronavirus: Sudden loss of smell or taste\n\nEnforced social-distancing, state officials say, is the best chance to choke off the spread of the highly contagious respiratory infection and prevent hospitals from being overwhelmed with scores of the sick.\n\nActon said Tuesday it is vital to preserve room in the state\u2019s hospitals for virus patients to come and urged people to comply with the stay-at-home order.\n\n\u201cWe know that at some point in a worst-case scenario, if we had done nothing in Ohio,\u201d cases would be spiraling out of control, Acton said.\n\nThe battle against coronavirus has come with must-be-met challenges. Acton says the state still lacks enough tests and is scrambling to come up with enough personal protective equipment, such as masks, for medical workers.\n\nEven the state\u2019s biggest hospitals, such as Ohio State University\u2019s Wexner Medical Center, are turning to the public seeking donations of the vital gear.\n\nWhile considered essential, employees of state government agencies have not been immune from the boss\u2019 stay-at-home directive.\n\nEighty-six percent (13,900) of the state\u2019s office workers have abandoned Rhodes Tower and other buildings to work at home, said Bill Teets, spokesman for the Ohio Department of Administrative Services.\n\nNearly 1.7 million children are at home, as well, as schools were ordered closed through April 3 in a life-disrupting move DeWine has said could be extended to the cancellation of the remainder of the academic year.\n\nMeanwhile, the coronavirus pandemic is imposing a painful financial price as state and local officials respond to check it spread.\n\nNearly 140,000 Ohioans filed unemployment claims through Thursday of last week -- a 27-fold increase from the prior week -- as restaurants and other businesses closed under state orders. The number filed since is not being released.\n\nFollowing directions from the administration of President Donald Trump, the state now will only release unemployment figures once a week, as opposed to daily.\n\nrludlow@dispatch.com\n\n@RandyLudlow",
    "title": "Coronavirus in Ohio: 564 confirmed cases, 8 deaths",
    "top-image": "https://www.gannett-cdn.com/presto/2020/03/11/PNEW/35e14a45-c884-4b89-b2bb-7a98bf5d5d96-ohcol_031120PB_lead_ea4.JPG?auto=webp&crop=1999,1125,x0,y205&format=pjpg&width=1200",
    "df_date": 20200324,
    "source": "www.mansfieldnewsjournal.com",
    "label": "reliable"
}