{
    "url": "https://www.nytimes.com/2020/03/24/opinion/coronavirus-restaurants-danny-meyer.html",
    "uid": "1637752286.8549714.-2020-03-24-opinion-coronavirus-restaurants-danny-meyer-html",
    "images": [
        "https://static01.nyt.com/images/2020/03/24/opinion/24meyer2/24meyer2-facebookJumbo.jpg?year=2020&h=550&w=1050&s=a0f79aff2d5d0e578c87f1af753b138aeb91bda316c135d7f042d42c45dfd062&k=ZQJBKqZ0VN",
        "https://static01.nyt.com/images/2020/03/24/opinion/24meyer2/merlin_170787912_44d00951-a525-4e63-ae68-b435e1c0640d-articleLarge.jpg?quality=75&auto=webp&disable=upscale"
    ],
    "publication-date": "2020-03-24",
    "text": "In other industries, deep-pocketed companies are able to keep workers on the payroll even when there\u2019s no money coming in. Independent restaurants don\u2019t have that luxury. We don\u2019t have shareholders or the ability to bank money for a rainy day when things are good.\n\nHere\u2019s how the economics work: 90 percent of the money that independent restaurants earn goes straight back out to pay employees, vendors and rent. This is true for mom-and-pop corner restaurants and for the fanciest places in town: Whether your server wears a flannel shirt or a fancy suit, your favorite restaurant is primarily in the business of giving a whole lot of people a paycheck.\n\nIn the past week, one of us was forced to lay off 800 workers. Another had to let 1,500 people go. A third laid off 2,000 people, including corporate office staff. Some of us are still offering takeout and delivery \u2014 and selling gift cards and swag online \u2014 but that\u2019s barely enough to keep anyone employed, given the costs of rent and insurance for sit-down restaurants. Our economic model requires people in seats.\n\nNew York restaurant people are true Gothamites: Like so many of us, they came to the city from all over the country and the world to take part in the public life of our amazing city. They\u2019re pros who\u2019ve trained and prepared and worked their way up the restaurant ladder; they are artists and performers and coders and students working day jobs; they are family people who look to restaurants for a regular paycheck, solid hours and good benefits. Now they are struggling to feed their children, waiting in line to get unemployment benefits and desperately worried about paying their rent.\n\nAnd that\u2019s not even counting the hundreds of millions of workers up and down the supply chain \u2014 from farmers and packers and laundries to importers and accountants \u2014 who depend on restaurants for their living.",
    "title": "After Coronavirus, Will We Have an America Without Restaurants? - The New York Times",
    "top-image": "https://static01.nyt.com/images/2020/03/24/opinion/24meyer2/24meyer2-facebookJumbo.jpg?year=2020&h=550&w=1050&s=a0f79aff2d5d0e578c87f1af753b138aeb91bda316c135d7f042d42c45dfd062&k=ZQJBKqZ0VN",
    "df_date": 20200324,
    "source": "www.nytimes.com",
    "label": "reliable"
}