{
    "url": "https://uk.reuters.com/article/us-health-coronavirus-bombardier/bombardier-halts-most-operations-in-canada-due-to-coronavirus-idUKKBN21B249",
    "uid": "1637752279.3217838.-article-us-health-coronavirus-bombardier-bombardier-halts-most-operations-in-canada-due-to-coronavi",
    "images": [
        "https://static.reuters.com/resources/r/?m=02&d=20200324&t=2&i=1507603084&r=LYNXMPEG2N1EZ&w=800"
    ],
    "publication-date": "2020-03-24",
    "text": "FILE PHOTO: Bombardier's logo is seen on the building of the company's service centre at Biggin Hill, Britain March 5, 2018. REUTERS/Peter Nicholls/File Photo\n\n(Reuters) - Bombardier pulled its 2020 outlook on Tuesday and said it would stop work at most of its Canadian operations until April 26 to help slow the spread of the coronavirus pandemic.\n\nThe suspension includes aircraft and rail production in the provinces of Quebec and Ontario, the Canadian company said.\n\nThe Ontario plant does final assembly for the Global 5500, 6500 and 7500 business jets. Ontario\u2019s premier announced a two-week shutdown of non-essential businesses starting Tuesday, while Quebec\u2019s order will last until April 13.\n\nBombardier confirmed it was placing 12,400 of its employees on furlough, which makes up 70% of the company\u2019s Canadian workforce. The company\u2019s chief executive and senior leadership team will forgo pay for the furloughed period.\n\n\u201cWe expect the company\u2019s current cash position should help it face this crisis although we acknowledge that the operations shutdown will have an impact on cash flows in the short term,\u201d Desjardins analyst Benoit Poirier said in a client note.\n\nThe planemaker also said it was cutting all discretionary spending and was pursuing additional measures to enhance liquidity. It added that production would be temporarily halted at all of its Northern Ireland sites until April 20.\n\nReuters had reported on Monday that Bombardier would suspend Canadian production of its corporate jets to comply with restrictions imposed by provincial governments.\n\nThe deadly coronavirus outbreak has spread to almost all countries of the world, prompting large-scale lockdowns and virtually wiping out demand for air travel.\n\nSome of the workers at Bombardier\u2019s plant in Toronto were sent home after a contractor tested positive for the novel coronavirus called COVID-19, the union\u2019s acting plant chair Bill Bell said in an interview on Monday.",
    "title": "Bombardier halts most operations in Canada due to coronavirus",
    "top-image": "https://static.reuters.com/resources/r/?m=02&d=20200324&t=2&i=1507603084&r=LYNXMPEG2N1EZ&w=800",
    "df_date": 20200324,
    "source": "uk.reuters.com",
    "label": "reliable"
}