{
    "url": "https://in.reuters.com/article/uk-health-coronavirus-germany-italy/germany-treats-first-italians-as-coronavirus-care-crosses-borders-idINKBN21B2GR",
    "uid": "1637752286.5764127.-article-uk-health-coronavirus-germany-italy-germany-treats-first-italians-as-coronavirus-care-cross",
    "images": [
        "https://static.reuters.com/resources/r/?m=02&d=20200325&t=2&i=1507766091&r=LYNXMPEG2N2BO&w=800"
    ],
    "publication-date": "2020-03-24",
    "text": "BERLIN/MANNHEIM, Germany (Reuters) - German hospitals with spare capacity on Tuesday welcomed their first coronavirus patients from Italy, where an overwhelmed health care system has seen the pandemic kill more people than in any other country.\n\nSlideshow ( 8 images )\n\nAhead of an expected larger wave of home-grown infections that German authorities are preparing for, a first group of six Italian patients arrived at Leipzig airport in the eastern state of Saxony on Tuesday morning.\n\nThe western state of North Rhine-Westphalia also announced plans to take 10 Italian patients over coming days. \u201cWe need solidarity across borders in Europe,\u201d said state premier Armin Laschet. \u201cWe want to preserve the European spirit.\u201d\n\nSaxony premier Michael Kretschmer said the government in Italy, where confirmed cases of the virus have topped 64,000 and deaths risen above 6,000, had asked for help. Germany was the first country to take in Italian patients.\n\nLeipzig\u2019s university hospital took two of the transported patients, a spokesman said, both critically ill 57-year-old men moved from intensive care in Bergamo, at the epicentre of Italy\u2019s outbreak and where overburdened wards are having to choose who to give life-saving ventilator treatment to.\n\nA benefit to Germany from the transfers is that its hospitals will gain valuable further experience in treating coronavirus patients before the country\u2019s tally of serious cases soars.\n\nGermany has 27,000 confirmed coronavirus cases but only 114 deaths, and is using the time before the expected surge to strengthen its intensive-care capacity.\n\nThe government is offering hospitals huge state subsidies to help accelerate plans to double that capacity, currently at around 28,000 beds.\n\nGermany has also been more rigorous than some other EU countries in testing for coronavirus, one possible factor behind the country\u2019s exceptionally low mortality rate.\n\nIn Italy, where an ageing population is a key factor in the apparently unusually high mortality statistics, the head of the agency collating data on the epidemic told La Repubblica newspaper that he believed as many as 640,000 people could have been infected.\n\nGerman hospitals also took in coronavirus patients from France on Tuesday.\n\n\u201cWe have still three, five, seven days because we are before the (bigger) wave,\u201d Hartmut Bueckle, a spokesman for the university clinic in Freiburg, close to the French border, told Welt TV. \u201cWe want to use this time to offer our French neighbours the possibilities we still have for now.\u201d\n\nThomas Kirschning, a senior doctor and intensive care coordinator in the western city of Mannheim, said his clinic had taken a recovering 64-year-old French patient from Colmar, where the intensive care capacity is stretched to breaking point.\n\n\u201cColleagues in France are overburdened at the moment,\u201d Kirschning told Reuters in a television interview.\n\n\u201cAt a time when our neighbours urgently need help, we would like to do our part...as an act of cooperation and humanity to take on the patients and help them,\u201d he said.",
    "title": "Germany treats first Italians as coronavirus care crosses borders",
    "top-image": "https://static.reuters.com/resources/r/?m=02&d=20200325&t=2&i=1507766091&r=LYNXMPEG2N2BO&w=800",
    "df_date": 20200324,
    "source": "in.reuters.com",
    "label": "reliable"
}