{
    "url": "https://www.reuters.com/article/health-coronavirus-insurers-idUSL1N2BH1QD",
    "uid": "1637752277.1994686.-article-health-coronavirus-insurers-idusl1n2bh1qd",
    "images": [
        "https://s1.reutersmedia.net/resources_v2/images/rcom-default.png?w=800"
    ],
    "publication-date": "2020-03-24",
    "text": "March 24 (Reuters) - A Native American tribe on Tuesday sued a group of insurance companies, asking a court to declare that losses it is incurring from shutting down its casinos during the coronavirus pandemic are covered by its business insurance.\n\nThe suit by the Chicksaw Nation in an Oklahoma state court names insurance marketplace Lloyd\u2019s of London, as well as units of American International Group Inc and AXA XL, among others.\n\nThe Chicksaw Nation is among a number of Oklahoma tribes that have temporarily shut down casinos they own in order to curb the spread of the disease.\n\nAt issue is a type of commercial insurance that covers businesses for income lost due to property damage. Lawyers for both insurers and policyholders anticipate a wave of litigation over whether various insurance policies for so-called \u201cbusiness interruption\u201d will cover coronavirus-related shutdowns.\n\nThe Native American gaming industry on March 17 requested $18 billion in U.S. federal aid as it shut casinos that are the sole source of commercial revenue for dozens of tribes in a bid to slow the spread of the new coronavirus. {L1N2BA2PQ]\n\nRepresentatives for Lloyd\u2019s and AXA XL declined comment. An AIG spokesman could not be immediately reached for comment. (Reporting by Suzanne Barlyn; Editing by Bernadette Baum)",
    "title": "Native American casino owner sues Lloyd's, AIG over coronavirus shutdown losses",
    "top-image": "https://s1.reutersmedia.net/resources_v2/images/rcom-default.png?w=800",
    "df_date": 20200324,
    "source": "www.reuters.com",
    "label": "reliable"
}