{
    "url": "https://abcnews.go.com/US/coronavirus-crisis-moment-andrew-cuomo-prepared-life/story?id=69773592",
    "uid": "1637752276.549342.-us-coronavirus-crisis-moment-andrew-cuomo-prepared-life-story",
    "images": [
        "data:image/gif;base64,R0lGODlhAQABAIAAAAAAAP///yH5BAEAAAAALAAAAAABAAEAAAIBRAA7",
        "https://s.abcnews.com/images/US/cuomo-ap-aa-200324_hpMain_16x9_992.jpg"
    ],
    "publication-date": null,
    "text": "With the coronavirus pandemic bearing down on New York state last week, Gov. Andrew Cuomo announced bluntly that he would order all people to stay home unless they work in essential operations -- like health care, food supply or police and fire services. \"I take full responsibility,\u201d Cuomo said in the ornate Red Room at the New York State Capitol in Albany. \u201cBlame me.\u201d\n\nThe measure was \"drastic,\" as Cuomo said. It was also unprecedented in the face of a public health crisis unmatched in at least a century. And it came from a man who has been preparing for this moment his entire life.\n\nCuomo, 62, likes to remind people he\u2019s a son of Queens and of New York City. He talks frequently about his mother, Matilda, and has been invoking her as one of the Americans at grave risk from coronavirus because she is elderly.\n\nBut what Cuomo really is, is the son of his father, the late former New York Gov. Mario Cuomo. And he is the heir to Mario Cuomo\u2019s expansive view of the authority of the Empire State\u2019s governorship -- and more than that, the nature and need for big, broad, sweeping government.\n\n\"Many elected officials don\u2019t understand government and don\u2019t want to understand government,\" said Gerald Benjamin, a longtime political science professor at SUNY New Paltz who has studied the Cuomo family since Mario Cuomo was a rising star in state politics in the '70s.\n\nAndrew Cuomo, \"knows how things work,\" Benjamin said. \"He\u2019s tough, he doesn\u2019t suffer differences gladly. He doesn\u2019t brook opposition gladly. But he\u2019s very good in crisis. He believes that he knows what he\u2019s doing, and he\u2019s in control.\"\n\nFirst elected in 2010, the younger Cuomo has been a line prosecutor, a housing advocate, the New York state attorney general and federal housing secretary. Now in his third term at the executive mansion in Albany, he has matched his father\u2019s record of three terms and is widely expected to seek a fourth four-year term in 2022.\n\nAs he receives plaudits for his work during the coronavirus outbreak and other emergencies, critics are quick to remind people of Andrew\u2019s flaws. His close family friend and loyal aide, Joseph Percoco, was convicted of corruption two years ago. And there is no shortage of controversies and battles that dot his long political history. The governor, himself, has made it clear that he relishes a fight and is slow to forget even the smallest of slights.\n\nHowever, some of those controversies provide a window into understanding the Andrew Cuomo on whom the nation is now focused, observers say, as was the case when Cuomo first ran for governor in the wake of 9/11.\n\nWhat to know about coronavirus:\n\nHow it started and how to protect yourself: Coronavirus explained\n\nWhat to do if you have symptoms: Coronavirus symptoms\n\nTracking the spread in the U.S. and worldwide: Coronavirus map\n\nOnly a few months after terrorists destroyed the World Trade Center and part of the Pentagon, Cuomo criticized the then-governor, George Pataki, for not leading appropriately in the face of that crisis.\n\n''He stood behind the leader,'' Cuomo said at the time, referring to the dynamic between Pataki and then-New York City Mayor Rudy Giuliani as the man in charge. Pataki ''held the leader's coat. He was a great assistant to the leader. But he was not a leader.\"\n\n\"That was it. That was telling. To him, Pataki was carrying Giuliani\u2019s coat. That is not Andrew\u2019s way,\" Benjamin said.\n\nAndrew\u2019s father, Mario, served as governor from 1983 to 1994, taking over leadership during a period when -- led by President Ronald Reagan -- government and public services were being reined in throughout the country. The elder Cuomo famously positioned himself as a counterpoint to Reagan, the champion of the conservative renaissance in America.\n\nMario Cuomo, known for his willingness to talk about political and religious philosophy coupled with considerable oratorical skill, was also notorious for getting his hands dirty deep inside the functions of state government by going directly to ground-level staffers and bypassing their bosses.\n\nA constitutional scholar and law professor, Mario Cuomo viewed the New York governorship as one of the nation\u2019s most powerful perches -- both through its official legal configuration and because of the Empire State\u2019s status as a leader among the states since the dawn of the republic. He also made the conscious decision to invigorate the office with energy as the state and nation emerged from economic down times.\n\nTune into ABC at 1 p.m. ET and ABC News Live at 4 p.m. ET every weekday for special coverage of the novel coronavirus with the full ABC News team, including the latest news, context and analysis.\n\nThen in his 20s, Andrew Cuomo was first his father\u2019s campaign manager and then, once Mario was sworn in, served as a special assistant to his father. The pair also were roommates.\n\nIt was during that time, Andrew Cuomo earned a reputation as his father's \"enforcer\" in Albany. The stories are legion: if Mario Cuomo was angry, Andrew Cuomo meted out the punishment. But it was also the time when younger Cuomo became steeped in his father\u2019s worldview of political authority and the power and importance of the governorship, especially when people need leadership.\n\n\"It\u2019s a government philosophy,\" said Howard Glaser, a longtime friend and aide to Andrew Cuomo who served in the key role of director of New York state operations. \"It\u2019s a little out of step since Ronald Reagan, when people narrowed their view of what government is. But in a crisis, all of that gets turned on its head.\"\n\nGlaser said he\u2019s now sitting at home \"watching other governors grapple with this. It takes them a while. But with Andrew, it\u2019s not only his skills and experience, it\u2019s the philosophical mindset.\"\n\nPlus, Glaser said, Andrew Cuomo\u2019s understanding of his job as governor was not shaped only by Mario Cuomo but by the legacies of the people who served before him.\n\n\"Right outside his office is hanging portraits of FDR and Teddy Roosevelt, Grover Cleveland,\" Glaser said of the political pantheon that is the Hall of Governors at the state Capitol.\n\nThough he usually acts with all the charm and warmth of a rusty nail going through the bottom of your foot, Andrew Cuomo has limited his direct criticism of President Trump and others in the COVID-19 crisis while letting his actions and statements speak for themselves.\n\n\"I\u2019m normally accused of being overly blunt and direct,\" he said during one appearance last week. \"And I take that. It\u2019s true.\"\n\nCuomo also has compared his own impatience with his father\u2019s -- a quiet reminder to aides of the times when he himself would call directly to talk to case workers in state agencies or paving crews handling road repairs too slowly for his liking.\n\nWell aware that he is perceived as too tough and not particularly user friendly, Monday morning, Cuomo told reporters that his decisions in the face of the coronavirus would define his future.\n\n\"I\u2019m sure there will be political consequences. I know people are very angry about it,\" Cuomo said of his decision to shut down New York state and order people to stay home. \"I had a gentlemen tell me 'there\u2019s no way the state will ever re-elect you.'\"\n\n\"Frankly,\" Cuomo said. \"I don\u2019t care about that.\"",
    "title": "The coronavirus crisis is the moment Andrew Cuomo has prepared for all his life",
    "top-image": "https://s.abcnews.com/images/US/cuomo-ap-aa-200324_hpMain_16x9_992.jpg",
    "df_date": 20200324,
    "source": "abcnews.go.com",
    "label": "reliable"
}