{
    "url": "https://www.nbcnews.com/health/health-news/live-blog/millions-more-ordered-stay-home-coronavirus-cases-grow-n1167336/ncrd1167791",
    "uid": "1637752273.1863065.-health-health-news-live-blog-millions-more-ordered-stay-home-coronavirus-cases-grow-n1167336-ncrd11",
    "images": [
        "https://media-cldnry.s-nbcnews.com/image/upload/t_focal-760x428,f_auto,q_auto:best/MSNBC/Components/Video/202003/n_msnbc_brk_fl_gov_mandate_nyc_200324_1585072421423.jpg",
        "https://media-cldnry.s-nbcnews.com/image/upload/t_fit-760w,f_auto,q_auto:best/newscms/2020_13/3282101/200324-coronavirus-test-new-york-ew-151p.jpg",
        "https://media-cldnry.s-nbcnews.com/image/upload/t_focal-760x428,f_auto,q_auto:best/MSNBC/Components/Video/202003/hazmat_putin.jpg",
        "https://media-cldnry.s-nbcnews.com/image/upload/t_nbcnews-fp-1200-630,f_auto,q_auto:best/newscms/2020_12/3276716/200322-coronavirus-live-blog-social-only.jpg"
    ],
    "publication-date": "2020-03-24",
    "text": "The number of coronavirus cases continued to accelerate in the United States on Tuesday, and early Wednesday Senate leaders announced they had reached a deal on a massive $2 trillion spending bill aimed at alleviating the economic impact of the outbreak.\n\nThe White House coronavirus coordinator asked people who have recently been in New York, where the death toll continues to climb, to quarantine themselves for 14 days, because they may have been exposed before leaving.\n\nPresident Donald Trump is pushing for the country to get back to business by April 12, Easter Sunday, when he said he would like to see churches full of people.\n\nAnd after growing international pressure, Japan and the International Olympic Committee agreed to postpone the 2020 Tokyo games until next year but said they would happen no later than summer 2021.\n\nFull coverage of the coronavirus outbreak\n\nDownload the NBC News app for latest updates on the coronavirus outbreak.\n\nThis live coverage has ended. Continue reading March 25 Coronavirus news.",
    "title": "Coronavirus cases surpass 50,000 in the U.S.",
    "top-image": "https://media-cldnry.s-nbcnews.com/image/upload/t_nbcnews-fp-1200-630,f_auto,q_auto:best/newscms/2020_12/3276716/200322-coronavirus-live-blog-social-only.jpg",
    "df_date": 20200324,
    "source": "www.nbcnews.com",
    "label": "reliable"
}