{
    "url": "https://www.reuters.com/article/health-coronavirus-bulgaria-roma-idUSL8N2BH7F3",
    "uid": "1637752275.9084883.-article-health-coronavirus-bulgaria-roma-idusl8n2bh7f3",
    "images": [
        "https://s1.reutersmedia.net/resources_v2/images/rcom-default.png?w=800"
    ],
    "publication-date": "2020-03-24",
    "text": "SOFIA (Reuters) - Authorities in the Bulgarian city of Sliven have set up police checkpoints around the Roma neighborhood, as the government considers tougher measures for a community it says has flaunted rules designed to slow the spread of the coronavirus.\n\nFor Georgi Borissov, a 30-year-old father of three who lives there, the steps to limit the movement of large numbers of people in and out of the enclaves are discriminatory against Roma people like himself.\n\n\u201cThere is a problem in this country, the whole country,\u201d he said, referring to the coronavirus outbreak that has swept across Europe in recent weeks.\n\n\u201cAnd then again they say \u2018it is the Roma\u2019,\u201d he told Reuters, speaking by telephone from Sliven, a picturesque town of 90,000 people some 300 km (186 miles) east of the capital Sofia.\n\nLike other countries in Europe, Bulgaria has introduced strict curbs on travel between cities and abroad and closed schools and restaurants.\n\nOn Friday, parliament voted to allow the military to help enforce measures designed to contain the coronavirus outbreak.\n\nBut in Sliven, as well as Nova Zagora, Kazanlak and Roman, authorities have gone further by cordoning off Roma areas within city limits, sometimes erecting makeshift walls to block roads.\n\nBulgarian officials have said the Roma, Europe\u2019s biggest ethnic minority which rights groups say often suffers prejudice and social exclusion, are not following social distancing rules, justifying the extra measures.\n\nThe interior ministry has said police would be ready to take yet tougher steps against Roma citizens.\n\n\u201cI would say that coercion is needed in certain situations there, because we are obliged to protect the rest of the population,\u201d Interior Minister Mladen Marinov told NOVA TV, referring to Fakulteta, the biggest Roma area in Sofia.\n\n\u2018GHETTOS\u2019\n\nA senior member of the nationalist VMRO party, a junior government coalition partner, has urged authorities to \u201cclose the ghettos everywhere.\u201d\n\n\u201cWhat if the ghettos turn out to be the real nests of contagion?\u201d Angel Dzhambazki, member of the European Parliament and deputy leader of VMRO said in a statement.\n\nHe referred to poor living conditions in Roma neighborhoods that made it harder to maintain high levels of hygiene, and said some Roma living there had returned from Spain and Italy - two countries badly hit by the coronavirus.\n\nSo far 218 Bulgarians have tested positive for the virus, and three people have died.\n\nAccording to the 2011 census, 325,000 Roma people live in Bulgaria, a country of 7 million. The European Commission estimates there are more than twice that number, or about 750,000 people.\n\nSome Roma say local policies stem from prejudice.\n\n\u201cWhy are they closing only our neighborhoods? Why are they not closing others?\u201d said 60-year-old Fidanka Kirilova, who lives in Fakulteta, where more than 45,000 live. Fakulteta itself has not been cordoned off.\n\nThe mayor of Nova Zagora said special measures were a necessity.\n\n\u201cResidents were moving around in large numbers within the town after the (mass gathering) ban was introduced,\u201d Nikolay Grozev told the bTV broadcaster.\n\nStela Kostova, head of the Sliven-based Roma Academy of Culture and Education, a non-governmental group working on integration projects for the Roma, said the community would feel the effects of the lockdown hard.\n\n\u201cThere are people who make a living from collecting bottles and other objects from garbage cans,\u201d she said. \u201cNow they are not allowed to do that.\u201d",
    "title": "Bulgaria's Roma say some coronavirus measures are discriminatory",
    "top-image": "https://s1.reutersmedia.net/resources_v2/images/rcom-default.png?w=800",
    "df_date": 20200324,
    "source": "www.reuters.com",
    "label": "reliable"
}