{
    "url": "https://in.reuters.com/article/health-coronavirus-thailand/thailand-reports-three-new-coronavirus-cases-no-new-deaths-idINKBN22J0I9",
    "uid": "1637753437.8042202.-article-health-coronavirus-thailand-thailand-reports-three-new-coronavirus-cases-no-new-deaths-idin",
    "images": [
        "https://static.reuters.com/resources/r/?m=02&d=20200507&t=2&i=1517750610&r=LYNXMPEG4608U&w=800"
    ],
    "publication-date": "2020-05-07",
    "text": "A Buddhist monk passes his time at an almost empty temple which used to be crowded on the Vesak Day also known as Buddha Day during the coronavirus disease (COVID-19) outbreak in Bangkok, Thailand May 6, 2020. REUTERS/Soe Zeya Tun\n\nBANGKOK (Reuters) - Thailand plans to expand coronavirus testing for critical groups as the number of new cases is dwindling into single digits and some business are reopening, a senior official said on Thursday.\n\nThe government aims to reach a total of 400,000 tests from the current level of around 230,000, said Taweesin Wisanuyothin, a spokesman for the government\u2019s Centre for COVID-19 Situation Administration.\n\n\u201cThis is about 6,000 tests for every million individual ... and considered a moderate amount globally,\u201d Taweesin said.\n\nThailand has a population of about 66.5 million and has recorded 2,992 infections since January, with a total of 55 deaths.\n\nThe criteria for testing will be expanded to include flu-like symptoms without a fever or the loss of the sense of smell, which will account for 85,000 new tests, he said.\n\nThere will also be additional testing for high-risk professions such as medical personnel, screening authorities, migrant workers, public transportation drivers and delivery workers - but not widespread random testing in the population.\n\n\u201cThe theory of casting a wide net will not work, but this approach is effective,\u201d Taweesin said.\n\nThe number of new cases in Thailand has been declining since April and authorities have said they will consider a second phase for easing of restrictions such as re-opening of businesses next week after allowing smaller businesses to open earlier this month.",
    "title": "Thailand to expand coronavirus testing as new cases dwindle",
    "top-image": "https://static.reuters.com/resources/r/?m=02&d=20200507&t=2&i=1517750610&r=LYNXMPEG4608U&w=800",
    "df_date": 20200507,
    "source": "in.reuters.com",
    "label": "reliable"
}