{
    "url": "https://www.cnn.com/world/live-news/coronavirus-pandemic-05-07-20-intl/",
    "uid": "1637753433.6980803.-world-live-news-coronavirus-pandemic-05-07-20-intl-",
    "images": [
        "https://dynaimage.cdn.cnn.com/cnn/digital-images/org/5ed17b0e-cf70-4e86-bcc8-77f07c7b2d34.jpg",
        "https://dynaimage.cdn.cnn.com/cnn/digital-images/org/bc7b88ea-44f5-43ee-ad32-a78a1f9620f8.jpg",
        "https://cdn.cnn.com/cnnnext/dam/assets/200213175739-03-coronavirus-0213-super-tease.jpg",
        "https://dynaimage.cdn.cnn.com/cnn/digital-images/org/5784fbe0-8554-4986-8a9e-91fb6c26e5d1.jpg"
    ],
    "publication-date": "2020-05-07",
    "text": "Former US Vice President Al Gore said that President Donald Trump and his administration have failed to properly handle the Covid-19 pandemic.\n\n\"He has failed as president. Particularly on this challenge. The warnings were ignored,\" Gore said during CNN's global town hall.\n\nGore said when he was vice president, he began every day with a report from the intelligence community and:\n\n\"There were very few occasions where there was a stark warning about grave danger to the country, and whenever there was such an occasion, we stopped and said hold the show. Get the FBI, get the CIA, get whoever was involved over, we need to learn about this,\" Gore explained.\n\nGore said he believes Trump both missed the warnings and \"failed to mobilize the resources of the federal government to straighten out this testing catastrophe, to get swabs, and the so-called re-agents they need to do the tests, and the gowns, and masks, and all of the other stuff.\"\n\nReopening too soon: Gore also said he's concerned the country is not ready to reopen.\n\n\"I think we are seeing the start of a botched reopening,\" he said.\n\nTrump, Gore said, \"may be recklessly rolling the dice hoping that he can goose the economy just enough in the third quarter of this year to enhance his reelection prospects, hoping that he can divert the blame for the extra tens of thousands of Americans who the doctors tell us will die as a result of this, and blame it on the Chinese or former President Obama or whoever, instead of doing what a president needs to do.\"\n\nWatch:",
    "title": "May 7, 2020 coronavirus news",
    "top-image": "https://cdn.cnn.com/cnnnext/dam/assets/200213175739-03-coronavirus-0213-super-tease.jpg",
    "df_date": 20200507,
    "source": "www.cnn.com",
    "label": "reliable"
}