{
    "url": "https://www.nytimes.com/2020/05/07/us/new-york-city-coronavirus-outbreak.html",
    "uid": "1637753447.117679.-2020-05-07-us-new-york-city-coronavirus-outbreak-html",
    "images": [
        "data:image/gif;base64,R0lGODlhCgAKAIAAAB8fHwAAACH5BAEAAAAALAAAAAAKAAoAAAIIhI+py+0PYysAOw==",
        "https://static01.nyt.com/images/2020/05/06/us/2020-05-06-nyc-virus-hub-chart-promo-1588808590076/2020-05-06-nyc-virus-hub-chart-promo-1588808590076-facebookJumbo-v3.png?year=2020&h=550&w=1050&s=534e7ae7092030732eb06828da1de81ff73409a0d665f7bf39f24ca362a05685&k=ZQJBKqZ0VN",
        "https://static01.nyt.com/images/2018/02/16/multimedia/author-james-glanz/author-james-glanz-thumbLarge.jpg",
        "https://static01.nyt.com/images/2018/02/16/multimedia/author-benedict-carey/author-benedict-carey-thumbLarge.jpg",
        "https://static01.nyt.com/images/2020/03/01/nyregion/07virus-nyc-hub-pix2/merlin_169794105_27491074-3827-4adb-b815-b8076493df46-articleLarge.jpg?quality=75&auto=webp&disable=upscale"
    ],
    "publication-date": "2020-05-07",
    "text": "New York City\u2019s coronavirus outbreak grew so large by early March that the city became the primary source of new infections in the United States, new research reveals, as thousands of infected people traveled from the city and seeded outbreaks around the country.\n\nThe research indicates that a wave of infections swept from New York City through much of the country before the city began setting social distancing limits to stop the growth. That helped to fuel outbreaks in Louisiana, Texas, Arizona and as far away as the West Coast.\n\nThe findings are drawn from geneticists\u2019 tracking signature mutations of the virus, travel histories of infected people and models of the outbreak by infectious disease experts.",
    "title": "Travel From New York City Seeded Wave of U.S. Outbreaks",
    "top-image": "https://static01.nyt.com/images/2020/05/06/us/2020-05-06-nyc-virus-hub-chart-promo-1588808590076/2020-05-06-nyc-virus-hub-chart-promo-1588808590076-facebookJumbo-v3.png?year=2020&h=550&w=1050&s=534e7ae7092030732eb06828da1de81ff73409a0d665f7bf39f24ca362a05685&k=ZQJBKqZ0VN",
    "df_date": 20200507,
    "source": "www.nytimes.com",
    "label": "reliable"
}