{
    "url": "https://www.nbcnews.com/news/us-news/illinois-church-pastor-defies-state-over-coronavirus-rules-i-don-n1202056",
    "uid": "1637753507.8642478.-news-us-news-illinois-church-pastor-defies-state-over-coronavirus-rules-i-don-n1202056",
    "images": [
        "https://media-cldnry.s-nbcnews.com/image/upload/t_nbcnews-fp-1200-630,f_auto,q_auto:best/newscms/2020_19/3340921/200507-beloved-church-lena-illinois-ew-138p.jpg"
    ],
    "publication-date": "2020-05-07",
    "text": "A pastor in rural Illinois who has defied the state order against large gatherings during the coronavirus crisis says Gov. J.B. Pritzker is not going to stop him from preaching this Sunday.\n\n\u201cI will be in the pulpit preaching my heart out on Mother\u2019s Day,\u201d Stephen Cassell told NBC News.\n\nBut Cassell declined to specify whether his flock would be in the sanctuary of the Beloved Church in the tiny farm village of Lena like they were last Sunday. He said they got bomb and death threats after the church reopened for the first time since March 31. He said they held online services in the interim.\n\n\u201cI don\u2019t believe there is such a thing as an online church,\u201d Cassell said. \u201cThe definition of a church is a gathering. We had to forgo one of the core values of what we are.\u201d\n\nThe Beloved Church in Lena, Ill. Courtesy Stephen Cassell\n\nBut Cassell suffered a setback last weekend when U.S. District Judge John Z. Lee rejected a bid for a temporary restraining order filed on behalf of the church by the Chicago-based Thomas More Society and upheld Pritzker\u2019s stay-at-home order as constitutional.\n\nIn his ruling, Lee noted that limiting gatherings to 10 people or going online are \u201cimperfect substitutes for an in-person service where all eighty members of Beloved Church can stand together, side-by-side, to sing, pray, and engage in communal fellowship.\u201d\n\n\u201cStill, given the continuing threat posed by COVID-19, the Order preserves relatively robust avenues for praise, prayer and fellowship and passes constitutional muster,\u201d the judge wrote.\n\nLee also noted that Cassell\u2019s church held services on Facebook Live and via YouTube after it was hit with a cease-and-desist order on March 31 by the Stephenson County Department of Health. The judge urged the church to take comfort in Matthew 18:20.\n\n\u201cFor where two or three come together in my name, there am I with them,\u201d the scripture says.\n\nCassell said the only reason they went online was to avoid fines and to hunt for a lawyer who will help them take this battle to the Supreme Court if necessary. He said their federal lawsuit prompted Pritzker to amend his April 30 order to declare churchgoing an essential activity, a fact Lee also noted in his ruling.\n\n\u201cHow do you baptize somebody in water on Zoom?\u201d he said.\n\nOfficers from the Lena Police Department were counting heads at the church last Sunday but did not intervene when the number exceeded the 10-person limit. And they will be back again this Sunday.\n\n\u201cThe Lena Police Department will be documenting what is happening at the church, but there has been no determination about who would be enforcing the social distancing rules,\u201d said Lena Town Attorney Dominick Lanzito.\n\nNBC News has reached out to Pritzker\u2019s office to see what steps they might take if Cassell again flouts the coronavirus order.\n\nCassell insisted he was not endangering his congregation. \u201cCommunicable diseases are older than our nation,\u201d he said.\n\nPressed to explain, Cassell said, \u201cNo. 1, we are trusting people with their personal liberty.\u201d\n\n\u201cSecond, we provide a mask for every person who arrives at the church without one,\u201d he said. \u201cAlso, there is an organic social distancing that takes place in church. I will guarantee you that our church is safer than the gas station or the liquor store in town where 30 people are lined up and not wearing masks.\u201d\n\nIn addition, Cassell said, \u201cthere is plenty of room in our church for folks to spread around and be safe.\u201d\n\nThe church has two levels, with a balcony area overlooking the sanctuary and a multipurpose room where worshippers can follow the service on a TV screen.\n\nThis is not the only church-state legal battle that is being waged during the pandemic.\n\nA Virginia church filed a federal lawsuit against Gov. Ralph Northam\u2019s social distancing order after its pastor was slapped with a summons for holding a 16-person service in early April. The Justice Department has filed court papers in support of the Lighthouse Fellowship Church in rural Chincoteague.\n\nThe best-known case involved a Florida mega-church whose pastor was arrested after he led a Sunday service at his sanctuary in defiance of a county stay-at-home coronavirus order. The pastor, Rodney Howard-Browne, threatened to sue but wound up caving after he was dropped by his insurance company.\n\nIt remains unclear who insured The River at Tampa Bay, but one of the biggest insurers of houses of worship in the U.S. is Church Mutual Insurance in Wisconsin.\n\n\u201cWe have not cancelled or non-renewed any policyholder for failing to comply with social-distancing orders,\u201d company spokeswoman Jennifer Johnson said. \u201cWe have advised all our policy holders they should abide by the local rules and regulations.\u201d",
    "title": "Illinois church pastor defies state over coronavirus rules",
    "top-image": "https://media-cldnry.s-nbcnews.com/image/upload/t_nbcnews-fp-1200-630,f_auto,q_auto:best/newscms/2020_19/3340921/200507-beloved-church-lena-illinois-ew-138p.jpg",
    "df_date": 20200507,
    "source": "www.nbcnews.com",
    "label": "reliable"
}