{
    "url": "https://www.nytimes.com/interactive/2020/05/07/us/coronavirus-states-reopen-criteria.html",
    "uid": "1637753443.7775137.-interactive-2020-05-07-us-coronavirus-states-reopen-criteria-html",
    "images": [
        "https://static01.nyt.com/newsgraphics/2020/05/05/reopening-criteria/7f87912160b1d7f83367d350a6f6a66acb3fb2b0/icon.svg",
        "https://static01.nyt.com/packages/flash/multimedia/ICONS/transparent.png",
        "https://static01.nyt.com/images/2020/05/07/us/coronavirus-states-reopen-criteria-promo-1588830826006/coronavirus-states-reopen-criteria-promo-1588830826006-facebookJumbo-v3.jpg?year=2020&h=549&w=1050&s=9a241132850d23c17fc5c42e9be5d796339948e7ab7bda62bb775954a0bb12f1&k=ZQJBKqZ0VN",
        "https://static01.nyt.com/newsgraphics/2020/05/05/reopening-criteria/7f87912160b1d7f83367d350a6f6a66acb3fb2b0/top-art.png"
    ],
    "publication-date": "2020-05-07",
    "text": "More than half of U.S. states have begun to reopen their economies or plan to do so soon. But most fail to meet criteria recommended by the Trump administration to resume business and social activities.\n\nThe White House\u2019s guidelines are nonbinding and ultimately leave states\u2019 fates to governors. The criteria suggest that states should have a \u201cdownward trajectory\u201d of either documented coronavirus cases or of the percentage of positive tests. Public health experts expressed criticism because \u201cdownward trajectory\u201d was not defined and the metrics do not specify a threshold for case numbers or positive rates.\n\nStill, most states that are reopening fail to adhere to even those recommendations: In more than half of states easing restrictions, case counts are trending upward, positive test results are rising, or both, raising concerns among public health experts.\n\nStates that have begun to reopen or plan to soon AK AL AR AZ CA CO CT DE FL GA HI IA ID IL IN KS KY LA MA MD ME MI MN MO MS MT NC ND NE NH NJ NM NV NY OH OK OR PA RI SC SD TN TX UT VA VT WA WI WV WY After weeks of shutdowns, 30 states have started or will soon begin to return to work and some parts of public life. Most of these states are reopening with more new cases or a higher share of positive tests than two weeks ago. The White House said states should have a \u201cdownward trajectory\u201d of cases over a 14-day period before reopening. But most of the states reopening have actually had an increase of daily average cases in the past two weeks. If a state has not had a decrease in cases, the White House said it could still reopen if its share of positive coronavirus tests was lower than it was 14 days before. These states have a higher average share of positive test results than two weeks prior. If testing decreases though, positive results can decrease along with it. To follow the White House guidance, a state with a decreasing number of positive results should also have steady or increased testing. In South Dakota and Utah, reported testing has declined.\n\nThe White House\u2019s guidance also indicated that before reopening, states should see a decline in the number of patients with symptoms consistent with the coronavirus and resume normal hospital capacities, but the general guidelines lacked specifics on how to measure the recommendations.\n\nIn recent weeks, public health experts have released estimates on the number of tests needed before a state can reopen safely, as well as its rate of positive results. Many states fail to meet that criteria as well.\n\n\u201cWith so many places opening up before we see indicators of meaningful, sustained transmission declines, there is substantial risk of resurgence,\u201d said Kimberly Powers, an infectious disease epidemiologist at the University of North Carolina at Chapel Hill.",
    "title": "Most States That Are Reopening Fail to Meet White House Guidelines",
    "top-image": "https://static01.nyt.com/images/2020/05/07/us/coronavirus-states-reopen-criteria-promo-1588830826006/coronavirus-states-reopen-criteria-promo-1588830826006-facebookJumbo-v3.jpg?year=2020&h=549&w=1050&s=9a241132850d23c17fc5c42e9be5d796339948e7ab7bda62bb775954a0bb12f1&k=ZQJBKqZ0VN",
    "df_date": 20200507,
    "source": "www.nytimes.com",
    "label": "reliable"
}