{
    "url": "https://nypost.com/2020/05/07/travelers-from-nyc-spread-coronavirus-around-us-scientists/",
    "uid": "1637753547.5557978.-2020-05-07-travelers-from-nyc-spread-coronavirus-around-us-scientists-",
    "images": [
        "https://nypost.com/wp-content/uploads/sites/2/2021/11/Christian-marriage-rules.jpg?quality=90&strip=all&w=260",
        "https://nypost.com/wp-content/uploads/sites/2/2020/04/nyc-masks.jpg?quality=90&strip=all&w=389",
        "https://nypost.com/wp-content/mu-plugins/vip-helpers/images/vip-powered-dark-small.png",
        "https://nypost.com/wp-content/uploads/sites/2/2020/05/times-square-1.jpg?quality=90&strip=all&w=1024",
        "//googleads.g.doubleclick.net/pagead/viewthroughconversion/988380111/?value=0&guid=ON&script=0",
        "https://nypost.com/wp-content/uploads/sites/2/2021/11/uber-date-1.jpg?quality=90&strip=all&w=260",
        "https://nypost.com/wp-content/uploads/sites/2/2021/11/saks_light_show_wp-thumb.jpg?quality=90&strip=all&w=1024",
        "https://nypost.com/wp-content/uploads/sites/2/2020/05/times-square-1.jpg?quality=90&strip=all&w=744",
        "https://nypost.com/wp-content/uploads/sites/2/2021/11/trump-rittenhouse2-1.jpg?quality=90&strip=all&w=260",
        "https://nypost.com/wp-content/mu-plugins/jetpack-9.8/modules/sharedaddy/images/loading.gif",
        "https://nypost.com/wp-content/uploads/sites/2/2021/11/biden-kitchen-comp.jpg?quality=90&strip=all&w=260",
        "https://sb.scorecardresearch.com/p?c1=2&c2=6390601&cj=1&cv=3.6"
    ],
    "publication-date": "2020-05-07",
    "text": "Sign up for our special edition newsletter to get a daily update on the coronavirus pandemic.\n\nNew research shows that the Big Apple\u2019s coronavirus outbreak fueled infections around the United States \u2014 as thousand of people traveled in and out of the city in late February and early March, according to a report.\n\nA wave of infections swept from New York City to Louisiana, Texas, Arizona and as far away as the West Coast, before state and city leaders set restrictions to curb the outbreak, The New York Times reported Thursday.\n\n\u201cWe now have enough data to feel pretty confident that New York was the primary gateway for the rest of the country,\u201d Nathan Grubaugh, an epidemiologist at the Yale School of Public Health, told The Times.\n\nGeneticists analyzed more than 2,000 samples from infected people across the country, tracing a mutation of the virus back to New York.\n\nThe travel histories of patients and models of the outbreak by infectious disease experts also support the idea that New York fueled outbreaks in other states.\n\n\u201cNew York acted as the Grand Central Station for this virus, with the opportunity to move from there in so many directions, to so many places,\u201d David Engelthaler, head of the infectious disease branch of the Translational Genomics Research Institute in Arizona, told the paper.\n\nInaction by New York\u2019s political leaders during crucial weeks in early March helped the virus get a head start in its spread, the researchers said.\n\nAnd the city\u2019s case count partly swelled due to the ongoing influx of international visitors, especially from Europe.\n\nMost of the viruses tied to New York had a distinct genetic signature linking them to outbreaks in Europe, while those in Washington State were linked to China, scientists said.\n\nBy mid-March, when President Trump limited travel from Europe, the virus was already seeded around the nation, the research suggests.\n\n\u201cIt means that we missed the boat early on, and the vast majority in this country is coming from domestic spread,\u201d said Kristian Andersen, a professor in the department of immunology and microbiology at Scripps Research.\n\n\u201cI keep hearing that it\u2019s somebody else\u2019s fault. That\u2019s not true. It\u2019s not somebody else\u2019s fault, it\u2019s our own fault.\u201d\n\nThe report found that a lack of testing hid the enormous growth of New York\u2019s outbreak, meaning that for months officials acted on partial and faulty information.\n\nA White House spokesman said Trump acted quickly, restricting flights from China and then blocking most travel from Europe more than a month later on March 13 \u2014 \u201can action he took decisively without delay to save lives while Democrats and the media criticized him and the global health community still did not fully comprehend the level of transmission or spread.\u201d",
    "title": "Travelers from NYC spread coronavirus around US, scientists say",
    "top-image": "https://nypost.com/wp-content/uploads/sites/2/2020/05/times-square-1.jpg?quality=90&strip=all&w=1024",
    "df_date": 20200507,
    "source": "nypost.com",
    "label": "reliable"
}