{
    "url": "https://in.reuters.com/article/health-coronavirus-spain/spain-steps-gingerly-towards-normality-but-madrid-and-barcelona-may-lag-idINKBN22J2FH",
    "uid": "1637753486.040273.-article-health-coronavirus-spain-spain-steps-gingerly-towards-normality-but-madrid-and-barcelona-ma",
    "images": [
        "https://static.reuters.com/resources/r/?m=02&d=20200507&t=2&i=1517824128&r=LYNXMPEG461EI&w=800"
    ],
    "publication-date": "2020-05-07",
    "text": "MADRID/BARCELONA (Reuters) - Spain weighed up further steps on Thursday to bring life back to normal as the coronavirus epidemic ebbed, but the capital Madrid and the city of Barcelona could remain under tight restrictions for the time being.\n\nPeople gather at a lookout point as a general view of the city of Barcelona is seen in the background, as the spread of the coronavirus disease (COVID-19) continues, in Barcelona, Spain May 6, 2020. REUTERS/Nacho Doce\n\nBoth cities and their surroundings have registered the highest number of coronavirus deaths and infections in Spain, one of the countries worst hit by the global pandemic.\n\nPrime Minister Pedro Sanchez\u2019s government is anxious to get the country up and running again without igniting a second wave of infections as the economy reels and Spaniards gradually emerge from nearly eight weeks under lockdown.\n\nParliament voted on Wednesday night to extend a state of emergency for two more weeks from Sunday. This gives the government power to control people\u2019s movements as it relaxes the lockdown which succeeded in curbing the outbreak.\n\n\u201cIf the security measures are complied with and the safety distances respected, I think it\u2019s fantastic. I think it was about time,\u201d said Charo Nunez, a pharmacy worker in Madrid.\n\nThe Health Ministry gave Spain\u2019s coronavirus death toll for the past 24 hours as 213 on Thursday, down from 244 the previous day and far below peaks of nearly 1,000 in early April.\n\nMADRID AWAITS DECISION\n\nThe government\u2019s phase-out plan has several stages in which restrictions are progressively eased, such as the opening of bars or stores.\n\nEach region must apply to enter a new phase if it considers it meets hospital capacity requirements, among other conditions.\n\nCatalonia\u2019s regional government proposed on Wednesday that the Barcelona metropolitan area would not be included in Phase 1, which starts on Monday after a preparatory Phase 0, saying there is a moderate to high risk of a new wave.\n\nAttention is now focused on Madrid, the epicentre of the outbreak in Spain, which is still registering high numbers of new cases. Madrid region said it had submitted a request to the Health Ministry on Wednesday night for it to move on to Phase 1.\n\nStaff at the storied 19th century cafe El Espejo on the Recoletos boulevard were spacing out tables and disinfecting equipment on Thursday in the hope that restrictions would be lifted sooner rather than later.\n\nCafe owner Sergio Munguira said the plan was still to reopen at noon on Monday, \u201cunless they tell us differently\u201d, with staff wearing gloves and masks and clients using QR codes to call up the menu on the smartphones without having to touch the list.\n\nThe rest of Spain\u2019s regions have also asked to move to Phase 1 and are expected to make the transition smoothly.\n\nThe government\u2019s plan has four phases and aims to have the country back to normal by the end of June, with sufficient hospital capacity to combat potential outbreaks.\n\nSmall businesses such as hairdressers started to open this week with restrictions while Spaniards are now allowed out of their houses for exercise.\n\nOn Thursday, Zara-owner Inditex started to reopen some of its smaller stores to be visited by appointment as part of a gradual reopening of its store network.",
    "title": "Spain steps gingerly towards normality, but Madrid and Barcelona may lag",
    "top-image": "https://static.reuters.com/resources/r/?m=02&d=20200507&t=2&i=1517824128&r=LYNXMPEG461EI&w=800",
    "df_date": 20200507,
    "source": "in.reuters.com",
    "label": "reliable"
}