{
    "url": "https://uk.reuters.com/article/uk-health-coronavirus-china-usa/china-accuses-pompeo-of-telling-lies-over-its-handling-of-coronavirus-idUKKBN22J10R",
    "uid": "1637753444.4080136.-article-uk-health-coronavirus-china-usa-china-accuses-pompeo-of-telling-lies-over-its-handling-of-c",
    "images": [
        "https://static.reuters.com/resources/r/?m=02&d=20200507&t=2&i=1517769074&r=LYNXMPEG460HW&w=800"
    ],
    "publication-date": "2020-05-07",
    "text": "BEIJING (Reuters) - China accused U.S. Secretary of State Mike Pompeo of telling one lie to cover up another in his continued attacks against Beijing over the coronavirus pandemic.\n\nThe remarks were made by Chinese foreign ministry spokeswoman Hua Chunying, who reiterated that Beijing has been transparent about the COVID-19 outbreak that emerged in China late last year and that U.S. politicians are making baseless accusations against China.\n\nThe United States has accused Beijing of mishandling the outbreak.\n\nHua also said Beijing opposes U.S. interference in its domestic affairs in response to a question about the State Department\u2019s decision to delay a report to Congress assessing whether Hong Kong enjoys sufficient autonomy from China to continue receiving special treatment from the U.S.\n\nPompeo told a news conference on Wednesday the report will be delayed \u201cto account for any additional actions\u201d leading up to the annual meeting of Chinese parliament in late May.",
    "title": "China accuses Pompeo of telling lies over its handling of coronavirus",
    "top-image": "https://static.reuters.com/resources/r/?m=02&d=20200507&t=2&i=1517769074&r=LYNXMPEG460HW&w=800",
    "df_date": 20200507,
    "source": "uk.reuters.com",
    "label": "reliable"
}