{
    "url": "https://www.reuters.com/article/us-health-coronavirus-air-france-klm-fle-idUSKBN22J0MM",
    "uid": "1637753438.0907733.-article-us-health-coronavirus-air-france-klm-fle-iduskbn22j0mm",
    "images": [
        "https://static.reuters.com/resources/r/?m=02&d=20200507&t=2&i=1517758084&r=LYNXMPEG460CH&w=800"
    ],
    "publication-date": "2020-05-07",
    "text": "PARIS (Reuters) - Planemakers Airbus AIR.PA and Boeing BA.N have asked Air France to delay taking some wide-body jets after a manufacturing slowdown caused by the coronavirus crisis, the head of parent Air France-KLM AIRF.PA told Reuters.\n\nFILE PHOTO: An Air France plane prepares to land at Nice International airport in Nice, France, March 16, 2020. REUTERS/Eric Gaillard\n\n\u201cWe have some A350s for the end of the year that will be pushed into next year, and then we have some A350s for next year that will be pushed into the year after,\u201d Chief Executive Ben Smith said, adding that this was at Airbus\u2019s request.\n\nAir France has also been notified by Boeing that a 787 due to arrive in June will not be delivered on schedule, he said.\n\nThe delays come at a time when cash-strapped airlines are themselves requesting postponements.\n\n\u201cThese are nice domino impacts on us and we are going to continue to negotiate to ensure we have the right mix to match our liquidity and our assumptions going forward,\u201d Smith said.\n\nAirbus and Boeing paused production last month to adjust to lockdowns and are cutting future output due to lower demand.\n\nAir France-KLM is also reviewing aircraft deployments in light of a 7 billion euro ($7.6 billion) state-sponsored French loan deal.\n\nIn December, Air France ordered 60 Airbus A220-300s in the first stage of a plan to modernise its single-aisle fleet.\n\nSmith said it may shift more of these onto its domestic network to meet conditions for cutting emissions as part of the loan deal, which also requires fewer domestic flights.\n\nThe carrier is not yet ready to think about the second stage of the modernisation programme, expected to pit the Airbus A320neo against the Boeing 737 MAX.\n\n\u201cIt\u2019s not a subject for this emergency period,\u201d Smith said.\n\nThe Franco-Dutch group\u2019s immediate priority is to examine fleets to see where it has flexibility to return jets to lessors or keep planes grounded, based on assumptions that it will take at least two years for demand to recover.\n\nOnly then will it consider how much risk is worth taking to position itself for future growth, Smith said, adding: \u201cWhen there is no demand for airplanes you can negotiate some pretty amazing deals\u201d.\n\nIn November, Air France-KLM announced plans to streamline fleets by reducing the number of aircraft types and phasing out the Airbus A380 by 2022.\n\nSmith declined to say whether A380 retirements would be accelerated, but said they would not be flying any time soon.\n\nFleet requirements are expected to form part of a revised business plan likely to be issued in mid-July.\n\nFrance\u2019s finance minister has said government support also comes with the expectation that the airline keeps buying from France-based Airbus.\n\nSmith said all airplanes already on order by the French side of the group \u201cjust happened to be Airbus\u201d, but added the question of new orders was \u201cnot a subject today\u201d.\n\nAsked whether the group could cancel any orders, he said, \u201cWe\u2019re talking with all suppliers to understand what flexibility we have in this new environment\u201d.",
    "title": "Planemakers delay deliveries as crisis hits manufacturing: Air France-KLM CEO",
    "top-image": "https://static.reuters.com/resources/r/?m=02&d=20200507&t=2&i=1517758084&r=LYNXMPEG460CH&w=800",
    "df_date": 20200507,
    "source": "www.reuters.com",
    "label": "reliable"
}