{
    "url": "https://www.nbcnews.com/health/health-news/live-blog/2020-05-06-coronavirus-news-n1200996/ncrd1201806",
    "uid": "1637753441.9539404.-health-health-news-live-blog-2020-05-06-coronavirus-news-n1200996-ncrd1201806",
    "images": [
        "https://media-cldnry.s-nbcnews.com/image/upload/t_fit-760w,f_auto,q_auto:best/newscms/2020_19/3339701/200506-clorox-bleach-snip-ac-429p.jpg",
        "https://media-cldnry.s-nbcnews.com/image/upload/t_focal-760x428,f_auto,q_auto:best/MSNBC/Components/Video/202005/ott_now_mainstreet_200506_1920x1080.jpg",
        "https://media-cldnry.s-nbcnews.com/image/upload/t_nbcnews-fp-1200-630,f_auto,q_auto:best/newscms/2020_19/3338101/200506-coronavirus-live-blog-social-only.jpg",
        "https://media-cldnry.s-nbcnews.com/image/upload/t_focal-760x428,f_auto,q_auto:best/MSNBC/Components/Video/202005/Screen-Shot-2020-05-06-at-8-11-44-PM.jpg",
        "https://media-cldnry.s-nbcnews.com/image/upload/t_focal-760x428,f_auto,q_auto:best/MSNBC/Components/Video/202005/nn_jke_businesses_reopening_200506_1920x1080.jpg",
        "https://media-cldnry.s-nbcnews.com/image/upload/t_focal-760x428,f_auto,q_auto:best/MSNBC/Components/Video/202005/nn_jfr_national_nurses_week_200506_1920x1080.jpg"
    ],
    "publication-date": "2020-05-07",
    "text": "President Donald Trump said \u201cthere\u2019ll be more death\u201d related to the coronavirus pandemic but claimed it's time to reopen the country as a growing number of states move to slowly relax their stay-at-home mandates.\n\n\u201cI think we're doing very well on the vaccines but, with or without a vaccine, it's going to pass, and we're going to be back to normal,\u201d Trump told ABC News in an interview while visiting a mask-making factory in Arizona.\n\nTrump also defended his choice not to wear a mask at the factory during a Wednesday press conference, where he said he was told he didn't have to use one. The president also claimed he wore a mask for \"some period of time\" during the visit.\n\nAt least 64 children in New York state have been hospitalized with an illness apparently linked to the coronavirus. The symptoms are consistent with other inflammatory illnesses, such as Kawasaki disease and toxic shock syndrome.\n\nAs scientists around the world race to develop a potential solution, researchers at Pfizer Inc. and New York University are working on a never-before-tried coronavirus vaccine that the pharmaceutical company says could be available by September.\n\nA medical researcher from the University of Pittsburgh was found shot to death over the weekend after what police believe to be a \"lengthy dispute regarding an intimate partner.\" The university said Dr. Bing Liu \"was on the verge of making very significant findings toward understanding the cellular mechanisms that underlie\" the coronavirus.\n\nMeanwhile, the death toll in the U.S. rose to more than 72,000, according to NBC News' count, and there are more than 1.2 million confirmed cases of the virus.\n\nHere's what to know about the coronavirus, plus a timeline of the most critical moments:\n\nDownload the NBC News app for latest updates on the coronavirus outbreak.\n\nThis live coverage has now ended. Continue to May 7 coronavirus news.",
    "title": "Frontier Airlines will drop open-seat fee that drew attacks",
    "top-image": "https://media-cldnry.s-nbcnews.com/image/upload/t_nbcnews-fp-1200-630,f_auto,q_auto:best/newscms/2020_19/3338101/200506-coronavirus-live-blog-social-only.jpg",
    "df_date": 20200507,
    "source": "www.nbcnews.com",
    "label": "reliable"
}