{
    "url": "https://in.reuters.com/article/health-coronavirus-drive-in-wiesn/bavarians-defy-coronavirus-with-drive-thru-dult-fair-idINKBN22J0GW",
    "uid": "1637753436.8426342.-article-health-coronavirus-drive-in-wiesn-bavarians-defy-coronavirus-with-drive-thru-dult-fair-idin",
    "images": [
        "https://static.reuters.com/resources/r/?m=02&d=20200507&t=2&i=1517750400&r=LYNXMPEG46088&w=800"
    ],
    "publication-date": "2020-05-07",
    "text": "Slideshow ( 10 images )\n\nBERLIN (Reuters) - May is the month for the first of the annual Bavarian \u201cDults,\u201d Germany\u2019s folk festivals where locals gather in beer tents to feast and drink on regional specialties.\n\nHowever, not so this year as the coronavirus has put a stop to all large spring and summer gatherings.\n\nNot to be beaten by the virus, Landshut pub-owner Patrick Schmidt took his tent, rolled up the sides and condensed the whole \u201cDult\u201d experience into a drive-thru culinary delight.\n\nIn just one circuit, cyclists and drivers can pick up their roast pork and dumplings, stockfish, pretzels and beer, listen to some music and take home a gingerbread heart for loved ones.\n\n\u201cWe actually didn\u2019t reckon with this rush when we started,\u201d Schmidt said,\u201d as visitors teemed through the improvised drive-through.\n\n\u201cThe first weekend it felt like I sent the family out three times a day to get more cheese. We bought out wholesale supermarket sections. In Munich and Landshut, we emptied out the supermarkets,\u201d he added with a chuckle.\n\nThe local fair business will still suffer huge losses - a normal beer tent can accommodate over 4000 people - but Schmidt said it was worth it just to keep busy during difficult times.\n\n\u201cOf course it\u2019s not the \u2018Dult\u2019 its a completely different thing but it\u2019s a nice idea and puts a smile on your face and that is the main thing at the moment,\u201d said one visitor of the drive-thru.",
    "title": "Bavarians defy coronavirus with drive-thru 'Dult' fair",
    "top-image": "https://static.reuters.com/resources/r/?m=02&d=20200507&t=2&i=1517750400&r=LYNXMPEG46088&w=800",
    "df_date": 20200507,
    "source": "in.reuters.com",
    "label": "reliable"
}