{
    "url": "https://abcnews.go.com/Health/nursing-homes-seek-10b-feds-coronavirus-cases-continue/story?id=70544911",
    "uid": "1637753445.0269067.-health-nursing-homes-seek-10b-feds-coronavirus-cases-continue-story",
    "images": [
        "https://s.abcnews.com/images/Politics/senior-living-stock-gty-jef-200506_hpMain_16x9_992.jpg",
        "data:image/gif;base64,R0lGODlhAQABAIAAAAAAAP///yH5BAEAAAAALAAAAAABAAEAAAIBRAA7"
    ],
    "publication-date": null,
    "text": "As new statistics show nursing home outbreaks accounting for more than half of the novel coronavirus deaths in some states, the industry is asking the Trump administration for $10 billion to help their facilities stay afloat financially, and to support desperately needed staffing and protective equipment.\n\n\"What we need now is to rally around nursing homes and assisted living communities the same way the public health sector has around hospitals,\" wrote Mark Parkinson, the president of the American Health Care Association, in a letter sent to Secretary of Health and Human Service Alex Azar.\n\n\"It is not too late to make an enormous difference in the outcome of the COVID-19 battle in America\u2019s long term care facilities,\u201d Parkinson wrote. \u201cThe best public health policy is to focus where the battle is taking place, which is now most prevalent in nursing homes and assisted living communities across the country.\"\n\nThe elderly residents of nursing facilities have been dying in staggering numbers. The nationwide figure of 10,000 nursing home deaths, calculated by ABC News just last week from the reporting of 28 states, appears to already be well out of date.\n\nThe exact figure remains difficult to track because the federal government does not report it, despite the Centers for Medicare and Medicaid Services, led by Administrator Seema Verma, announcing last month that they would begin keeping a national tally.\n\nJust this week, New York officials reported the death toll in long-term care facilities nearing 5,000 in that state alone.\n\nThe outbreak has hit nursing facilities hard, especially in New England where coronavirus has been most aggressive and nursing homes have shown to bare the biggest brunt of fatalities. Some 60% of the coronavirus deaths in Massachusetts occurred in nursing facilities, and 70% of those who died in neighboring Rhode Island and New Hampshire perished in long term care homes, according to figures released by those states Wednesday.\n\nOn a call with Verma on Wednesday, Senate Finance Committee Ranking Member Ron Wyden, D-Ore., and Senate Aging Committee Ranking Member Bob Casey, D-Penn., called on her to make this nursing home-specific coronavirus data public.\n\n\u201cWe have been calling for more than a month for infection and death data to be made available, and Administrator Verma\u2019s unwillingness to commit to a timeline to publicly release this data means the Trump administration is failing seniors, their families, and the public health response to COVID-19,\" Wyden and Casey said in a statement. \"There have been no signs that the Trump administration has an effective plan to address the tragedy that is taking place in America\u2019s nursing homes.\u201d\n\nIn a response to ABC News' inquiry, the agency said that the new reporting requirements for nursing homes will require the first week of data to be sent to them beginning May 8 and not later than May 17, with intent to release the data by the end of the month. In a previous interview with ABC News, Verma said she was proud of the efforts her agency has made to protect nursing home residents.\n\n\"I think the federal government has had a very strong response,\" Verma said in April. \"And I'm proud of the hard work of my team that's been working day and night to make sure that regulations were updated, that we gave flexibility to the nursing homes to support their efforts during this very difficult time.\"\n\nMore generally the administration has said it is focused on Americans living in nursing homes. President Trump last week named May \"Older Americans Month\" and announced that the administration would form an advisory panel to focus on nursing homes while the Federal Emergency Management Agency would push out shipments of personal protective equipment, known as PPE, directly to nursing home facilities.\n\nTwo waves of shipments are expected to be distributed, each containing seven days worth of PPE. FEMA contracted with a provider to begin the first wave of shipments in early May, with the second wave expected to begin in June. Each wave will arrive first to areas with the highest need first before being distributed nationwide.\n\nCongress provided some aid to nursing homes as part of the $2 trillion coronavirus relief package passed in March, including $200 million allocated to CMS to assist the agency with infection prevention in the homes. The stimulus also allocated $100 billion to provide assistance to health care facilities, for which nursing homes must compete with hospitals and other facilities. HHS is responsible for overseeing the disbursement of those funds.\n\nBut still, the nursing care industry has called for a dramatic increase in federal support. Speaking to reporters earlier this week, Mark Gloth, the medical director for HCR Manorcare, one of the largest national nursing care chains with 25,000 residents, said the needs are substantial for both testing and equipment.\n\n\u201cThere still aren\u2019t enough test kits available. I would love to test every single patient in every facility that we have,\u201d Gloth said. \u201cUnfortunately even in states where it is mandated. there still aren\u2019t enough testing kits in order to perform tests in a timely manner.\u201d\n\nParkinson\u2019s request to the administration is for enough funding to implement testing for all residents and nursing home staff, regardless of whether they're showing symptoms. The Centers for Disease Control and Prevention recently changed its testing guidelines to place a higher priority on those living in nursing home facilities, but has not yet made universal testing a requirement.\n\nHealth officials in a number of states have argued that universal testing is a crucial step because without these tests, it is impossible to know which residents to isolate. Gloth said up to 70% of nursing care workers in Manorcare facilities who tested positive were completely asymptomatic. And in some facilities where universal testing has occurred, he said as many as 50% were not yet showing such telltale symptoms as cough or fever.\n\nThis week, 82 Democratic members of Congress sent a separate letter to Azar and Verma urging them to allocate additional funds from a separate tranche of money allocated primarily to assist small businesses in the most recent coronavirus relief legislation directly to tests for long term care facilities.\n\n\"We cannot successfully slow, contain, and mitigate the spread of the coronavirus in long-term care settings unless we implement a testing strategy that reaches older Americans, individuals with disabilities, veterans, and all those living in nursing homes and congregate living settings, alongside the dedicated workers who care for them,\" the lawmakers wrote.\n\nThe letter also echoed the need for additional funding to support staffing and PPE shortages facing many nursing facilities.\n\nThe Department of Health and Human Services did not immediately reply to request for comment on Parkinson's letter or the letter from House Democrats.\n\nCombating these devastating numbers requires aid, according to Parkinson, if the homes are to have a hope of turning the corner.\n\n\"Without adequate funding, testing and supplies, long term care facilities will not be able to overcome this unprecedented health crisis and protect our residents and caregivers,\" Parkinson wrote.\n\nThis story has been updated to include a response from the Centers for Medicare and Medicaid Services",
    "title": "Nursing homes seek $10B from feds as coronavirus cases continue to overwhelm elderly",
    "top-image": "https://s.abcnews.com/images/Politics/senior-living-stock-gty-jef-200506_hpMain_16x9_992.jpg",
    "df_date": 20200507,
    "source": "abcnews.go.com",
    "label": "reliable"
}