{
    "url": "https://nypost.com/2020/05/07/tsa-hoarded-over-1-3-million-masks-as-airports-became-empty-report/",
    "uid": "1637753467.4975033.-2020-05-07-tsa-hoarded-over-1-3-million-masks-as-airports-became-empty-report-",
    "images": [
        "https://nypost.com/wp-content/uploads/sites/2/2021/11/Christian-marriage-rules.jpg?quality=90&strip=all&w=260",
        "https://nypost.com/wp-content/mu-plugins/vip-helpers/images/vip-powered-dark-small.png",
        "//googleads.g.doubleclick.net/pagead/viewthroughconversion/988380111/?value=0&guid=ON&script=0",
        "https://nypost.com/wp-content/uploads/sites/2/2020/05/tsan95.jpg?quality=90&strip=all&w=744",
        "https://nypost.com/wp-content/uploads/sites/2/2021/11/uber-date-1.jpg?quality=90&strip=all&w=260",
        "https://nypost.com/wp-content/uploads/sites/2/2021/11/saks_light_show_wp-thumb.jpg?quality=90&strip=all&w=1024",
        "https://nypost.com/wp-content/uploads/sites/2/2020/05/tsan95.jpg?quality=90&strip=all&w=1024",
        "https://nypost.com/wp-content/uploads/sites/2/2020/05/airlines-01.jpg?quality=90&strip=all&w=389",
        "https://nypost.com/wp-content/uploads/sites/2/2021/11/trump-rittenhouse2-1.jpg?quality=90&strip=all&w=260",
        "https://nypost.com/wp-content/mu-plugins/jetpack-9.8/modules/sharedaddy/images/loading.gif",
        "https://nypost.com/wp-content/uploads/sites/2/2021/11/biden-kitchen-comp.jpg?quality=90&strip=all&w=260",
        "https://sb.scorecardresearch.com/p?c1=2&c2=6390601&cj=1&cv=3.6"
    ],
    "publication-date": "2020-05-07",
    "text": "Sign up for our special edition newsletter to get a daily update on the coronavirus pandemic.\n\nThe Transportation Security Administration allegedly hoarded over 1.3 million N95 masks instead of donating them to hospitals \u2014 as airport traffic dropped by 95 percent and the agency instructed many of its workers to stay home amid the coronavirus pandemic, according to a report.\n\nTwo TSA officials raised concerns about the agency\u2019s vast stockpile of the respirator masks in early April, as the number of COVID-19 cases across the country grew by the thousands daily and personal protective equipment was in short supply, according to a review of internal records and interviews by ProPublica.\n\n\u201cWe don\u2019t need them. People who are in an infectious environment need them. Nobody is flying,\u201d Charles Kielkopf, a TSA attorney in Columbus, Ohio, told the investigative news outlet.\n\n\u201cYou don\u2019t take things for yourself. It\u2019s the wrong thing to do,\u201d added Kielkopf, who shared a copy of a whistleblower complaint he filed Monday in which he alleges the TSA had engaged in gross mismanagement that represented a \u201csubstantial and specific danger to public health.\u201d\n\nThe agency has not required its airport screeners to wear the tight-fitting N95 masks, according to ProPublica, which reported that internal memos show that most of the workers use more widely available surgical masks, which mostly protect others from the users.\n\nThe TSA received more than a million old but usable N95 masks from Customs and Border Protection, which found them in an old Indiana warehouse, and also had about 116,000 masks left over from 2009\u2019s swine flu pandemic, the news outlet reported.\n\nBoth agencies are overseen by the Department of Homeland Security.\n\nKielkopf and a colleague in Minnesota suggested that the TSA donate the N95s to hospitals in early April \u2014 but the agency quietly stored many of its masks in its warehouse near the Dallas-Fort Worth airport and sent the rest to empty airports across the US, ProPublica reported.\n\n\u201cWe need to reserve medical masks for health care workers, not TSA workers who are behind an X-ray machine,\u201d Kielkopf said.\n\nThe TSA said in a statement to The Post: \u201cWith the support of CBP and DHS, in April, TSA was able to ensure a sufficient supply of N95 masks would be available for any officer who chose to wear one and completed the requisite training. TSA\u2019s highest priority is to ensure the health, safety and security of our workforce and the American people.\u201d\n\nIt added: \u201cWhile we cannot provide details on staffing, passenger throughput and corresponding operations have certainly decreased. We are continuing to acquire additional personal protective equipment for our employees to ensure both their and the traveling public\u2019s health and safety based on our current staffing needs, and as supplies become available.\u201d\n\nAn internal TSA memo said the surplus of N95 masks was expected to last for about a month, but it noted that the 30-day estimate did not account for the sharp decline in security officers working at airports.\n\nTSA records showed that most employee schedules have been \u201csharply abbreviated,\u201d while an additional 8,000 screeners are on paid leave amid concerns they could be exposed to the bug, according to ProPublica, which cited a report from the trade journal Government Executive.\n\nMore than 500 TSA workers have tested positive for the illness and five have died, according to the agency.",
    "title": "TSA allegedly hoarded over 1.3 million N95 masks as airports became empty",
    "top-image": "https://nypost.com/wp-content/uploads/sites/2/2020/05/tsan95.jpg?quality=90&strip=all&w=1024",
    "df_date": 20200507,
    "source": "nypost.com",
    "label": "reliable"
}