{
    "url": "https://www.nytimes.com/2020/05/07/us/church-reopening-coronavirus.html",
    "uid": "1637753459.6435885.-2020-05-07-us-church-reopening-coronavirus-html",
    "images": [
        "https://static01.nyt.com/images/2020/05/06/us/00virus-churches1/merlin_172095117_4157b796-7928-44e1-8326-489b73afb50d-articleLarge.jpg?quality=75&auto=webp&disable=upscale",
        "https://static01.nyt.com/images/2018/11/06/multimedia/author-elizabeth-dias/author-elizabeth-dias-thumbLarge.png",
        "https://static01.nyt.com/images/2020/05/06/us/00virus-churches1/00virus-churches1-facebookJumbo.jpg?year=2020&h=550&w=1050&s=ab6e7776ac471526ef6ae85d1bac0cf725db88575a445e105e4fdc87cf59381b&k=ZQJBKqZ0VN"
    ],
    "publication-date": "2020-05-07",
    "text": "Some conservative Christians argue that stay-at-home restrictions have limited their religious freedoms. In California, a federal judge ruled on Tuesday that Gov. Gavin Newsom was allowed to ban church assembly to protect public health, after a small evangelical church in the San Joaquin Valley, Cross Culture Christian Center, had sued him last month.\n\nIn Fresno, Jim Franklin, pastor of Cornerstone Church, announced this week that he planned to reopen his doors to in-person worship on May 31. He is part of a growing group of evangelical pastors across the state who are working with a law firm to urge Mr. Newsom to allow churches to open along with other essential businesses.\n\n\u201cWe want to keep people healthy \u2014 mind, body and spirit,\u201d Mr. Franklin said. \u201cIf people can be safe at a big-box store, if hundreds of people can gather there to pick up home improvement items, I think the church can also do it safely.\u201d\n\nCornerstone plans to require socially distant seating for the about 3,000 people who usually attend services each week, and the church will not permit handshaking or fellowship times, he said.",
    "title": "Coronavirus Reopenings: Many Churches Consider Plans to Pray in Person",
    "top-image": "https://static01.nyt.com/images/2020/05/06/us/00virus-churches1/00virus-churches1-facebookJumbo.jpg?year=2020&h=550&w=1050&s=ab6e7776ac471526ef6ae85d1bac0cf725db88575a445e105e4fdc87cf59381b&k=ZQJBKqZ0VN",
    "df_date": 20200507,
    "source": "www.nytimes.com",
    "label": "reliable"
}