{
    "url": "https://www.nytimes.com/2020/05/07/us/coronavirus-updates.html",
    "uid": "1637753456.2084258.-2020-05-07-us-coronavirus-updates-html",
    "images": [
        "data:image/gif;base64,R0lGODlhCgAKAIAAAB8fHwAAACH5BAEAAAAALAAAAAAKAAoAAAIIhI+py+0PYysAOw==",
        "https://static01.nyt.com/images/2020/05/07/us/07virus-us-briefing-latino/merlin_172176984_27a3a8cc-4615-4720-ac56-451bdb588e96-articleLarge.jpg?quality=75&auto=webp&disable=upscale",
        "https://static01.nyt.com/images/2020/05/06/us/ppp-small-business-stimulus-coronavirus-promo-1588804368323/ppp-small-business-stimulus-coronavirus-promo-1588804368323-articleLarge.png",
        "https://static01.nyt.com/images/2020/05/07/us/coronavirus-states-reopen-criteria-promo-1588830826006/coronavirus-states-reopen-criteria-promo-1588830826006-articleLarge-v2.jpg",
        "https://static01.nyt.com/images/2020/05/10/autossell/antibody-testing-cover/antibody-testing-cover-videoSixteenByNine1050.jpg",
        "https://static01.nyt.com/images/2020/03/03/world/coronavirus-map-promo/coronavirus-map-promo-facebookJumbo-v1002.png?year=2020&h=549&w=1050&s=c1ecbd380571cec010c8b38c5b2f312c87a824ad1569beac58a1aa908d083a98&k=ZQJBKqZ0VN"
    ],
    "publication-date": "2020-05-07",
    "text": "As time goes on, more people are wondering, did I have coronavirus already. \u201cI can help the next patient [INAUDIBLE].\u201c.\u201d Now, Stanford hospitals in northern California are giving their health care workers the answer with antibody testing for all. We were given exclusive access to follow two caregivers and their blood through the antibody testing process. \u201cI do have a loved one at home, my mother, who is high risk. So I want to get tested just to make sure I\u2019m O.K., and kind of maybe surprise her and say, I get to come see you.\u201d First, they\u2019re swabbed to make sure they\u2019re not currently infected. \u201cOh my god.\u201d And then they give a vial of blood for the antibody test. \u201cThere\u2019s so many asymptomatic carriers around, and there\u2019s so many people that may have had it or had mild symptoms, and not had known. If I have the antibodies and someone needs my plasma, I\u2019d love to help out.\u201d \u201cHonestly, I\u2019m hoping that comes back positive, that it\u2019ll teach us a lot.\u201d \u201d\u2014the blood antibody test for the COVID-19 virus.\u201d This blood test, also known as serology, will show if they had coronavirus in the past, and their immune system raised antibodies to fight it off. But it can\u2019t predict if those antibodies will make them immune. What this and other reliable antibody tests can do is give us a better picture of how widespread coronavirus actually is. And they\u2019re helping researchers design possible treatments and vaccines. \u201cMore widespread testing will help us to better understand more quickly what are the important variables, you know, who\u2019s going to be protected, who\u2019s not.\u201d These are samples from the people we just met including, Heidi and Jamshid. Here, they\u2019ll be spun to separate blood cells from plasma. Next, that plasma is taken to a different lab on campus for analysis. \u201cYou can see the robot is precisely putting in the right amount of each sample into the wells of the plate.\u201d \u201cThere\u2019s been great demand for the test. The lab is basically open 24 hours. The instruments have been running day and night.\u201d Dr. Scott Boyd and his team developed this test, and now they\u2019re ramping up quickly. They\u2019ve just received a new shipment of robots called ELISA Instruments. Soon, the team hopes to process at least 4,000 samples a day. They use controls to validate their tests, so they know it works. The positive controls are from coronavirus patients at Stanford, and the negative are from healthy blood donors, taken before coronavirus jumped to humans. Out of 200 people, the results for a few may be inaccurate. But this kind of test is among the best we have. You can see the controls here in the left column of each assay plate. Once the plate finishes processing, you can see a yellow color in the patient samples that have antibodies. The darker the color, the more antibodies there are. \u201cBut just measuring the total quantity doesn\u2019t tell you all the information you\u2019d like to know. The question is, does somebody likely have immunity. The answers are not yet as clear.\u201d Only some antibodies actually fight or neutralize the virus. So the next step for researchers is to identify those ones. Then, how much of those neutralizing antibodies are needed to block the virus and prevent re infection? \u201cSo we\u2019re also now working on developing a neutralizing anybody test that would allow us to test a lot of patients in the hospital, and also health care workers.\u201d That neutralizing antibody test, which Dr. Boyd hopes to have ready by the end of May, will give a better sense of who is actually immune. Remember Heidi from earlier? Well, we watched her sample go through the process. \u201cCoronavirus.\u201d And now her results are in. \u201cNot detected.\u201d All right, so what did the results say? \u201cNegative. Negative COVID and negative serology, unfortunately. But it\u2019s a good thing, right? It can still be good. Today\u2019s really my only safe day, because I go back to work tomorrow. So I feel pretty safe that I can go over, see my mom without a mask. I don\u2019t think she\u2019s got the ability to survive a disease like this, so I\u2019ve had to be very careful. I haven\u2019t seen her face. She hasn\u2019t seen my face without a mask on since like, the beginning of March. I\u2019m negative.\u201d \u201cWhat?\u201d \u201cYeah.\u201d \u201cYay!\u201d \u201cYou get to take your mask off, at least for today. Come out here.\u201d \u201cOh my goodness. I\u2019m so happy.\u201d \u201cI missed you.\u201d \u201cI missed you. Oh, I haven\u2019t had a hug forever. Oh, I\u2019m so happy. O.K. Bye bye, sweetheart. Bye bye.\u201d \u201cAll right. Bye bye.\u201d \u201cThank you.\u201d Jamshid\u2019s results are the same as Heidi\u2019s \u201cSo I do not have the antibodies, which is great, because it means PPE works, which is fantastic. I\u2019ve definitely been in multiple rooms with people with known COVID, and I\u2019ve been wearing PPE. And I\u2019m glad that I was at a place that I didn\u2019t have to reuse or recycle my PPE.\u201d Preliminary data is starting to show that Heidi and Jamshid\u2019s negative antibody results are representative. \u201cHi, Romey.\u201d In places like the Bay Area that haven\u2019t been hard hit, only a small fraction of people are testing positive for antibodies. \u201cYou know, where I go to the grocery store, I get it. I go to work again, I get it. It\u2019s out there, so I\u2019m still going to take the same precautions. I\u2019m going to still wear a mask.\u201d But these tests are a first step towards understanding immunity. Just having antibodies is not a free pass. \u201cHopefully if someone\u2019s positive, it doesn\u2019t give a false sense of security. I still think that everybody needs to protect themselves just the way that we currently are.\u201d",
    "title": "Latinos in Some States Have Seen Higher Rates of Infection",
    "top-image": "https://static01.nyt.com/images/2020/03/03/world/coronavirus-map-promo/coronavirus-map-promo-facebookJumbo-v1002.png?year=2020&h=549&w=1050&s=c1ecbd380571cec010c8b38c5b2f312c87a824ad1569beac58a1aa908d083a98&k=ZQJBKqZ0VN",
    "df_date": 20200507,
    "source": "www.nytimes.com",
    "label": "reliable"
}