{
    "url": "https://www.reuters.com/article/us-health-coronavirus-colombia-prison/coronavirus-outbreak-in-colombia-prison-sparks-fear-among-officials-families-idUSKBN22J2H9",
    "uid": "1637753486.4813244.-article-us-health-coronavirus-colombia-prison-coronavirus-outbreak-in-colombia-prison-sparks-fear-a",
    "images": [
        "https://s1.reutersmedia.net/resources_v2/images/rcom-default.png?w=800"
    ],
    "publication-date": "2020-05-07",
    "text": "VILLAVICENCIO, Colombia (Reuters) - A coronavirus outbreak that has infected more than 30% of inmates at the prison in Villavicencio, in central Colombia, has sparked fear among local officials, neighbors and prisoners\u2019 families that the sometimes deadly virus may spread further.\n\nThe prison, in Meta province, houses 1,756 inmates, of whom 599 have tested positive for COVID-19, the illness caused by the highly contagious virus. Fifty-six guards and administrative staff have also tested positive.\n\nThe prison currently has nearly double the 899 inmates it is meant to hold, creating an environment in which the virus can easily spread. Prison populations in Colombia average overcrowding of 50%, according to prison agency INPEC.\n\n\u201cThe prison in Villavicencio worries us, it is enormously overpopulated,\u201d Meta\u2019s governor Juan Guillermo Zuluaga told Reuters. \u201cRight now we don\u2019t have anyone in hospital, everyone inside the prison is asymptomatic.\u201d\n\nThe number of infected prisoners in Villavicencio is the highest of Colombia\u2019s 132 prisons, topping case numbers in many of the Andean country\u2019s medium-sized cities.\n\nSo far, Colombia has reported almost 9,000 COVID-19 cases and 397 deaths.\n\nWhile infected prisoners are isolated from the rest of the population, Villavicencio mayor Juan Felipe Harman fears the outbreak could expand into the city because the prison is surrounded by neighborhoods where thousands of people live.\n\n\u201cIt\u2019s a fact that the prison is a public health problem,\u201d Harman said. \u201cWe need to keep controlling that risk factor by guaranteeing isolation conditions within the prison are the same as the city.\u201d\n\nThe United Nations High Commissioner for Human Rights warned this week that growth of coronavirus infections in crowded and unhygienic prisons in Latin America and the United States was a source of grave concern.\n\nProtests by prisoners fearing infection have led to riots and the deaths of dozens of inmates in Venezuela, Peru and Colombia in recent weeks.\n\nResidents near the prison fear they could become infected.\n\n\u201cWe are always concerned because we are stuck next to the epicenter. We are scared,\u201d said Wilson Marulanda, 55, who lives close to the jail with his wife and two young daughters.\n\nWhile Colombia said in April it would put 4,000 prisoners under house arrest to lessen the risk of infection, just 328 have benefited from the move so far. Prisoners inside the jail are living in hellish conditions, relatives say.\n\n\u201cMy son told me it\u2019s very bad, that the infected are stacked one on top of each other with no priorities for beds or bathrooms,\u201d said Sandra Vargas, 38, dropping off food at the prison where her son is held.",
    "title": "Coronavirus outbreak in Colombia prison sparks fear among officials, families",
    "top-image": "https://s1.reutersmedia.net/resources_v2/images/rcom-default.png?w=800",
    "df_date": 20200507,
    "source": "www.reuters.com",
    "label": "reliable"
}