{
    "url": "https://in.reuters.com/article/us-health-coronavirus-meatpacking/north-america-bulges-with-cattle-as-virus-closes-packers-leaving-retailers-hungry-for-beef-idINKBN22J1G9",
    "uid": "1637753463.2692933.-article-us-health-coronavirus-meatpacking-north-america-bulges-with-cattle-as-virus-closes-packers-",
    "images": [
        "https://static.reuters.com/resources/r/?m=02&d=20200507&t=2&i=1517809704&r=LYNXMPEG46150&w=800"
    ],
    "publication-date": "2020-05-07",
    "text": "WINNIPEG, Manitoba/LONDON (Reuters) - There is no room on the range for cattle, as shuttered slaughterhouses across North America due to the pandemic leave farmers nowhere to ship their animals.\n\nBeef cattle at the Kasko Cattle feedlot, which are affected by a supply chain blockage caused by coronavirus disease (COVID-19) outbreaks at meat-packing plants, in Coaldale, Alberta, Canada May 6, 2020. REUTERS/Todd Korol\n\nNow fast-food chain Wendy\u2019s says it is running out of beef, while Kroger and Costco limit sales of some meat items, underlining the growing dislocation in the meat supply chain.\n\nCanada and the United States are among the world\u2019s biggest beef exporters, but outbreaks have forced plants owned by Cargill Inc, JBS SA and Tyson Foods to temporarily close or slow production, as they balance worker safety with food security.\n\n\u201cIt\u2019s a horrible situation for us to watch,\u201d said Leighton Kolk, who normally ships 500 head of cattle to slaughter per week from his feedlot at Iron Springs, Alberta.\n\nLast week, he moved 40 and is not sure there will be a single bid this week, at a time when he normally sees the highest prices of the year ahead of barbecue season. Each head of cattle that stays on his farm costs C$4 per day to feed.\n\n\u201cThe consumer is going to pay a huge price and we could approach financial insolvency because these animals are dropping in value,\u201d Kolk said.\n\nRyan Kasko, chairman of the Alberta Cattle Feeders\u2019 Association, estimates there are up to 80,000 Canadian cattle awaiting slaughter, and the number may reach 250,000 head by July.\n\n\u201cA month ago, I couldn\u2019t even imagine this,\u201d Kasko, a feedlot operator, said.\n\nBut beef buyers are seeing anything but glut conditions.\n\nSlideshow ( 19 images )\n\n\u201cFrom time to time, there could be some items that we\u2019re out of stock on,\u201d Wendys Chief Executive Todd Penegor told analysts on Wednesday. \u201cIt\u2019s probably a couple of weeks of challenging tightness that we\u2019ll have to work through.\u201d\n\nVictor Colello, director of meat and fish at New York City grocery chain Morton Williams, said he has not had any trouble getting meat but that \u201cprices are crazy.\u201d\n\n\u201cIn the past two weeks, prices have gone up anywhere from $3 to $5 per pound. I find myself changing prices every two or three days.\u201d\n\nFor example, he said wholesale filet mignon went from $8.50 or $9 per lb two weeks ago to $14. Short loins, which are porterhouse steaks, used to cost $6.50 a lb, now are up to $10-$11, while a pound of rib steaks climbed from $7 to $11.\n\n\u201cI\u2019m 56 years old, I\u2019ve been doing this all my life and I\u2019ve never experienced something like this,\u201d Colello said.\n\nBEEF PRICES JUMP\n\nThe average unit price of fresh beef at U.S. tracked retailers was 6% higher in the week ended April 25 than a year earlier, according to market research firm Nielsen.\n\nThose prices are not reaching cattle farmers, however. Some packers offer no bids for cattle, while others offered prices that were 30% lower from January, Kasko said.\n\nWith packers offering low prices for cattle and meat prices high in stores, 11 Midwestern states on Tuesday urged the federal Department of Justice to investigate suspected price fixing by meat packers.\n\n\u201cWe believe the assertions lack merit, and we are confident in our efforts to maintain market integrity and conduct ethical business,\u201d Cargill spokesman Daniel Sullivan said.\n\nKolk and Kasko normally ship to two Alberta plants that together supply two-thirds of Canada\u2019s beef, but are now coronavirus hotspots.\n\nCargill resumed production this week at High River, Alberta after a two-week shutdown, and JBS is producing more slowly at its Brooks, Alberta plant.\n\nTyson Foods has shuttered cattle slaughterhouses in Dakota City, Nebraska, and in Pasco, Washington, which partially reopened on Tuesday. U.S. President Donald Trump has ordered meat processors to keep plants open.\n\nCanada and the United States have both announced aid packages for the food and agriculture sectors.\n\nAlberta rancher Kelly Smith-Fraser sees a long crisis ahead.\n\nPrice estimates for the calves she will sell in autumn are less than half of the usual price, as the feedlots who buy them cope with big cattle backlogs.\n\n\u201cEach day we are on pins and needles to make sure those plants stay open.\u201d",
    "title": "North America bulges with cattle as virus closes packers, leaving retailers hungry for beef",
    "top-image": "https://static.reuters.com/resources/r/?m=02&d=20200507&t=2&i=1517809704&r=LYNXMPEG46150&w=800",
    "df_date": 20200507,
    "source": "in.reuters.com",
    "label": "reliable"
}