{
    "url": "https://www.reuters.com/article/us-health-coronavirus-usa-election/blame-china-remake-economy-trump-pivots-to-new-election-message-amid-pandemic-idUSKBN22J1GT",
    "uid": "1637753462.2945385.-article-us-health-coronavirus-usa-election-blame-china-remake-economy-trump-pivots-to-new-election-",
    "images": [
        "https://static.reuters.com/resources/r/?m=02&d=20200507&t=2&i=1517822620&r=LYNXMPEG460S1&w=800"
    ],
    "publication-date": "2020-05-07",
    "text": "(Reuters) - George Engelmann, a perennial swing voter in swing-state Wisconsin, says President Donald Trump has won his vote for November\u2019s election thanks to his response to the coronavirus pandemic.\n\nEngelmann, who voted twice for Democrat Barack Obama but switched his support to Republican Trump in 2016, believes the president is best suited to revive the virus-ravaged economy, not his Democratic rival, Joe Biden. He also trusts Trump to hold Beijing accountable for the novel coronavirus pandemic that began in the Chinese city of Wuhan.\n\n\u201cI definitely want Trump fighting against China rather than Biden, by far,\u201d said Engelmann, 50, who works for a food distribution company in Racine County, Wisconsin.\n\nHe was highlighting two major pillars of Trump\u2019s re-election messaging after the worst U.S. health and economic crises in generations forced his campaign to retool a message that had been built on economic prosperity under his presidency.\n\nSeveral Trump aides say their 2020 campaign will now be chiefly defined by two themes: Trump is the only candidate who can resurrect the economy and that Biden will not be as tough on China, a country Trump is blaming for the pandemic.\n\nIt is a message resonating with Trump\u2019s base, according to interviews with more than 50 voters in three swing counties in the battleground states of Pennsylvania, Michigan and Wisconsin - states Trump won in 2016 by less than a percentage point and that will decide whether he can win a second term.\n\nTrump officials say the new messaging, being sent to Republican state leaders across the country and pushed in new anti-Biden ads across swing states, reflects internal and external polling data that shows voters trust Trump more on the economy, and that Americans across party lines distrust China.\n\n\u201cVoters know China was a bad actor on the virus. The president made clear to pinpoint China as the origin of the virus,\u201d said Tim Murtaugh, the Trump campaign\u2019s spokesman. \u201cWe\u2019re going to push this.\u201d\n\nTJ Ducklo, Biden\u2019s campaign spokesman, described Trump\u2019s response to the crisis as a \u201cdisaster.\u201d He accused Trump of being \u201cduped\u201d by China earlier this year and pointed to the fact that Trump heaped praise on Chinese President Xi Jinping\u2019s handling of the outbreak during January and February.\n\nFILE PHOTO: A Trump 2020 flag hangs on the front porch in a residential neighborhood in Livonia, Michigan, U.S. amid an outbreak of coronavirus disease (COVID-19), in U.S., April 17, 2020. REUTERS/Emily Elconin/File Photo\n\n\u201cThis election will be a referendum on Donald Trump\u2019s historic failures as president,\u201d Ducklo said.\n\nTOUGH CLIMATE FOR INCUMBENT\n\nThe recalibrated strategy comes as Trump faces a more difficult re-election campaign amid an outbreak that has now infected more than 1.2 million in the United States and killed over 70,000 - the world\u2019s highest number of cases and deaths - and led to over 30 million filing for unemployment in the past six weeks.\n\nSuch is the scale of the crisis that it makes re-election for an incumbent president tough, whatever his messaging, said Stu Rothenberg, a non-partisan political analyst.\n\n\u201cThose themes could resonate with his base, but he needs to expand beyond that to win. He\u2019s got to change the opinion of swing voters,\u201d Rothenberg said. \u201cIn a few months, we are still going to be in a deep hole. And a lot of them don\u2019t like his style ... his divisiveness.\u201d\n\nInterviews with voters in Racine, Wisconsin; Northampton, Pennsylvania; and Macomb, Michigan, illustrate the challenge. Every Democratic voter, and even a few who reluctantly voted for Trump in 2016, said they had been further alienated by what they viewed as his botched handling of the pandemic, and his divisive rhetoric at a time of crisis.\n\nSome also see political risks from a Republican-led and Trump-endorsed push to reopen the economy despite warnings of a new spike in cases and deaths. Projections of U.S. coronavirus deaths jumped after several states such as Georgia and Florida opened up their economies.\n\nLee Snover, head of the Republican Party in Northampton County, Pennsylvania, recently lost her father to COVID-19, the respiratory disease caused by the novel coronavirus, and could not be at his deathbed. She said Republicans needed to be careful about going too far in criticizing the economic shutdown and dismissing the health risks.\n\n\u201cYes, we need to reopen the economy, but we also need to recognize that the virus is real and poses a threat.\u201d\n\nSILVER LINING\n\nHistorically, difficult economic conditions have often torpedoed the re-election hopes of sitting U.S. presidents, including Jimmy Carter in 1980 and George H. W. Bush in 1992.\n\nBut the Trump campaign sees a silver lining, as more states allow businesses to reopen and an increasing number of Americans want to get back to work.\n\nIn the latest Reuters/Ipsos poll conducted Monday and Tuesday, 45% of Americans said Trump would be better at creating jobs, compared with 32% who thought Biden would be better at it.\n\nTrump\u2019s campaign aides also see rising anger with China over the coronavirus as an opening. Trump in recent weeks has ramped up his criticism of Beijing and threatened new tariffs on China, and officials said they were considering retaliatory measures against China over the outbreak.\n\nA Pew Research Center survey in late April showed two-thirds of Americans viewed China unfavorably now, up 20 points since the start of the Trump administration in January 2017.\n\nStarting next week, messaging on China will be sent to Republican state party officials, accusing China of costing American lives and that \u201cJoe Biden is good for China but bad for America,\u201d one campaign aide said.\n\nDuane Miller, 82, a Northampton County resident who voted for Trump in 2016, said he was sickened by how both parties had politicized the coronavirus crisis.\n\n\u201cIf I had to vote today \u2013 and I\u2019ve been voting for decades \u2013 I probably would not even vote.\u201d",
    "title": "Blame China. Remake economy: Trump pivots to new election message amid pandemic",
    "top-image": "https://static.reuters.com/resources/r/?m=02&d=20200507&t=2&i=1517822620&r=LYNXMPEG460S1&w=800",
    "df_date": 20200507,
    "source": "www.reuters.com",
    "label": "reliable"
}