{
    "url": "https://www.nytimes.com/2020/05/07/us/unemployment-aid-coronavirus-congress.html",
    "uid": "1637753495.7175648.-2020-05-07-us-unemployment-aid-coronavirus-congress-html",
    "images": [
        "https://static01.nyt.com/images/2020/05/07/us/politics/07dc-virus-joblessaid1/07dc-virus-joblessaid1-facebookJumbo-v2.jpg?year=2020&h=550&w=1050&s=ebbafbe26625fbba17b8c33f3a19a7c32b3cba421440e10a9adbde0eacc43349&k=ZQJBKqZ0VN",
        "https://static01.nyt.com/images/2018/06/14/multimedia/author-carl-hulse/author-carl-hulse-thumbLarge.png",
        "https://static01.nyt.com/images/2020/05/07/us/politics/07dc-virus-joblessaid1/07dc-virus-joblessaid1-articleLarge-v2.jpg?quality=75&auto=webp&disable=upscale"
    ],
    "publication-date": "2020-05-07",
    "text": "Senator John Cornyn of Texas called the expanded unemployment benefits enacted as part of the coronavirus stimulus law a lifeline. Senator Steve Daines of Montana said they were protecting vulnerable families. Senator Mitch McConnell of Kentucky, the majority leader, called the aid an effort to expand relief for those suddenly left unemployed by the pandemic.\n\nSenator Ron Wyden, Democrat of Oregon, called his Republican colleagues \u2014 who had resisted the generous expansion of jobless aid \u2014 nervy.\n\n\u201cWith more than 30 million Americans unemployed through no fault of their own, those Republicans sure have chutzpah,\u201d said Mr. Wyden, the top Democrat on the Senate Finance Committee, noting that those same Republicans voted to limit the assistance. \u201cThey have been out boasting about getting unemployment increases they voted against.\u201d\n\nThe aid set off a partisan divide during the last round of coronavirus relief legislation and has emerged as a sticking point again as lawmakers begin hammering out the fourth phase of government help. The additional money \u2014 $600 per week for 16 weeks \u2014 is set to expire at the end of July.",
    "title": "Partisan Divide Over Next Coronavirus Stimulus Package",
    "top-image": "https://static01.nyt.com/images/2020/05/07/us/politics/07dc-virus-joblessaid1/07dc-virus-joblessaid1-facebookJumbo-v2.jpg?year=2020&h=550&w=1050&s=ebbafbe26625fbba17b8c33f3a19a7c32b3cba421440e10a9adbde0eacc43349&k=ZQJBKqZ0VN",
    "df_date": 20200507,
    "source": "www.nytimes.com",
    "label": "reliable"
}