{
    "url": "https://www.washingtontimes.com/news/2020/may/6/california-gov-newsoms-billion-dollar-mask-deal-hi/",
    "uid": "1637753424.2738652.-news-2020-may-6-california-gov-newsoms-billion-dollar-mask-deal-hi-",
    "images": [
        "//twt-assets.washtimes.com/img/icon-rss.ecce5bc46ce2.jpg",
        "https://twt-thumbs.washtimes.com/media/specials/Cheryl_1400_1400_c0-0-1400-1400_s65x65.jpg?dc490f8254460a2b3d9942f04bc6121fe02a99a2",
        "//twt-assets.washtimes.com/img/WLogoNoBack.b80e1949f96a.png",
        "//twt-assets.washtimes.com/img/icon-facebook.0660d81626c5.jpg",
        "https://px.ads.linkedin.com/collect/?pid=1586410&fmt=gif",
        "https://twt-thumbs.washtimes.com/media/specials/Martin_Square_c0-0-1400-1400_s65x65.jpg?dc490f8254460a2b3d9942f04bc6121fe02a99a2",
        "https://twt-thumbs.washtimes.com/media/image/2020/05/06/virus_outbreak_california_masks_81304_c0-157-3775-2359_s1200x700.jpg?7039e6f4b09c4a220d207ecfa8224aec72e02c2b",
        "//twt-assets.washtimes.com/img/icon-twitter.fc7373fc5e89.jpg",
        "https://twt-thumbs.washtimes.com/media/img/staff/2019/peter-morici-350_s85x119.jpg?aa9e42ea593811e08acc2f2e2737164ab5d201f0",
        "https://twt-thumbs.washtimes.com/media/specials/FP_1400X1400.7_c0-0-1400-1400_s65x65.png?dc490f8254460a2b3d9942f04bc6121fe02a99a2",
        "https://twt-thumbs.washtimes.com/media/image/2020/05/06/virus_outbreak_california_masks_81304_c0-158-3775-2359_s885x516.jpg?549c789de366832c3081d72dadf4127dae8ab5bc",
        "//pixel.quantserve.com/pixel/p-c69_1G6fdlihY.gif",
        "https://twt-thumbs.washtimes.com/media/img/staff/2016/clifford-may-350_s85x119.jpg?aa9e42ea593811e08acc2f2e2737164ab5d201f0",
        "//twt-assets.washtimes.com/img/icon-instagram.72fc92d824f0.jpg",
        "//twt-assets.washtimes.com/images/TWTlogo3.5238e37e24b5.png",
        "https://twt-thumbs.washtimes.com/media/img/staff/2021/kelly-riddell-350_s85x119.jpg?aa9e42ea593811e08acc2f2e2737164ab5d201f0"
    ],
    "publication-date": null,
    "text": "SACRAMENTO, Calif. (AP) - California will be refunded $247 million it paid to a Chinese company under a major deal for protective masks after the company failed to meet a deadline for federal certification of the masks, Gov. Gavin Newsom\u2019s administration said Wednesday.\n\nNewsom announced the contract last month to fanfare, saying California had inked a nearly $1 billion deal for 200 million protective masks per month amid the coronavirus pandemic. Most were set to be tight-fitting N-95 respirator masks, while the rest would be looser-fitting surgical masks. Millions of the surgical masks already arrived, but the company missed an April 30 deadline outlined in the contract for certification of the N95 masks by the National Institute for Occupational Safety and Health.\n\nThe respirator masks were set to start arriving this month, with tens of millions planned for shipment in May. The governor\u2019s office provided no details on what caused the certification delay.\n\nThe $247 million is half of an up-front payment the state made for the contract in April in an unusual move of making a payment before goods were delivered. The state could\u2019ve clawed back all of its up-front payment under the original agreement, but an amendment signed Wednesday gives the company another month to meet the certification. If the masks aren\u2019t certified by May 31, California can get the rest of the payment back in early June.\n\nThe state paid $3.30 per N95 and 55 cents per surgical mask under the contract. The state made a seperate $104.7 million payment last week for the delivery of the surgical masks.\n\nWhile the state initially sought 100 million surgical masks through the deal, it now plans to buy even more, according to the amendment, though it didn\u2019t include a specific number. The state and BYD must set an updated delivery schedule for the surgical masks by Friday.\n\nA new payment and delivery schedule for the N95 masks must be set by May 22. Under the federal certification process, the final validation step would take place in Utah, Newsom said previously. It wasn\u2019t clear where the delay in the federal certification process occurred or whether the masks had yet arrived in the United States.\n\nNewsom said last month that the state and federal governments had \u201cteams on the ground\u201d in China auditing and visiting BYD\u2019s factories.\n\nNewsom\u2019s administration declined for weeks to share the contract publicly, prompting criticism from lawmakers. On Tuesday, the state\u2019s Office of Emergency Services and Department of General Services denied the Associated Press\u2019 request for the contract, saying sharing it could jeopardize the delivery of the supplies.\n\nBut Newsom reversed course, saying he wanted to release it to be \u201cas transparent as possible.\u201d When the surgical masks began arriving, Newsom said he was confident the supplies would arrive and he became more comfortable sharing the details. He said the state\u2019s payment of $3.30 per mask was low compared to other states and federal buyers that had paid about $6 to $7 per mask.\n\nThe contract shows the agreement with BYD goes through June 2020, with an option for one-month extensions. It states everything made under the agreement must be \u201cnewly manufactured\u201d and that the company cannot use sweatshop, forced, child or other controversial labor practices. The company has in the past faced accusations of unfair labor practices.\n\nWhile the masks will be made in China, the contract requires the company to comply with various U.S. and California environmental and labor laws.\n\nRepublican Assemblyman Jay Obernolte, vice chairman of the Assembly Budget Committee, commended Newsom\u2019s administration for \u201cdoing the best that they can to navigate a difficult situation\u201d with certification of the masks. But he was frustrated they waited so long to release the contract.\n\n\u201cOur frustration is the Legislature has a constitutional duty to provide spending oversight over these taxpayer resources, and we feel like we have not been able to exercise that duty in the last six weeks,\u201d he said.\n\nDocuments from the treasurer\u2019s office indicated Newsom\u2019s administration hadn\u2019t finished vetting BYD before Newsom publicly announced the contract or before his administration asked the state treasurer\u2019s office to prepare the initial wire transfer.\n\nWhen the treasurer\u2019s office asked for confirmation the vendor had been vetted on April 8, the day after Newsom announced the deal on MSNBC, Thomas Todd in the Department of Finance said \u201cthey\u2019re vetting the vendor as we speak.\u201d\n\nThis isn\u2019t the first time California wired money that was then returned for masks. In March, California wired nearly half a billion dollars to Blue Flame Medical LLC for 100 million masks, but canceled the deal and got its money back later that day, CalMatters reported on Wednesday.\n\nSeparately, the state was refunded $8.7 million less than two weeks after wiring the amount to a company with a Florida address, Hichens Harrison Capital Partners, according to documents from the treasurer\u2019s office. The company, which has a subsidiary in Brazil and business with China, currently advertises an \u201cexclusive line of ventilators\u201d on its website.\n\nIn an April 13 email to California officials, Peter Leite, the president of Hichens Harrison Capital Partners, wrote the order was canceled and the money would be returned. Leite referred questions about the canceled transaction to the state on Wednesday. Spokesman for the governor\u2019s office and the Office of Emergency Services didn\u2019t immediately answer questions about the transaction.\n\n___\n\nAssociated Press reporter Cuneyt Dil contributed.",
    "title": "California to get $247M refund as masks face delivery delay",
    "top-image": "https://twt-thumbs.washtimes.com/media/image/2020/05/06/virus_outbreak_california_masks_81304_c0-157-3775-2359_s1200x700.jpg?7039e6f4b09c4a220d207ecfa8224aec72e02c2b",
    "df_date": 20200507,
    "source": "www.washingtontimes.com",
    "label": "reliable"
}