{
    "url": "https://www.reuters.com/article/health-coronavirus-britain-lewis/bank-of-england-forecasts-a-real-wake-up-call-uk-minister-idUSL8N2CP2MX",
    "uid": "1637753443.924475.-article-health-coronavirus-britain-lewis-bank-of-england-forecasts-a-real-wake-up-call-uk-minister-",
    "images": [
        "https://s1.reutersmedia.net/resources_v2/images/rcom-default.png?w=800"
    ],
    "publication-date": "2020-05-07",
    "text": "LONDON, May 7 (Reuters) - Bank of England forecasts that Britain could be facing the biggest economic slump for 300 years are a \u201creal wake up call\u201d, Northern Ireland Secretary Brandon Lewis said on Thursday.\n\nIn what it called an illustrative scenario, the BoE said it saw a plunge of 14% in Britain\u2019s economy in 2020 followed by 15% bounce-back in 2021.\n\nLewis also said the public should be cautious over newspaper stories that the government\u2019s stay at home message to curb the spread of the coronavirus would be significantly changed in a review of the lockdown over the next few days.\n\n\u201cI would just say to people to not get too carried away with what we may be reading and just wait until the government guidelines and the prime minister\u2019s statement,\u201d Lewis told BBC TV. (Reporting by Michael Holden and Kylie MacLellan; Editing by Guy Faulconbridge)",
    "title": "Bank of England forecasts a real wake up call - UK minister",
    "top-image": "https://s1.reutersmedia.net/resources_v2/images/rcom-default.png?w=800",
    "df_date": 20200507,
    "source": "www.reuters.com",
    "label": "reliable"
}