{
    "url": "https://www.reuters.com/article/us-health-coronavirus-britain-insurance/uk-watchdog-aims-for-july-court-date-on-business-interruption-insurance-policyholder-idUSKBN22J2HM",
    "uid": "1637753486.5839365.-article-us-health-coronavirus-britain-insurance-uk-watchdog-aims-for-july-court-date-on-business-in",
    "images": [
        "https://static.reuters.com/resources/r/?m=02&d=20200507&t=2&i=1517826094&r=LYNXMPEG461I3&w=800"
    ],
    "publication-date": "2020-05-07",
    "text": "LONDON (Reuters) - Britain\u2019s Financial Conduct Authority (FCA) aims to get business interruption insurance policies examined by a court as soon as July, a member of a policyholder action group said on Thursday.\n\nFILE PHOTO: The logo of the new Financial Conduct Authority (FCA) is seen at the agency's headquarters in the Canary Wharf business district of London April 1, 2013. REUTERS/Chris Helgren/File Photo\n\nThe Hiscox Action Group, which is seeking to sue Hiscox HSX.L over allegations that legitimate business interruption (BI) claims have been rejected during the coronavirus pandemic, held a discussion with the FCA this week, Daniel Duckett said.\n\nDuckett, who is a member of the 450-strong action group\u2019s steering committee, told Reuters it was the FCA\u2019s \u201cambition\u201d to bring the case before the court in July. \u201cThat\u2019s 16 weeks from the start of the lockdown, which really concerns us,\u201d he added.\n\nThe FCA, which said last week it would seek clarity from the courts about whether the wording of some BI insurance policies should provide cover as a result of the pandemic, had no immediate comment on the timing of the case.\n\nIt has not named the insurers whose policies it is seeking to put before the court.\n\nHiscox and other insurers have said they understand these are difficult times for shuttered businesses and that they are paying valid claims fairly and quickly.\n\nThe late March government lockdown, designed to slow the spread of the deadly coronavirus, has forced many companies in Britain to temporarily suspend operations and furlough staff in an effort to survive. Many had also banked on BI payouts and a number of insurers have been threatened with legal action.\n\nThe dispute hinges on whether the lockdown and the coronavirus are enough to trigger a clause in business interruption insurance, designed for insured premises that cannot be used because of restrictions imposed by a public authority and in the event of a notifiable disease or infection.\n\nTop insurers such as Allianz ALVG.DE, AXA AXAF.PA, RSA RSA.L, QBE QBE.AX and Zurich ZURN.S also face potential multi-million pound lawsuits from British businesses such as pubs, hotels, restaurants and leisure groups that allege legitimate business interruption claims have been rejected.\n\nQBE said last week it had received a letter from the FCA.\n\nRSA has not been asked to take part in the FCA\u2019s court request as of Thursday a spokesman said.\n\nSmall businesses in dispute with their insurers can also turn to the Financial Ombudsman Services (FOS), a body set up to settle disputes for claims capped at 355,000 pounds ($437,000) between consumers and businesses providing financial services.\n\nThe FOS said it would progress those cases it could, but would also consider what the FCA\u2019s decision to obtain a court declaration would mean for its work.\n\nLloyd\u2019s of London chairman Bruce Carnegie-Brown told an online conference on Thursday that he would like to see coordination between regulators, ensuring that the ombudsman would accept the court findings.",
    "title": "UK watchdog aims for July court date on business interruption insurance: policyholder",
    "top-image": "https://static.reuters.com/resources/r/?m=02&d=20200507&t=2&i=1517826094&r=LYNXMPEG461I3&w=800",
    "df_date": 20200507,
    "source": "www.reuters.com",
    "label": "reliable"
}