{
    "url": "https://uk.reuters.com/article/uk-health-coronavirus-usa-canada/canada-u-s-to-extend-travel-ban-trump-muses-about-cattle-block-idUKKBN22V2Z0",
    "uid": "1637677548.499684.-article-uk-health-coronavirus-usa-canada-canada-u-s-to-extend-travel-ban-trump-muses-about-cattle-b",
    "images": [
        "https://static.reuters.com/resources/r/?m=02&d=20200519&t=2&i=1519210372&r=LYNXMPEG4I1Q3&w=800"
    ],
    "publication-date": "2020-05-19",
    "text": "WASHINGTON/OTTAWA (Reuters) - The United States, Mexico and Canada said on Tuesday they would extend a ban on non-essential cross-border travel by another 30 days to help fight the coronavirus.\n\nSlideshow ( 2 images )\n\nThe U.S. Department of Homeland Security said the land-border restrictions, first imposed in mid-March and previously set to expire on Wednesday, would now be extended until June 22 for both Canada and Mexico.\n\n\u201cThis is an important decision that will keep people in both of our countries safe,\u201d Canadian Prime Minister Justin Trudeau said of the U.S.-Canada measures.\n\nMexico\u2019s Foreign Ministry confirmed the 30-day extension.\n\nThe United States also said on Tuesday it would extend pandemic-related rules that permit rapid deportations of migrants caught at U.S. borders, according to a U.S. Centers for Disease Control and Prevention health emergency order.\n\nThe rules, first issued in March and renewed in April, will be extended for an indefinite period but be reviewed by U.S. health officials every 30 days, according to the order.\n\nRelations between Canada and the United States have steadily improved since a low point in June 2018, when President Donald Trump accused Trudeau of being weak.\n\nThe restrictions do not cover trade across a U.S.-Canada border that stretches 5,525 miles (8,891 km).\n\nTrudeau said that once non-essential travel restarted, Canada would need \u201cto have strong measures in place.\u201d\n\nActing U.S. Homeland Security chief Chad Wolf said Washington would examine how Canada and Mexico were handling the outbreak.\n\n\u201cWhat we don\u2019t want to do is try to open up parts of our economy and have a lot of folks coming across the border that we haven\u2019t seen in the past 50 or 60 days,\u201d he told a U.S. Chamber of Commerce event.\n\nWolf said non-essential travel had fallen by 60 to 70%. Air travel is not affected by the order.",
    "title": "U.S. extends travel restrictions at Canada, Mexico land borders",
    "top-image": "https://static.reuters.com/resources/r/?m=02&d=20200519&t=2&i=1519210372&r=LYNXMPEG4I1Q3&w=800",
    "df_date": 20200519,
    "source": "uk.reuters.com",
    "label": "reliable"
}