{
    "url": "https://www.telegraph.co.uk/health-fitness/body/inside-donald-trumps-anti-coronavirus-cocktail/",
    "uid": "1637677531.3591535.-health-fitness-body-inside-donald-trumps-anti-coronavirus-cocktail-",
    "images": [
        "/content/dam/health-fitness/2021/11/23/IMG_1057-1_trans_NvBQzQNjv4BqOqudVcejJefpKykZ6w_aFWQnZJIETfWB_fUbKb77n0w.JPG?imwidth=350",
        "/content/dam/health-fitness/2021/11/22/TELEMMGLPICT000272880671_trans_NvBQzQNjv4BqPSGJeyftEP9WNF5nKPELKbFnE7heq-OXUN9p51zj21c.jpeg?imwidth=350",
        "/content/dam/vouchercodes/logo_hollandandbarrett.png?impolicy=thumbnail",
        "/content/dam/health-fitness/2021/11/19/BED-OF-LIES-2-LEAD-IMAGE-1-1-xlarge_trans_NvBQzQNjv4Bqparamcrop_0_0_10000_10000_trans_NvBQzQNjv4BqqVzuuqpFlyLIwiB6NTmJwfSVWeZ_vEN7c6bHu2jJnT8.jpg?imwidth=350",
        "/content/dam/health-fitness/2021/09/30/TELEMMGLPICT000272245492_trans_NvBQzQNjv4BqYWNJspVvOUVBAuV2D2wK5t3Ei2lTSMlmEnQxlj38zGk.jpeg?imwidth=350",
        "https://i.ytimg.com/vi/kD1neyeUZ7g/mqdefault.jpg",
        "/content/dam/vouchercodes/logo_wiggle.png?impolicy=thumbnail",
        "/content/dam/vouchercodes/logo_evesleep.png?impolicy=thumbnail",
        "/content/dam/health-fitness/2021/11/12/TELEMMGLPICT000263741975_trans_NvBQzQNjv4BqpVlberWd9EgFPZtcLiMQf0Rf_Wk3V23H2268P_XkPxc.jpeg?imwidth=350",
        "/content/dam/vouchercodes/logo_myprotein.png?impolicy=thumbnail",
        "/content/dam/health-fitness/2021/11/18/TELEMMGLPICT000230357391_trans_NvBQzQNjv4Bqek9vKm18v_rkIPH9w2GMNpPHkRvugymKLtqq96r_VP8.jpeg?imwidth=350",
        "/content/dam/health-fitness/2020/05/19/1905_TRUMP-PILL_trans_NvBQzQNjv4BqqVzuuqpFlyLIwiB6NTmJwadB43YcT-l0VWSWTjOXzuI.jpg?imwidth=680",
        "/content/dam/generic/Matt-cartoon-255x206px-small.png",
        "https://www.telegraph.co.uk/content/dam/health-fitness/2020/05/19/1905_TRUMP-PILL_trans_NvBQzQNjv4BqqVzuuqpFlyLIwiB6NTmJwadB43YcT-l0VWSWTjOXzuI.jpg?impolicy=logo-overlay",
        "/content/dam/vouchercodes/logo_lookfantastic.png?impolicy=thumbnail",
        "/content/dam/vouchercodes/logo_simbasleep.png?impolicy=thumbnail"
    ],
    "publication-date": "2020-05-19",
    "text": "It is not unusual for Donald Trump to veer wildly off topic when talking to journalists, but his words at Monday\u2019s White House meeting were particularly unexpected. It was supposed to be an event devoted to his country\u2019s struggling restaurants, which like their counterparts across the world have been thrown into crisis by the coronavirus pandemic.\n\nBut at one point the U.S. president headed off on a tangent, and told reporters that he was trying to ward off coronavirus by taking hydroxychloroquine, an anti-malaria drug that his own government\u2019s health officials warn could be unsafe.\n\nHe also said he is taking daily zinc supplements, and has received a one-time injection of antibiotics.\n\n\u201cI'm taking [hydroxychloroquine] for about a week and a half now and I'm still here, I'm still here,\u201d he told the reporters, who quickly broke into a hubbub of follow-up questions.\n\nOf course, it's quite possible that Trump knew what he was doing: deflecting attention away from his country's parlous hospitality industry. But when it comes to coronavirus, the US president is known to promote the benefits of less-than-conventional treatments. Last month, at what was supposed to be a White House presentation about how the virus fares in hot conditions, the 73-year-old president took the microphone, and wondered aloud whether doctors could inject Covid-19 patients with disinfectant. \u201cIs there a way we can do something like that, by injection inside or almost a cleaning?\u201d he asked. He also appeared to suggest that doctors might try shining ultraviolet light into patient\u2019s bodies.\n\nThose comments were widely condemned by scientists at the time. So, what do they make of the recent missives from Trumpland?\n\nHydroxychloroquine\n\nAt first glance, the president\u2019s most recent intervention on hydroxychloroquine doesn't seem quite as ridiculous as his previous theories on disinfectant and ultraviolet light.\n\nThe antimalarial drug is based on a material found in the bark of a Cinchona tree in South America, nicknamed the \u201cJesuit Bark\u201d in the 16th Century because of its seemingly miraculous ability to treat fevers, which were mostly caused by malaria. In the modern day, it is also used to treat various autoimmune disorders. When looking for a quick treatment for Covid-19, scientists say, it is much easier to repurpose existing drugs than to develop an entirely new drug, and hydroxychloroquine has been touted within the community due to its antiviral qualities. The drug is currently being tested against Covid-19 in some 150 trials across the world.\n\nBut as yet none have produced conclusive results, and doctors and scientists stress that there is still no good evidence for the efficacy of hydroxychloroquine against Covid-19.",
    "title": "Inside Donald Trump's anti-coronavirus cocktail",
    "top-image": "https://www.telegraph.co.uk/content/dam/health-fitness/2020/05/19/1905_TRUMP-PILL_trans_NvBQzQNjv4BqqVzuuqpFlyLIwiB6NTmJwadB43YcT-l0VWSWTjOXzuI.jpg?impolicy=logo-overlay",
    "df_date": 20200519,
    "source": "www.telegraph.co.uk",
    "label": "reliable"
}