{
    "url": "https://www.reuters.com/article/us-health-coronavirus-amazon/regional-health-body-warns-of-covid-19-spread-in-amazon-tri-border-area-idUSKBN22V2FI",
    "uid": "1637677527.0134184.-article-us-health-coronavirus-amazon-regional-health-body-warns-of-covid-19-spread-in-amazon-tri-bo",
    "images": [
        "https://s1.reutersmedia.net/resources_v2/images/rcom-default.png?w=800"
    ],
    "publication-date": "2020-05-19",
    "text": "BRASILIA (Reuters) - The Pan American Health Organization (PAHO) warned on Tuesday that new coronavirus is spreading rapidly in the tri-border area of the Amazon between Brazil, Colombia and Peru and threatens to infect remote indigenous communities in the rainforest.\n\nPAHO directors urged in a virtual briefing that special measures be taken to protect vulnerable groups among the poor and indigenous populations of the Americas. They said contagion was rising fast in densely populated Amazon border cities such as Manaus, Leticia and Iquitos, and the greatest danger is the COVID-19 spreading now to isolated villages.",
    "title": "Regional health body warns of COVID-19 spread in Amazon tri-border area",
    "top-image": "https://s1.reutersmedia.net/resources_v2/images/rcom-default.png?w=800",
    "df_date": 20200519,
    "source": "www.reuters.com",
    "label": "reliable"
}