{
    "url": "https://edition.cnn.com/us/live-news/us-coronavirus-update-05-19-20/",
    "uid": "1637677515.0310395.-us-live-news-us-coronavirus-update-05-19-20-",
    "images": [
        "//cdn.cnn.com/cnn/2019/images/03/20/live-story-status_light.gif",
        "https://dynaimage.cdn.cnn.com/cnn/digital-images/org/f253f741-0eea-4546-bc57-c0bd2ad86c27.jpg",
        "//cdn.cnn.com/cnnnext/dam/assets/211122104656-02-arbery-closing-dunikoski-1122-small-11.jpg",
        "https://dynaimage.cdn.cnn.com/cnn/digital-images/org/427d0c43-5f0b-46c0-b6f6-1177a0b4a1a1.jpg",
        "//cdn.cnn.com/cnnnext/dam/assets/211122043246-11-waukesha-wisconsin-incident-11-21-2021-small-11.jpg",
        "https://dynaimage.cdn.cnn.com/cnn/digital-images/org/57698389-b7cd-432a-98fc-79801715e89d.jpg",
        "https://dynaimage.cdn.cnn.com/cnn/digital-images/org/9e423e15-2bdd-4d50-bf06-5c8ee0fe0b56.jpg",
        "https://dynaimage.cdn.cnn.com/cnn/digital-images/org/db34a4a6-aa0a-455a-86dc-ffa7e44f6551.jpg",
        "https://cdn.cnn.com/cnnnext/dam/assets/200213175739-03-coronavirus-0213-super-tease.jpg",
        "https://dynaimage.cdn.cnn.com/cnn/digital-images/org/1fd5622a-2645-4fa2-83e7-182331c90bf5.jpg"
    ],
    "publication-date": "2020-05-19",
    "text": "Coronavirus killed nearly 40% of critically ill patients treated at two New York City hospitals in the early days of the pandemic, doctors reported Tuesday.\n\nAn in-depth look at more than 1,100 patients treated at two Columbia University hospitals showed a high rate of severe illness and death in March, when New York was suffering the worst outbreak in the US.\n\n\u201cAs of 28 April 2020, almost 40% of the critically ill patients had died and more than one third remained in hospital. Less than one quarter had been discharged alive,\u201d Dr. Natalie Yip of Columbia University Irving Medical Center and colleagues wrote in the Lancet medical journal.\n\nYip and colleagues examined the cases of 1,150 adults admitted to Columbia\u2019s two hospitals in northern Manhattan in March. Of them, 257 or 22% were critically ill.\n\n\u201cThe majority of critically ill patients were men (67%),\u201d they wrote. While most critically ill patients were on average 62, 1 in 5 were under 50.\n\n\u201cMore than 80% of critically ill patients had at least one chronic illness,\u201d they added. More than 60% had high blood pressure and 36% had diabetes. Close to half were obese. These have all been noted in other studies to raise the risk of severe disease.\n\nMost of the critically ill patients, 79%, needed ventilators to breathe and they stayed on those ventilators for an average of 18 days, the team reported. And 31% needed dialysis because of kidney damage.\n\n\u201cThis has important implications for resource allocation in hospitals, where access to equipment and specialized staff needed to deliver this level of care is limited,\u201d Dr. Max O\u2019Donnell of Columbia University Irving Medical Center, who led the study team, said in a statement.\n\nWhile 81% of the patients got either hydroxychloroquine or remdesivir, the study could not show whether either drug helped.\n\nMany of the patients belonged to ethnic minorities. \u201cSpecifically, our cohort included a high proportion of Hispanic or Latino and black or African American patients who are known to have higher prevalence of cardiometabolic comorbidities and socioeconomic vulnerabilities that may make social distancing and access to care more difficult,\u201d the team wrote.",
    "title": "US coronavirus update: Latest news on cases, deaths and reopenings",
    "top-image": "https://cdn.cnn.com/cnnnext/dam/assets/200213175739-03-coronavirus-0213-super-tease.jpg",
    "df_date": 20200519,
    "source": "edition.cnn.com",
    "label": "reliable"
}