{
    "url": "https://www.thetelegraph.com/news/article/COVID-19-items-top-county-board-agenda-15278547.php",
    "uid": "1637677529.3722517.-news-article-covid-19-items-top-county-board-agenda-15278547-php",
    "images": [
        "https://www.thetelegraph.com/img/pages/article/opengraph_default.jpg",
        "/img/core/hearst_newspapers_logo.svg",
        "https://s.hdnux.com/photos/01/22/74/44/21743901/3/ratio1x1_100.jpg",
        "https://s.hdnux.com/photos/01/22/61/42/21698696/3/ratio1x1_100.jpg",
        "https://s.hdnux.com/photos/01/22/62/40/21702684/3/ratio1x1_100.jpg",
        "https://s.hdnux.com/photos/01/22/74/65/21744983/3/ratio1x1_100.jpg",
        "https://s.hdnux.com/photos/01/22/75/15/21746558/3/ratio1x1_100.jpg",
        "https://s.hdnux.com/photos/01/22/74/64/21744922/3/ratio1x1_100.jpg",
        "/img/logos/black/logo.svg",
        "https://s.hdnux.com/photos/01/22/70/75/21729123/3/ratio1x1_100.jpg",
        "https://s.hdnux.com/photos/01/22/73/72/21741202/3/ratio1x1_100.jpg"
    ],
    "publication-date": "2020-05-18",
    "text": "EDWARDSVILLE \u2014 Several items related to the coronavirus pandemic are up for consideration at Wednesday\u2019s Madison County Board meeting, including funding for an ultraviolet sanitation unit for the Madison County Jail.\n\nMost of the items are being brought through the Finance and Government Operations and the Grants committees.\n\nIncluded in the Finance Committee\u2019s items is an emergency appropriation for $100,000 for the portable ultraviolet sanitation unit, which will be used to assist disinfecting portions of the Madison County Jail.\n\nJails, prisons, nursing homes and other facilities where people are densely packed together with limited ability to move freely are especially concerning to public health officials because of the ability of the COVID-19 virus to easily spread. So far there have been no cases reported at the Madison County Jail.\n\nThe U.S. Department of Justice is providing $58,008 of the approximate $100,000 cost for the unit, with the remainder coming from the Jail Commissary Fund.\n\nAlso under the Finance Committee are two additional COVID-19 related emergency appropriations: a $132,879 federal grant coming through the Illinois Department of Public Health and a $25,000 grant from Phillips 66 to provide safe shelter to first responders exposed to COVID-19 due to their work.\n\nMadison County Community Development is also seeking approval to apply for several COVID-19 related grants, including $1.75 million in CARES ACT stimulus funding.\n\nAlton and Granite City receive separate funding from CDBG. According to MCCD, Alton will receive $544,824, Granite City $417,675 and the county $793,450.\n\nThe U.S Department of Housing and Urban Development has suggested the priority use for the funding is Homeless Assistance, Public Services and Mortgage & Rental Assistance, but final guidelines have not been published.\n\nMCCD is also seeking approval to apply for the Covid-19 (Coronavirus) Emergency Homeless Lodging Sub-Recipient Program, which provides hotel/motel vouchers so the homeless can shelter-in-place during the COVID-19 pandemic. The grant total is $48,000.\n\nThe meeting is set for 5 p.m. Wednesday, and will be held via teleconference. To listen to the meeting, visit www.co.madison.il.us/public for instructions.\n\nTo address the County Board email public comments to public@co.madison.il.us with email titled \u201cCounty Board\u201d along with first and last name; the first 5 submissions will be read aloud.",
    "title": "COVID-19 items top county board agenda",
    "top-image": "https://www.thetelegraph.com/img/pages/article/opengraph_default.jpg",
    "df_date": 20200519,
    "source": "www.thetelegraph.com",
    "label": "reliable"
}