{
    "url": "https://nypost.com/2020/05/19/pandemic-threatens-to-deepen-crisis-in-mental-health-care/",
    "uid": "1637677533.1085868.-2020-05-19-pandemic-threatens-to-deepen-crisis-in-mental-health-care-",
    "images": [
        "//googleads.g.doubleclick.net/pagead/viewthroughconversion/988380111/?value=0&guid=ON&script=0",
        "https://thenypost.files.wordpress.com/2020/05/ap_20128588011896-1.jpg?quality=90&strip=all&w=662&strip=all",
        "https://nypost.com/wp-content/uploads/sites/2/2021/11/lady-gaga-gained-weight-gucci-04.jpg?quality=90&strip=all&w=260",
        "https://thenypost.files.wordpress.com/2020/05/ap_20128588032570-1.jpg?quality=90&strip=all&w=662&strip=all",
        "https://thenypost.files.wordpress.com/2020/05/ap_20128588228235-1.jpg?quality=90&strip=all&w=662&strip=all",
        "https://nypost.com/wp-content/uploads/sites/2/2021/11/shabazz.jpg?quality=90&strip=all&w=260",
        "https://nypost.com/wp-content/uploads/sites/2/2021/11/joe-judge-jason-garrett-giants.jpg?quality=90&strip=all&w=260",
        "https://cf-images.us-east-1.prod.boltdns.net/v1/static/4137224153001/85aa10bc-73b6-4692-a20c-9a6c67801575/37997c21-d38b-46e1-afb3-bd1907750944/1280x720/match/image.jpg",
        "https://nypost.com/wp-content/uploads/sites/2/2020/05/ap_20128588236305-1.jpg?quality=90&strip=all&w=1024",
        "https://sb.scorecardresearch.com/p?c1=2&c2=6390601&cj=1&cv=3.6",
        "https://thenypost.files.wordpress.com/2020/05/ap_20128587848731-1.jpg?quality=90&strip=all&w=662&strip=all",
        "https://nypost.com/wp-content/mu-plugins/jetpack-9.8/modules/sharedaddy/images/loading.gif",
        "https://thenypost.files.wordpress.com/2020/05/ap_20128588221185-1.jpg?quality=90&strip=all&w=662&strip=all",
        "https://nypost.com/wp-content/uploads/sites/2/2021/11/wwe-comp.jpg?quality=90&strip=all&w=260",
        "https://nypost.com/wp-content/mu-plugins/vip-helpers/images/vip-powered-dark-small.png",
        "https://nypost.com/wp-content/uploads/sites/2/2020/05/ap_20128588236305-1.jpg?quality=90&strip=all&w=744"
    ],
    "publication-date": "2020-05-19",
    "text": "NEW YORK \u2014 More than three weeks after Brandon Bell stopped showing up at a New York office that serves people with schizophrenia, employees finally located him at a nearby homeless shelter.\n\nThe office remains open, but patients aren\u2019t stopping by as much during the pandemic. Group activities such as the weekly Caribbean lunch that were also an important source of food have ended because of the coronavirus. Visits from caregivers are less frequent and shorter \u2014 usually five or 10 minutes \u2014 to reduce the risk of infection.\n\nWhen a caregiver recently checked on him, Bell noted that life before the pandemic was happier and \u201cmore social.\u201d\n\nHis experience highlights the challenges for providers and patients as the pandemic strains the nation\u2019s mental health care system. Even before COVID-19, access to mental health services in the US could be difficult, including for people who have insurance. Now experts fear the virus will make the situation worse, putting the patients most in need at risk of falling through the cracks and inflicting on countless others newfound grief, anxiety and depression.\n\nAlready, social-distancing orders are affecting access to treatment across income levels as therapists and patients scramble to adjust. Medicare and Medicaid have relaxed rules to allow counseling by phone, FaceTime or other remote means. But many of the elderly and poor who rely on those plans aren\u2019t comfortable with the alternatives. Some do not have phones or access to the internet.\n\n\u201cFor people who are socially disadvantaged and have mental illness, it\u2019s just a lot to ask,\u201d said Dr. Jeanie Tse of the Institute for Community Living, which treats Bell and others who would not seek care on their own but are referred to the city by social workers and shelters.\n\nFewer than half of Americans with mental illness reported getting help in the past year, according to a federal survey. Among the big barriers are costs and a shortage of providers.\n\nAt clinics that offer free or low-cost therapy, wait lists often stretch for weeks in normal times. And getting treatment can be just as difficult, or even harder, for people who earn too much to qualify for state help, yet still struggle to get by.\n\nIn Pittsburgh, Pennsylvania, for example, Karalyn Hipsley was working extra on weekends to cover co-pays for therapy and the insurance she has through her husband\u2019s job.\n\nThen the pandemic left her out of work for six weeks and her weekend cleaning jobs disappeared. She\u2019s afraid she will have to cut back on therapy, which helped her establish a stable life after an abusive relationship.\n\n\u201cI\u2019ve been in some very, very low places and I don\u2019t want to be there again,\u201d said Hipsley, 27.\n\nMost insurance plans offer coverage for mental health services, but finding a counselor who takes insurance can be a headache and fees for people without coverage can easily top $100 a session.\n\nThe virus also threatens to send many new patients in search of help. Nearly half of Americans say worry or stress tied to the pandemic has negatively affected their mental health, according to a poll by the Kaiser Family Foundation.\n\n\u201cYou can\u2019t put people into situations where they\u2019re locked in their homes for weeks on end and not expect that there\u2019s going to a significant number of people that develop mental health problems,\u201d said Elinore McCance-Katz, who leads the federal Substance Abuse and Mental Health Services Administration.\n\nIn New York, the city is already seeing more people reaching out to its NYC WELL hotline that offers crisis counseling and referrals for longer-term care. The city plans to expand its staffing from 104 to 191 counselors.\n\n\u201cThis is the beginning of meeting the new demand we anticipate will continue,\u201d said Susan Herman, the program\u2019s director.\n\nMany homeless people are avoiding shelters out of fear of infection, making it harder for agencies to identify people in need of treatment.\n\nTse of the Institute for Community Living said the vast majority of the people referred to the city for care have schizophrenia, which can manifest in many ways, including delusional thinking and the tendency to self-isolate.\n\nAfter social distancing orders went into effect, Tse and her team have continued to check on people who were already under their care. But now the short visits are mainly to ensure people have basic needs such as soap and food, which have become even harder for them to come by.\n\nDuring her recent check-in a shelter in Brooklyn, Tse noticed Bell had lost weight, but she was encouraged that he seemed on friendly terms with people as she took him to a bodega for a sandwich.\n\nBell also seemed upbeat, even as he noted the disruption caused by the pandemic.\n\n\u201cIt\u2019s going to take time to get your mind back into your regular schedule and programming,\u201d he said.",
    "title": "Pandemic threatens to deepen crisis in mental health care",
    "top-image": "https://nypost.com/wp-content/uploads/sites/2/2020/05/ap_20128588236305-1.jpg?quality=90&strip=all&w=1024",
    "df_date": 20200519,
    "source": "nypost.com",
    "label": "reliable"
}