{
    "url": "https://www.reuters.com/article/us-missouri-execution/missouri-plans-first-u-s-execution-since-pandemic-began-idUSKBN22V2OP",
    "uid": "1637677533.1605892.-article-us-missouri-execution-missouri-plans-first-u-s-execution-since-pandemic-began-iduskbn22v2op",
    "images": [
        "https://s1.reutersmedia.net/resources_v2/images/rcom-default.png?w=800"
    ],
    "publication-date": "2020-05-19",
    "text": "(Reuters) - A Missouri man convicted of murdering an elderly woman three decades ago was put to death in Missouri on Tuesday, marking the first execution in the United States since the outbreak of the coronavirus pandemic.\n\nWalter Barton, 64, was pronounced dead at 6:10 p.m. local time (2310 GMT) at the Eastern Reception, Diagnostic and Correctional Center in Bonne Terre, Missouri, state corrections officials said. He was executed for the 1991 murder of Gladys Kuehler, 81.\n\nBarton was convicted of stabbing Kuehler more than 50 times in her Ozark, Missouri home in the trailer park she managed. Kuehler, an acquaintance of Barton, had planned to lend him $20 on the day of the murder, court documents showed.\n\nAfter numerous changes of venue, two mistrials and two overturned convictions, Barton was found guilty of murder and sentenced to death in March 2006. Since then, he filed several unsuccessful appeals in state and federal court.\n\nBarton was the first inmate to be put to death in the United States in the last two months after U.S. states halted 11 pending executions for various reasons, including five that were postponed by Texas due to the pandemic, according to the Death Penalty Information Center.\n\nAlabama carried out the country\u2019s last execution when it put to death Nathaniel Woods on March 5, about two weeks before many governors issued stay-at-home orders.\n\nBarton was the first inmate executed in Missouri in 2020 and the sixth in the United States this year.",
    "title": "Missouri carries out first U.S. execution since pandemic began",
    "top-image": "https://s1.reutersmedia.net/resources_v2/images/rcom-default.png?w=800",
    "df_date": 20200519,
    "source": "www.reuters.com",
    "label": "reliable"
}