{
    "url": "https://nypost.com/2020/05/19/russia-asks-google-to-block-article-questioning-coronavirus-death-toll/",
    "uid": "1637677523.6696591.-2020-05-19-russia-asks-google-to-block-article-questioning-coronavirus-death-toll-",
    "images": [
        "//googleads.g.doubleclick.net/pagead/viewthroughconversion/988380111/?value=0&guid=ON&script=0",
        "https://nypost.com/wp-content/uploads/sites/2/2013/08/fox-news-logo.jpg?quality=90&strip=all&w=144&h=96&crop=1",
        "https://nypost.com/wp-content/uploads/sites/2/2021/11/lady-gaga-gained-weight-gucci-04.jpg?quality=90&strip=all&w=260",
        "https://nypost.com/wp-content/uploads/sites/2/2020/05/russia-coronavirus-01.jpg?quality=90&strip=all&w=744",
        "https://nypost.com/wp-content/uploads/sites/2/2021/11/shabazz.jpg?quality=90&strip=all&w=260",
        "https://nypost.com/wp-content/uploads/sites/2/2021/11/joe-judge-jason-garrett-giants.jpg?quality=90&strip=all&w=260",
        "https://cf-images.us-east-1.prod.boltdns.net/v1/static/4137224153001/85aa10bc-73b6-4692-a20c-9a6c67801575/37997c21-d38b-46e1-afb3-bd1907750944/1280x720/match/image.jpg",
        "https://sb.scorecardresearch.com/p?c1=2&c2=6390601&cj=1&cv=3.6",
        "https://nypost.com/wp-content/mu-plugins/jetpack-9.8/modules/sharedaddy/images/loading.gif",
        "https://nypost.com/wp-content/uploads/sites/2/2021/11/wwe-comp.jpg?quality=90&strip=all&w=260",
        "https://nypost.com/wp-content/uploads/sites/2/2020/05/russia-coronavirus-01.jpg?quality=90&strip=all&w=1024",
        "https://nypost.com/wp-content/mu-plugins/vip-helpers/images/vip-powered-dark-small.png"
    ],
    "publication-date": "2020-05-19",
    "text": "Russia\u2019s state media regulator, Roskomnadzor, has demanded that Google block a Russian news website\u2019s article that claims Moscow may have dramatically undercounted coronavirus deaths.\n\nThe watchdog is also investigating reports by The New York Times and The Financial Times that analyzed official mortality data to see if Russia is undercounting deaths, to determine if the media organizations violated Moscow\u2019s law against disinformation, The Moscow Times reports.\n\nRoskomnadzor sent a letter to Google calling on it to take down a write-up of FT\u2019s analysis, written by MBKh Media, which estimated that 70 percent more Russians may have died from COVID-19 than officially confirmed by the country.\n\nNext, Google informed MBKh Media, whose website is apparently hosted on the Google Cloud Platform, of the letter. Fox News reached out to Google for comment on this story.\n\n\u201cI believe the demand to remove the news about this article is pure political censorship,\u201d MBKh Media\u2019s chief editor Veronika Kutsillo said in a statement to Open Media on Friday, claiming that the outlet won\u2019t be deleting the story.\n\nRussian Foreign Ministry spokeswoman Maria Zakharova complained about what she called \u2018disinformation\u2019 by the two newspapers and said letters demanding a retraction would be passed on to both.\n\nThe New York Times is standing by its report becuase it was based on \u201cpublicly available government records and interviews with experts from government-run institutions,\u201d its VP for communications told CBS News. Neither the Times nor the FT plan to retract their articles.\n\nFox News reached out to Google for comment on this story.\n\nCritics have said that Russia is under-counting deaths to downplay the virus.\n\nMoscow\u2019s Health Department reacted to the press reports by putting out a statement saying that more than 60 percent of deaths among the city\u2019s coronavirus patients are not being included in the official virus death toll because their deaths resulted from underlying causes. Officials defended their methodology as \u201cexceptionally precise.\u201d\n\nAs of Monday afternoon, there are 290,678 coronavirus cases in Russia but only 2,722 deaths. Worldwide, the virus has claimed the lives of at least 316,898 people.",
    "title": "Russia asks Google to block article questioning coronavirus death toll",
    "top-image": "https://nypost.com/wp-content/uploads/sites/2/2020/05/russia-coronavirus-01.jpg?quality=90&strip=all&w=1024",
    "df_date": 20200519,
    "source": "nypost.com",
    "label": "reliable"
}