{
    "url": "https://nypost.com/2020/05/19/aocs-democratic-socialist-party-sees-surge-amid-coronavirus/",
    "uid": "1637677529.6976795.-2020-05-19-aocs-democratic-socialist-party-sees-surge-amid-coronavirus-",
    "images": [
        "//googleads.g.doubleclick.net/pagead/viewthroughconversion/988380111/?value=0&guid=ON&script=0",
        "https://nypost.com/wp-content/uploads/sites/2/2021/11/lady-gaga-gained-weight-gucci-04.jpg?quality=90&strip=all&w=260",
        "https://vip.nypost.com/wp-content/uploads/sites/2/2020/05/dsa-membership-01.jpg?quality=90&strip=all&w=662",
        "https://nypost.com/wp-content/uploads/sites/2/2021/11/shabazz.jpg?quality=90&strip=all&w=260",
        "https://nypost.com/wp-content/uploads/sites/2/2021/11/joe-judge-jason-garrett-giants.jpg?quality=90&strip=all&w=260",
        "https://cf-images.us-east-1.prod.boltdns.net/v1/static/4137224153001/85aa10bc-73b6-4692-a20c-9a6c67801575/37997c21-d38b-46e1-afb3-bd1907750944/1280x720/match/image.jpg",
        "https://nypost.com/wp-content/uploads/sites/2/2020/05/dsa-membership-02.jpg?quality=90&strip=all&w=744",
        "https://sb.scorecardresearch.com/p?c1=2&c2=6390601&cj=1&cv=3.6",
        "https://nypost.com/wp-content/mu-plugins/jetpack-9.8/modules/sharedaddy/images/loading.gif",
        "https://nypost.com/wp-content/uploads/sites/2/2021/11/wwe-comp.jpg?quality=90&strip=all&w=260",
        "https://nypost.com/wp-content/uploads/sites/2/2020/05/dsa-membership-02.jpg?quality=90&strip=all&w=1024",
        "https://nypost.com/wp-content/uploads/sites/2/2020/05/aoc-tax-bill.jpg?quality=90&strip=all&w=389",
        "https://nypost.com/wp-content/mu-plugins/vip-helpers/images/vip-powered-dark-small.png"
    ],
    "publication-date": "2020-05-19",
    "text": "More Americans are joining the Democratic Socialists of America \u2014 the party that rose to prominence with the upset election of New York Rep. Alexandria Ocasio-Cortez \u2014 over their frustration with the response to the coronavirus pandemic, according to a report Tuesday.\n\nMembership in DSA chapters across the US has seen a small surge in the past eight weeks, as the US coronavirus death toll topped 90,000 and continued to rise, The Atlantic reported.\n\nRoughly 10,000 people have joined since March, bringing the far-left party\u2019s membership to about 66,000, a number that remains small but could keep growing as the pandemic rages, party leaders and academics told the magazine.\n\n\u201cPeople are really starting to just look around and say, \u2018Man, capitalism isn\u2019t working,\u2019\u201d claimed the co-chair of the Detroit DSA chapter, who spoke to the magazine on the condition of anonymity for fear of professional repercussions.\n\n\u201cIf the markets can\u2019t even produce hand sanitizer or toilet paper or masks during a plague \u2014 what good is this system?\u201d\n\nDSA leaders say some of the gains were fueled by Sen. Bernie Sanders dropping out of the race, leaving his backers looking for other outlets to voice their discontent with inequality and push other progressive issues.\n\nBut they also say that current economic conditions, including tens of millions of Americans out of work as others toil for minimum wage, risking their lives in supermarkets and fast food restaurants, are another big factor.\n\n\u201cThere\u2019s the sense that [this situation] is unacceptable and immoral, and that feeling is really pushing people into the meticulous work of organizing,\u201d said Julia Shannon, a member of the steering committee for the Los Angeles DSA, which gained 300 members in April.\n\n\u201cWe have to try to work toward harnessing that momentum and energy to create structures that work for the majority of people.\u201d\n\nOne new member, Abby Harms, signed up after she and co-workers were laid off from a Denver board games store as the state went into lockdown.\n\nHarms got a call from the local chapter of the Democratic Socialists of America asking if she and her unemployed colleagues needed food or help to get groceries or filing for unemployment.\n\n\u201cI felt like I was doing something productive out of this whole nightmare. I had a purpose and something to fight for,\u201d Harms told the magazine.\n\nOcasio-Cortez, 30, and fellow freshman Rep. Rashida Tlaib, 43, of Michigan, brought the movement into the spotlight after their victories in the 2018 midterms as part of a wave that saw Democrats regain control of the House.\n\nEleven DSA members were elected to state legislatures in 2018, and more than a dozen others are seated on city councils across the US, a development that is \u201cas impressive as anything that\u2019s happened in left-wing history\u201d since the Socialist Party of America reached its peak membership in 1912, said Maurice Isserman, a history professor at Hamilton College in upstate Clinton.\n\nThe DSA is portraying their efforts as giving struggling workers \u201ca way to fight back,\u201d the DSA Denver labor chair, Mariah Wood, told the magazine.\n\n\u201cPeople are enthusiastically working with the DSA,\u201d she said. \u201cIt\u2019s a good time to be a socialist.\u201d",
    "title": "AOC\u2019s Democratic Socialist party sees small surge amid coronavirus",
    "top-image": "https://nypost.com/wp-content/uploads/sites/2/2020/05/dsa-membership-02.jpg?quality=90&strip=all&w=1024",
    "df_date": 20200519,
    "source": "nypost.com",
    "label": "reliable"
}