{
    "url": "https://in.reuters.com/article/health-coronavirus-who/who-chief-vows-to-continue-leading-virus-response-after-trump-threat-to-quit-idINKBN22V23Q",
    "uid": "1637677526.6089833.-article-health-coronavirus-who-who-chief-vows-to-continue-leading-virus-response-after-trump-threat",
    "images": [
        "https://static.reuters.com/resources/r/?m=02&d=20200519&t=2&i=1519180531&r=LYNXMPEG4I18M&w=800"
    ],
    "publication-date": "2020-05-19",
    "text": "GENEVA (Reuters) - The World Health Organization\u2019s head said on Tuesday he would keep leading the global fight against the coronavirus pandemic, after U.S. President Donald Trump threatened to cut off funding and quit the body.\n\nWHO Director-General Tedros Adhanom Ghebreyesus defended the agency\u2019s role after the United States again withheld full support for a resolution on the pandemic.\n\n\u201cWe want accountability more than anyone,\u201d Tedros told a virtual meeting of the WHO\u2019S 194 member states. \u201cWe will continue providing strategic leadership to coordinate the global response.\u201d\n\nWashington allowed the resolution calling for a review into the global response to the pandemic to pass by consensus, but said it objected to language about reproductive health rights and permission for poor countries to waive patent rules.\n\nWHO officials running the meeting clapped and cheered after the resolution was passed without a vote hours after Trump tweeted his threat to pull the United States out of the body.\n\nIt calls for a review into the WHO-led global response, something the United States has demanded.\n\nBut the U.S. mission in Geneva said in a statement that paragraphs on the right of poor countries to waive patents to obtain medicine during a health emergency would \u201csend the wrong message to innovators\u201d trying to produce new drugs and vaccines.\n\nFILE PHOTO: Director-General of the WHO Tedros Adhanom Ghebreyesus, attends a news conference on the coronavirus (COVID-2019) in Geneva, Switzerland February 24, 2020. REUTERS/Denis Balibouse/File Photo\n\nThe reproductive healthcare language could be interpreted as requiring countries to permit abortion. \u201cThe United States believes in legal protections for the unborn,\u201d it said.\n\nChina and the United States also sparred in the closing moments of the assembly over the issue of Taiwan. Taiwan lobbied hard to be included as an observer at the two-day meeting and received support from the United States, Japan and others, but says it was not invited due to opposition from China.\n\nBACKING FROM CHINA\n\nEven as Trump has proposed quitting the WHO, the body has received backing and a two-year pledge of $2 billion in funds from China\u2019s President Xi Jinping.\n\nMany other leaders expressed support for Tedros.\n\nEuropean Commission President Ursula von der Leyen called for international cooperation in response to the pandemic.\n\n\u201cAt times like these, the greatest act of courage is to play as a team,\u201d she continued, without an overt reference to the United States.\n\nDuring his three years in office, Trump has criticised many international organisations and quit some. Still, European diplomats said they were taken aback by Washington\u2019s decision to stand aside at the WHO while China is boosting its role.\n\n\u201cIt was so striking to see Xi Jinping seizing the opportunity to open up, with broad (cooperation), and make a proposal for $2 billion, and say if ever there is a vaccine they will share it with everyone,\u201d a European diplomat said.\n\n\u201cIt\u2019s exactly what we feared: the space liberated by Washington will be taken up by China.\u201d\n\nThe WHO declined to comment on Trump\u2019s threat to quit, saying only that it had received his letter and was considering its contents.\n\nTuesday\u2019s resolution calls for a review into how the novel coronavirus spread after making the jump from animals to humans, believed to have happened in the Chinese city of Wuhan last year.\n\nSome countries including hard-hit Spain and Italy suggested the body could emerge stronger from the pandemic through reform.\n\n\u201cThis should be a time for renewing our organisation and we renew our strong commitment to the organisation,\u201d Spanish Prime Minister Pedro Sanchez said.",
    "title": "WHO chief says he will keep leading virus response after Trump threat",
    "top-image": "https://static.reuters.com/resources/r/?m=02&d=20200519&t=2&i=1519180531&r=LYNXMPEG4I18M&w=800",
    "df_date": 20200519,
    "source": "in.reuters.com",
    "label": "reliable"
}