{
    "url": "https://in.reuters.com/article/health-coronavirus-worldbank/world-bank-chief-frustrated-by-private-creditors-on-poor-country-debt-relief-idINKBN22V2CB",
    "uid": "1637677530.78691.-article-health-coronavirus-worldbank-world-bank-chief-frustrated-by-private-creditors-on-poor-count",
    "images": [
        "https://static.reuters.com/resources/r/?m=02&d=20200519&t=2&i=1519191233&r=LYNXMPEG4I1IY&w=800"
    ],
    "publication-date": "2020-05-19",
    "text": "FILE PHOTO: World Bank President David Malpass attends the \"1+6\" Roundtable meeting at the Diaoyutai state guesthouse in Beijing, China November 21, 2019. REUTERS/Florence Lo/File Photo\n\nWASHINGTON (Reuters) - World Bank Group President David Malpass said on Tuesday that he is frustrated at the reluctance of private creditors to participate in a debt relief program for the world\u2019s poorest countries and believes that some countries are worrying too much about their credit ratings.\n\nMalpass told reporters on a conference call that 14 poor countries have accepted offers to suspend payments on official bilateral debt, with another 23 expected to request forbearance.\n\nSome of the world\u2019s poorest countries are reluctant to seek debt relief under the G20-backed program out of concern it could harm their credit ratings and future market access.\n\nMalpass said some countries have been \u201coverestimating the importance\u201d of the credit ratings, and in the current environment they would be better off looking at their overall level of resources, which may increase if they took the debt relief offer.\n\nHe said he welcomed Chinese President Xi Jinping\u2019s endorsement of the program but said he is \u201csomewhat frustrated by the slow pace\u201d of acceptance by the private sector.\n\n\u201cCommercial creditors are still by and large taking payments from even the poorest countries, and there needs to be faster movement toward the commercial creditors meeting the goals of the G20 announcement of the bilateral debt suspension.\u201d\n\nMalpass said the World Bank has now launched emergency coronavirus aid programs in 100 developing countries, with commitments for concessional financing and grants of about $5.5 billion so far.\n\nMalpass told reporters that the global pandemic and associated economic shutdowns could push as many as 60 million people into extreme poverty, erasing the previous three years of poverty alleviation, with a global economic contraction of perhaps 5% this year.",
    "title": "World Bank chief frustrated by private creditors on poor country debt relief",
    "top-image": "https://static.reuters.com/resources/r/?m=02&d=20200519&t=2&i=1519191233&r=LYNXMPEG4I1IY&w=800",
    "df_date": 20200519,
    "source": "in.reuters.com",
    "label": "reliable"
}