{
    "url": "https://www.sabcnews.com/sabcnews/chinas-factories-reopen-only-to-fire-workers-as-virus-shreds-global-trade/",
    "uid": "1637681262.6438797.-sabcnews-chinas-factories-reopen-only-to-fire-workers-as-virus-shreds-global-trade-",
    "images": [
        "https://www.sabcnews.com/sabcnews/wp-content/themes/sabcnews/images/mastfooter-silver-sabc-logo.png",
        "https://www.sabcnews.com/sabcnews/wp-content/uploads/2018/04/icon-email.jpg",
        "https://www.sabcnews.com/sabcnews/wp-content/uploads/2018/04/icon-rss.jpg",
        "https://www.sabcnews.com/sabcnews/wp-content/themes/sabcnews/custom_share/img/mail.png",
        "https://www.sabcnews.com/sabcnews/wp-content/uploads/2018/04/icon-youtube.jpg",
        "https://www.sabcnews.com/sabcnews/wp-content/uploads/2020/03/SABC-News-Chine-factory-R.jpg",
        "https://www.sabcnews.com/sabcnews/wp-content/themes/sabcnews/images/mastheader-silver-sabc-logo.png",
        "https://www.sabcnews.com/sabcnews/wp-content/uploads/2018/04/icon-facebook.jpg",
        "http://www.sabc.co.za/Integration/weather/DayParts/Johannesburg_centercut.JPG",
        "https://www.sabcnews.com/sabcnews/wp-content/uploads/2018/04/icon-twitter.jpg",
        "//za.effectivemeasure.net/em_image",
        "https://www.sabcnews.com/sabcnews/wp-content/themes/sabcnews/custom_share/img/whatsapp.png",
        "https://www.sabcnews.com/sabcnews/wp-content/uploads/2021/11/Tshwane-240x135.jpg",
        "https://www.sabcnews.com/sabcnews/wp-content/uploads/2021/10/ANC2-240x135.jpg",
        "https://www.sabcnews.com/sabcnews/wp-content/uploads/2020/03/SABC-News-Busisiwe-Mkhwebane_P-240x135.png",
        "https://www.sabcnews.com/sabcnews/wp-content/themes/sabcnews/images/mastfooter-iabsa-logo.png",
        "https://www.sabcnews.com/sabcnews/wp-content/themes/sabcnews/custom_share/img/facebook.png",
        "https://www.sabcnews.com/sabcnews/wp-content/uploads/2021/11/SABC-NEWS-JACOB-ZUMA1-1-1-240x135.jpeg",
        "https://www.sabcnews.com/sabcnews/wp-content/uploads/2021/08/sabc-news-firefighter-following-unrest-in-Soweto-Sipho-Kekana-240x135.jpg",
        "https://www.sabcnews.com/sabcnews/wp-content/themes/sabcnews/custom_share/img/twitter.png",
        "https://www.sabcnews.com/sabcnews/wp-content/uploads/2020/03/SABC-News-Cyril-Ramaphosa-GCIS-1-240x135.png",
        "/sabcnews/wp-content/themes/sabcnews/images/icons/icon-iec.png",
        "https://www.sabcnews.com/sabcnews/wp-content/uploads/2021/11/WhatsApp-Image-2021-11-23-at-3.02.53-PM-240x135.jpeg"
    ],
    "publication-date": "2020-03-26",
    "text": "Shi Xiaomin, who used to export suits and blazers by the thousands to South Korea, the Netherlands and the United States, was luckier than many other Chinese factory owners.\n\nWhen his factory in the eastern city of Wenzhou reopened last month after an extended shutdown due to the coronavirus outbreak, the local government sent a bus to a nearby province to ferry back more than 20 of his stranded workers.\n\nStaff with cars volunteered to fetch colleagues.\n\nHowever Shi\u2019s optimism was short-lived. In the past week, requests to cancel orders or delay shipments from his European and US clients have flooded in.\n\nEarly in the outbreak, China imposed tough travel restrictions and factory suspensions to curb the spread of the virus, squeezing labour supplies and sending exporters scrambling to fulfil orders.\n\nNow the reverse is now happening \u2013 overseas orders are being scrapped as the pandemic ravages the economies of China\u2019s trading partners.\n\n\u201cThe unprecedented shutdown of normal economic activity across Europe, the US and a growing number of emerging markets is certain to cause a dramatic contraction in Chinese exports, probably in the range of a 20-45% year-on-year drop in the second quarter,\u201d said Thomas Gatley, senior analyst at research firm Gavekal Dragonomics.\n\nShi said his fabric supplier in hard-hit Italy suspended operations on Sunday, meaning no fresh raw materials from May. His stockpile of fabric will last until the end of April.\n\nShi said he would slow production and might suspend all output soon if business does not improve.\n\nHe also told the 50-odd workers who have yet to return from Hubei province, the epicentre of the outbreak in China, to find jobs elsewhere.\n\n\u201cWe know this year is bad and next year would be better, but the question is how many factories can make it to next year?\u201d Shi said.\n\n\n\nCOVID-19 Safety Precautions by SABC Digital News\n\nSLUMPING EXPORTS\n\nEconomists had initially anticipated a V-shaped recovery forChina\u2019s economy, similar to that seen after SARS epidemic in2003.\n\nBut analysts have since slashed their forecasts to levels not seen since the Cultural Revolution ended in 1976.\n\nChina\u2019s net exports accounted for 11% of economic growth last year.\n\n\u201cThe last overseas orders we received were for April,\u201d said Zhu Hongping, chairman of Hangzhou Hongli Food, a supplier of precooked food to restaurants in Japan, South Korea, Australia and New Zealand.\n\nNormally, at this time of the year, orders can stretch to June and July, Zhu said, adding he may have to suspend production in three months.\n\nEven when they do have orders, exporters are worried about constantly changing restrictions countries have adopted to curb the spread of the virus.\n\n\u201cEven if we finish the products, we don\u2019t know if the countries we are shipping to will be locked down,\u201d said Yi-Cheng Sung, who helps manage a factory that produces makeup brushes and accessories in Shenzhen.\n\nOn Tuesday, state-owned Securities Times reported Good Will Watch Case Manufacturing, a supplier to the US watch brand Fossil, would put its more than 600 workers on leave for at least three months.\n\nUNEMPLOYMENT\n\nChina\u2019s manufacturing sector, accounting for about 40% of gross domestic product and over 20% of jobs, was already suffering from the US-China trade war.\n\nMore big layoffs would be a concern for the ruling Communist Party and its focus on social cohesion and economic stability, particularly in a year when Beijing aims to double GDP and disposable incomes from a decade ago.\n\nChina\u2019s urban jobless rate hit 6.2% in February, up one percentage point from the end of 2019, and a record since the statistics bureau started publishing the data in early 2018.\n\nDan Wang, an analyst with the Economist Intelligence Unit (EIU), said the jobless rate could go up by another 5 percentage points this year, which corresponds to an additional 22 million in urban unemployment, on top of an estimated 5 million jobs lost in January-February.\n\nAnother 103 million workers could be affected by salary cuts of 30%-50%, Wang said. A 23-year-old salesman at a mirror factory in Yiwu inZhejiang province said US clients cancelled over $500,000 of orders on Saturday alone.\n\nSome of the factory\u2019s more than 1,000 workers have since been suspended while others are given more days off per week, the salesman said, declining to be named.\n\n\u201cI think the company will start to lay off people soon,\u201d he said.\n\nConfirmed coronavirus cases around the world:",
    "title": "China\u2019s factories reopen, only to fire workers as virus shreds global trade",
    "top-image": "https://www.sabcnews.com/sabcnews/wp-content/uploads/2020/03/SABC-News-Chine-factory-R.jpg",
    "df_date": 20200326,
    "source": "www.sabcnews.com",
    "label": "reliable"
}