{
    "url": "https://www.nbcnews.com/think/opinion/trump-s-refusal-relax-iran-sanctions-during-coronavirus-threatens-everyone-ncna1169136",
    "uid": "1637681260.8602796.-think-opinion-trump-s-refusal-relax-iran-sanctions-during-coronavirus-threatens-everyone-ncna116913",
    "images": [
        "https://media-cldnry.s-nbcnews.com/image/upload/t_nbcnews-fp-1200-630,f_auto,q_auto:best/newscms/2020_13/3283956/200325-iran-coronavirus-ew-845p.jpg",
        "https://media-cldnry.s-nbcnews.com/image/upload/t_fit-760w,f_auto,q_auto:best/newscms/2020_13/3283956/200325-iran-coronavirus-ew-845p.jpg",
        "https://media-cldnry.s-nbcnews.com/image/upload/t_focal-760x428,f_auto,q_auto:best/MSNBC/Components/Video/202002/f_mo_lon_iranbrow_200225__299703.jpg"
    ],
    "publication-date": "2020-03-26",
    "text": "In my 15 years as an advocate for the rights of the people of Iran, I have never been more concerned for the lives of so many people. Iran's 85 million people are dying from the coronavirus at a rate some officials say is as often as 1 every 10 minutes. In the worst-case scenario, 3.5 million people could die, according to a study from Iran's prestigious Sharif University.\n\nYet pandemics know no borders. As the rest of the world is learning, the human toll will not be confined to Iran. Continued infection there will pose a continued threat to the world, and thus the outcome of the COVID-19 epidemic in Iran will affect the world's ability to bring the virus under control.\n\nContinued infection there will pose a continued threat to the world, and thus the outcome of the COVID-19 epidemic in Iran will affect the world\u2019s ability to bring the virus under control.\n\nBut Iranians are not able to effectively fight this threat alone. Squeezed between a cruel and incompetent government and a crippling sanctions regime, they lack the leadership and resources to effectively battle their coronavirus outbreak.\n\nAs I write these words from New York, the center of the COVID-19 outbreak in the United States, Gov. Andrew Cuomo says his office has been \"scouring the globe looking for medical supplies.\" But Iran cannot do that.\n\nBecause of U.S. sanctions, it must jump through hoops to purchase medicine or the raw materials to produce its own supplies. Secretary of State Mike Pompeo recently stated that \"humanitarian assistance to Iran is wide open; it's not sanctioned.\" Yet few countries are willing to sell even critically needed supplies to Iran for fear of violating U.S. banking sanctions.\n\nThat is why the European Union is sending aid to Iran, the U.K. has pushed for an easing of U.S. sanctions against Iran and even Iran's neighbors, with whom it has major political differences, have been providing aid and supplies.\n\nThese governments \u2014 many of which have supported sanctions on Iran \u2014 understand that the Iranian government is failing to control the outbreak, that it is not able to get the supplies it needs on its own and that this failure threatens us all.\n\nWe can spend months deliberating over what this repressive government has brought on itself and what it deserves. But during that time, many more people will die in Iran, and the virus will continue to spread. This collective punishment of the Iranian people will only endanger our own efforts by letting the epidemic spread beyond its borders.\n\nWe can spend months deliberating over what this repressive government has brought on itself and what it deserves. But during that time, many more people will die.\n\nTime is of the essence. The U.S. government should immediately suspend all sanctions that affect the delivery of humanitarian goods to Iran, including banking sanctions on Iran, and vote yes on the $5 billion emergency funding Iran has requested from the International Monetary Fund. And the Iranian government should stop manufacturing conspiracy theories and excuses to deflect responsibility for its inhumane and incompetent response to the outbreak and accept help that is offered, whether it is from the U.S. or any other source.\n\nLike so many times before, Iran's government failed to uphold the basic rights of its people, in this case, the right to information and health. Instead of working to suppress the outbreak early on, Iranian officials were dismissive of the threat it posed. Now, their belated efforts are running up against the wall of sanctions. But as always, the most vulnerable will suffer the most. The poor, the working class and women will bear the heaviest burden of this crisis.\n\nThis group includes the country's many political prisoners, who sit at great risk in Iran's filthy and overcrowded prisons. One of them is the internationally renowned human rights lawyer Nasrin Sotoudeh, who is on a hunger strike to seek the release of all political prisoners. From the bars of Iran's notorious Evin Prison, she sent out an open letter calling on the Iranian government to rise above its own political myopia to save its people.\n\n\"As a deadly virus sickens my country, I throw my hands down and as a citizen, in a gentle voice, I ask the government to end their animosity with the world, to look at the world through the eyes of peace and to trust life and human beings,\" Sotoudeh wrote. \"I specifically extend my hand to American citizens. Our governments have been rivals for years, with little regards for us.\"\n\nLet us heed her words and together marshal all our resources to fight what threatens us all.",
    "title": "Trump's refusal to relax Iran sanctions during the coronavirus threatens everyone",
    "top-image": "https://media-cldnry.s-nbcnews.com/image/upload/t_nbcnews-fp-1200-630,f_auto,q_auto:best/newscms/2020_13/3283956/200325-iran-coronavirus-ew-845p.jpg",
    "df_date": 20200326,
    "source": "www.nbcnews.com",
    "label": "reliable"
}