{
    "url": "https://www.nytimes.com/2020/03/26/business/coronavirus-internet-traffic-speed.html",
    "uid": "1637681263.7074833.-2020-03-26-business-coronavirus-internet-traffic-speed-html",
    "images": [
        "https://static01.nyt.com/images/2020/03/27/business/27internet/26internet-superJumbo.jpg",
        "https://static01.nyt.com/images/2020/03/25/business/00virus-internet1/merlin_170857698_1684f41e-bea6-4426-8792-3bed9a95b30a-articleLarge.jpg?quality=75&auto=webp&disable=upscale",
        "https://static01.nyt.com/images/2020/03/27/business/27internet/26internet-facebookJumbo.jpg?year=2020&h=550&w=1050&s=b7e133763df12de8fdc60a4ce23e94585b892863dc062e6430ca17b8bb7a5b9c&k=ZQJBKqZ0VN"
    ],
    "publication-date": "2020-03-26",
    "text": "WASHINGTON \u2014 In late January, as China locked down some provinces to contain the spread of the coronavirus, average internet speeds in the country slowed as people who were stuck inside went online more and clogged the networks. In Hubei Province, the epicenter of infections, mobile broadband speeds fell by more than half.\n\nIn mid-February, when the virus hit Italy, Germany and Spain, internet speeds in those countries also began to deteriorate.\n\nAnd last week, as a wave of stay-at-home orders rolled out across the United States, the average time it took to download videos, emails and documents increased as broadband speeds declined 4.9 percent from the previous week, according to Ookla, a broadband speed testing service. Median download speeds dropped 38 percent in San Jose, Calif., and 24 percent in New York, according to Broadband Now, a consumer broadband research site.\n\nQuarantines around the world have made people more reliant on the internet to communicate, work, learn and stay entertained. But as the use of YouTube, Netflix, Zoom videoconferencing, Facebook calls and videogaming has surged to new highs, the stress on internet infrastructure is starting to show in Europe and the United States \u2014 and the traffic is probably far from its peak.",
    "title": "Surging Traffic Is Slowing Down Our Internet",
    "top-image": "https://static01.nyt.com/images/2020/03/27/business/27internet/26internet-facebookJumbo.jpg?year=2020&h=550&w=1050&s=b7e133763df12de8fdc60a4ce23e94585b892863dc062e6430ca17b8bb7a5b9c&k=ZQJBKqZ0VN",
    "df_date": 20200326,
    "source": "www.nytimes.com",
    "label": "reliable"
}