{
    "url": "https://www.nytimes.com/2020/03/05/briefing/elizabeth-warren-coronavirus-stock-market.html",
    "uid": "1637693002.3221295.-2020-03-05-briefing-elizabeth-warren-coronavirus-stock-market-html",
    "images": [
        "https://static01.nyt.com/images/2019/10/09/reader-center/author-tom-wright-piersanti/author-tom-wright-piersanti-thumbLarge.png",
        "https://static01.nyt.com/images/2018/11/28/multimedia/author-marcus-payadue/author-marcus-payadue-thumbLarge.png",
        "https://static01.nyt.com/images/2020/03/05/briefing/05PMbriefing-us-ss-slide-EEY8/05PMbriefing-us-ss-slide-EEY8-articleLarge.jpg?quality=75&auto=webp&disable=upscale",
        "https://static01.nyt.com/images/2020/03/05/briefing/05PMbriefing-us-ss-slide-EEY8/05PMbriefing-us-ss-slide-EEY8-facebookJumbo.jpg?year=2020&h=549&w=1050&s=7615e378a4cf682becef05bba8af24e2f6311732b09f99f858acff246ed0ea66&k=ZQJBKqZ0VN"
    ],
    "publication-date": "2020-03-05",
    "text": "1. Elizabeth Warren has dropped out of the Democratic primary race.\n\nMs. Warren, a progressive senator from Massachusetts, entered the contest with a flood of detailed proposals aimed at fighting corruption and changing the rules of the economy, and for much of the race she was considered one of the front-runners.\n\nBut her ideas weren\u2019t able to generate enough excitement among the party\u2019s working-class and diverse base. Her exit means the nominating contest is now a two-man race between Joe Biden and Bernie Sanders. Ms. Warren has not yet announced whom she will support.\n\nMr. Sanders canceled a planned rally in Jackson, Miss., and will instead travel to Michigan, a change that suggests he will not challenge Mr. Biden for the support of black voters in the South and is instead going all in on the Midwest. Mr. Biden is ahead by about 65 delegates.",
    "title": "Elizabeth Warren, Coronavirus, Stock Market: Your Thursday Evening Briefing",
    "top-image": "https://static01.nyt.com/images/2020/03/05/briefing/05PMbriefing-us-ss-slide-EEY8/05PMbriefing-us-ss-slide-EEY8-facebookJumbo.jpg?year=2020&h=549&w=1050&s=7615e378a4cf682becef05bba8af24e2f6311732b09f99f858acff246ed0ea66&k=ZQJBKqZ0VN",
    "df_date": 20200306,
    "source": "www.nytimes.com",
    "label": "reliable"
}