{
    "url": "https://www.nbcnews.com/health/health-news/coronavirus-u-s-map-where-virus-has-been-confirmed-across-n1124546?cid=public-rss_20200306",
    "uid": "1637693012.1661966.-health-health-news-coronavirus-u-s-map-where-virus-has-been-confirmed-across-n1124546",
    "images": [
        "https://media-cldnry.s-nbcnews.com/image/upload/t_nbcnews-fp-1200-630,f_auto,q_auto:best/newscms/2020_45/3426307/cover2x1_31.png"
    ],
    "publication-date": "2021-11-23",
    "text": "U.S. health officials continue to monitor for coronavirus cases in the United States.\n\nMore than 47 million cases have been confirmed in the U.S., according to NBC News' count. The U.S. has averaged between 70,000 and 100,000 new cases per day since the start of November.\n\nThere have been more than 700,000 reported deaths.\n\nThis map will be updated daily.\n\nFull coverage of the coronavirus outbreak",
    "title": "Coronavirus in the U.S.: Map of how many cases have been confirmed across the country, by state",
    "top-image": "https://media-cldnry.s-nbcnews.com/image/upload/t_nbcnews-fp-1200-630,f_auto,q_auto:best/newscms/2020_45/3426307/cover2x1_31.png",
    "df_date": 20200306,
    "source": "www.nbcnews.com",
    "label": "reliable"
}