{
    "url": "https://nypost.com/2020/03/05/coronavirus-airline-guide-whos-canceling-flights-and-waiving-fees/",
    "uid": "1637692995.8411958.-2020-03-05-coronavirus-airline-guide-whos-canceling-flights-and-waiving-fees-",
    "images": [
        "https://vip.nypost.com/wp-content/uploads/sites/2/2020/03/gettyimages-1204951156.jpg?quality=90&strip=all&w=662",
        "//googleads.g.doubleclick.net/pagead/viewthroughconversion/988380111/?value=0&guid=ON&script=0",
        "https://nypost.com/wp-content/uploads/sites/2/2021/11/lady-gaga-gained-weight-gucci-04.jpg?quality=90&strip=all&w=260",
        "https://nypost.com/wp-content/uploads/sites/2/2021/11/music-video-Kosciusko-Bridge_-.jpg?quality=90&strip=all&w=1024",
        "https://nypost.com/wp-content/uploads/sites/2/2021/11/joe-judge-jason-garrett-giants.jpg?quality=90&strip=all&w=260",
        "https://vip.nypost.com/wp-content/uploads/sites/2/2020/03/gettyimages-1204935061.jpg?quality=90&strip=all&w=662",
        "https://vip.nypost.com/wp-content/uploads/sites/2/2020/03/gettyimages-1198807127.jpg?quality=90&strip=all&w=664",
        "https://nypost.com/wp-content/uploads/sites/2/2020/03/coronavirus-travel-flight.jpg?quality=90&strip=all&w=744",
        "https://sb.scorecardresearch.com/p?c1=2&c2=6390601&cj=1&cv=3.6",
        "https://nypost.com/wp-content/mu-plugins/jetpack-9.8/modules/sharedaddy/images/loading.gif",
        "https://nypost.com/wp-content/uploads/sites/2/2020/03/coronavirus-travel-flight.jpg?quality=90&strip=all&w=1024",
        "https://nypost.com/wp-content/uploads/sites/2/2021/11/wwe-comp.jpg?quality=90&strip=all&w=260",
        "https://nypost.com/wp-content/mu-plugins/vip-helpers/images/vip-powered-dark-small.png",
        "https://nypost.com/wp-content/uploads/sites/2/2021/11/newspress-collage-20234076-1637665138294.png?w=260"
    ],
    "publication-date": "2020-03-05",
    "text": "Got travel plans? You might want to read this.\n\nThe spread of coronavirus has thrown a wrench into the world of travel \u2014 for those with vacation plans, business obligations and the airline industry itself. Canceled or changed flights are leading many to worry not just about their health, but their time and money.\n\nTravel advisories have been listed for China, South Korea, Iran, Italy and Japan. And already, airlines such as JetBlue and United have reduced their flight schedules, especially to areas hit hard by the virus. Most airlines are offering customers the chance to cancel or change their plans, but the window to do so is limited.\n\nStill, many brave travelers are choosing to fly anyway, relying on travel insurance or vigilant hygiene practices.\n\nWhether you\u2019re sticking to your travel plans or navigating the process of changing your trip, here\u2019s everything you need to know about air travel amid the coronavirus outbreak.\n\nAirline fees and service changes\n\nDelta is limiting service to Japan, and reducing the number of weekly flights between the US and South Korea. It has suspended flights to China until April 30. The airline will waive fees for all flights booked between March 1 and March 31, including international flights previously booked that are scheduled to fly in March. The airline will allow passengers to adjust trips to Shanghai, Beijing, Seoul and all locations in Italy through April 30. Check Delta\u2019s site for updates.\n\nis limiting service to Japan, and reducing the number of weekly flights between the US and South Korea. It has suspended flights to China until April 30. The airline will waive fees for all flights booked between March 1 and March 31, including international flights previously booked that are scheduled to fly in March. The airline will allow passengers to adjust trips to Shanghai, Beijing, Seoul and all locations in Italy through April 30. Check Delta\u2019s site for updates. American Airlines will waive fees up to 14 days prior to travel for customers who purchase flights between March 1 and March 16. Flights to Milan have been suspended through April 25. Flights to and from Seoul, South Korea, have been halted as well. The airline will be contacting affected customers to help them make accommodations. More updates are on the airline\u2019s website.\n\nwill waive fees up to 14 days prior to travel for customers who purchase flights between March 1 and March 16. Flights to Milan have been suspended through April 25. Flights to and from Seoul, South Korea, have been halted as well. The airline will be contacting affected customers to help them make accommodations. More updates are on the airline\u2019s website. JetBlue is suspending change and cancellation fees for all for travel through June 1 on new reservations made between Feb. 27 and March 11.\n\nis suspending change and cancellation fees for all for travel through June 1 on new reservations made between Feb. 27 and March 11. Air Canada has suspended flights to Beijing and Shanghai.\n\nhas suspended flights to Beijing and Shanghai. British Airways is suspending flights to mainland China, with a reduction in service t o Milan, according to Reuters. Airline reps said they will contact customers to facilitate rescheduling.\n\nis suspending flights to mainland China, with a reduction in service t according to Reuters. Alaska Airlines will waive fees for all tickets bought between Feb. 27 and March 31. This applies to travel all the way through June 30. Check the site for updates.\n\nwill waive fees for all tickets bought between Feb. 27 and March 31. This applies to travel all the way through June 30. Check the site for updates. United Airlines will suspend flights between the US and the following cities in China: Beijing, Chengdu, Shanghai, as well as Hong Kong, Iran and some services to Japan and Seoul through April 30. Anyone who booked a flight between March 3 and March 31 can change it for free over the next 12 months. Check the site for updates.\n\nWhat destinations are affected right now?\n\nThe US State Department issued its highest warning advising against travel to China, South Korea and Iran.\n\nThe Centers for Disease Control and Prevention (CDC) followed suit March 4, discouraging all nonessential travel to China (not including Hong Kong, Macau or the island of Taiwan), as well as South Korea, Italy and Iran.\n\nThe CDC issued slightly lower travel advisories (\u201cpractice enhanced precautions\u201d) for travel to Japan.\n\nTravel+Leisure advises communicating directly with your hotel and airline to feel secure about choices and to monitor updates for current information about your destination.\n\nThe CDC cautions that any travelers returning from China, Italy, Iran and South Korea stay home for 14 days from the time they left. If those travelers come down with a fever, a cough or shortness of breath, they should immediately call their doctor and avoid contact with others.\n\nWill travel insurance save the day?\n\nNot necessarily. Most insurance companies won\u2019t cover cancellations, since the outbreak is generally considered a \u201cforeseen event,\u201d unless you booked that trip well before the virus hit in January, according to Vox. Pricey insurance plans that allow travelers to cancel for \u201cany reason\u201d are more likely to offer some (but likely not full) coverage for cancellations.\n\nIn short: If you\u2019re thinking about getting travel insurance now, it\u2019s too late.\n\n\u201cSome providers do exclude epidemics or pandemics outright,\u201d Squaremouth content director Steven Benna told Vox. \u201cOthers have specific language that won\u2019t refer to whether or not something\u2019s a pandemic, but would have a foreseeability date whether something has an impact on travel.\u201d\n\nThose who have some coverage through their credit cards, such as Chase Sapphire cardholders, may not be covered if they have to change their flights or other travel accommodations. Chase representatives tell The Post you\u2019re better off arranging that through your airline or hotel.\n\nIn-flight sanitary precautions\n\nAt this point, if you\u2019re still planning on flying, there are precautions you can take to try to protect yourself.",
    "title": "Coronavirus airline guide: Who\u2019s canceling flights and waiving fees",
    "top-image": "https://nypost.com/wp-content/uploads/sites/2/2020/03/coronavirus-travel-flight.jpg?quality=90&strip=all&w=1024",
    "df_date": 20200306,
    "source": "nypost.com",
    "label": "reliable"
}