{
    "url": "https://www.nbcnews.com/health/health-news/frontlines-coronavirus-seattle-scrambles-contain-outbreak-n1150181?cid=public-rss_20200306",
    "uid": "1637693013.1430743.-health-health-news-frontlines-coronavirus-seattle-scrambles-contain-outbreak-n1150181",
    "images": [
        "https://media-cldnry.s-nbcnews.com/image/upload/t_nbcnews-fp-1200-630,f_auto,q_auto:best/newscms/2020_10/3256716/200304-seattle-life-care-center-ac-1045p.jpg",
        "https://media-cldnry.s-nbcnews.com/image/upload/t_fit-760w,f_auto,q_auto:best/newscms/2020_10/3256716/200304-seattle-life-care-center-ac-1045p.jpg",
        "https://media-cldnry.s-nbcnews.com/image/upload/t_focal-760x428,f_auto,q_auto:best/MSNBC/Components/Video/202003/ott_now_coronaviruswashington_200304_1920x1080.jpg"
    ],
    "publication-date": "2020-03-05",
    "text": "SEATTLE \u2014 Vicki Todd doesn't understand how the nursing home where her mother was a former patient became the center of a coronavirus outbreak in the state.\n\n\"It must have been a fluke,\" the resident of Kirkland, Washington, said Wednesday.\n\nAs she and other Seattle-area residents wonder how a global outbreak landed at their doorstep, some are blaming a nationwide shortage of testing kits that made testing available to only the most vulnerable, which they say allowed the virus to spread swiftly.\n\nWashington's death toll from COVID-19, the disease caused by the coronavirus, climbed to 10 Wednesday, and at least eight of the deaths have been tied to Life Care Center in Kirkland, where 50 more residents and staff members were showing signs of infection.\n\n\"She was so happy there,\" Todd said of her mother, who has since died of natural causes. \"Everyone was so nice. I used to have lunch with her there every day.\"\n\nFull coverage of the coronavirus outbreak\n\nThe coronavirus outbreak at Life Care Center, about 20 minutes from downtown Seattle, caught the state and the country by surprise. The virus spread well beyond Life Care Center, stretching to a Facebook contractor and an Amazon employee. Microsoft, headquartered in nearby Redmond, asked its employees to work from home.\n\nUntil last month, most of the COVID-19 deaths had been in mainland China, where the virus originated last year. Then the ill-fated Diamond Princess cruise ship was quarantined off Japan for two weeks after hundreds of passengers tested positive for coronavirus. People panicked once the virus hit U.S. soil. Masks and hand sanitizer sold out. Major events were canceled, and workers were told to stay home if they showed signs of infection.\n\nAlong with the inevitable concern came confusion. Only people with severe respiratory disease could be tested. Federal public health officials said that the number of tests was limited in the U.S. and that they should be saved for vulnerable populations, including people over age 60 and those with pre-existing conditions.\n\nPeople with common colds or less severe symptoms could not be tested.\n\n\"It would have been better if we knew in advance,\" Seattle resident Renne Adams said. \"This has been around for a month, and nobody said anything.\"\n\nShe worries that the virus will continue to spread before it can be contained.\n\n\"I expect that,\" she said with resignation.\n\nDownload the NBC News app for latest updates on the coronavirus outbreak\n\nLast week, federal health officials admitted to missteps in the early days of testing U.S. patients. Some states, including Washington, received test kits that were inconclusive or only partly accurate. Officials in other states said they were hamstrung by narrow criteria that limited who could be screened.\n\n\"This has not gone as smoothly as we would have liked,\" said Dr. Nancy Messonnier, director of the National Center for Immunization and Respiratory Diseases at the Centers for Disease Control and Prevention.\n\nUW Medicine, a network of hospitals and clinics affiliated with the University of Washington, announced new lab testing capabilities Wednesday to address the national test shortage. Rather than wait for the CDC's permission to test people, the Seattle-based lab can perform its own testing.\n\nThe Clinical Virology Lab at UW Medical Center anticipates being able to test 1,000 to 1,500 samples a day by the end of the week, up from the current 200 a day.\n\nThe lab got emergency authorization from the Food and Drug Administration after federal and state health officials acknowledged problems with slow and inaccurate testing. It got permission Saturday to begin testing, but researchers there said they had started working on the problem in January.\n\n\"Testing is the main weapon we have,\" said Dr. Keith Jerome, who heads the virology division of the Department of Laboratory Medicine at the University of Washington medical school. \"Until we have a vaccine, this is our major tool.\"\n\nYet Todd remains skeptical about whether U.S. health officials have a handle on the outbreak.\n\n\"I just don't trust them,\" she said.\n\nTodd doesn't blame Life Care Center, where her mother stayed for two or three weeks at a time, for the local coronavirus outbreak. The problem, Todd said, is the lack of available testing.\n\nResearchers are hopeful that expanding access to coronavirus testing at laboratories like the one in Seattle could help ease the crisis.\n\n\"Seattle and the West Coast are at the front lines,\" Jerome said.\n\nAccess to tests remains limited. Patients must first contact their primary care doctors, and then they can be tested only if they have a high fever and a deep, dry cough, said Dr. Alex Greninger, assistant director of the UW Medicine Clinical Virology Lab, who led the team that developed the new tests.\n\nFor now, the lab is accepting specimens from throughout the country but will prioritize local patients if supplies dwindle.\n\n\"We are not winning now against this virus,\" Greninger said. \"Our work is just beginning.\"\n\nCORRECTION (March 5, 2020, 6:58 a.m. ET): A previous version of this article misstated the name of the federal agency that authorized UW Medicine to proceed with new tests for the coronavirus. It is the Food and Drug Administration, not the Federal Drug Administration. The article also misstated the city where Microsoft Corp. is headquartered. Its headquarters is in Redmond, Washington, not Bellevue, Washington.",
    "title": "At the 'front lines' of coronavirus, Seattle scrambles to contain outbreak",
    "top-image": "https://media-cldnry.s-nbcnews.com/image/upload/t_nbcnews-fp-1200-630,f_auto,q_auto:best/newscms/2020_10/3256716/200304-seattle-life-care-center-ac-1045p.jpg",
    "df_date": 20200306,
    "source": "www.nbcnews.com",
    "label": "reliable"
}