{
    "url": "https://www.aljazeera.com/news/2020/12/8/trump-takes-another-vaccine-victory-lap-as-us-virus-cases-rise",
    "uid": "1637685349.456926.-news-2020-12-8-trump-takes-another-vaccine-victory-lap-as-us-virus-cases-rise",
    "images": [
        "/wp-content/uploads/2021/11/AP21313545214887.jpg?resize=170%2C113",
        "/wp-content/uploads/2021/11/000_9T79MJ.jpg?resize=170%2C113",
        "/wp-content/uploads/2020/09/Simply2020_label_2x.png?fit=276%2C26",
        "/wp-content/uploads/2021/10/Mass-graves-of-Indigenous-children-at-Canadian-residential-schools-IMG_4504.jpg?resize=170%2C113",
        "/wp-content/uploads/2021/11/h_57280247.jpg?resize=170%2C113",
        "https://www.aljazeera.com/wp-content/uploads/2020/12/AP_20343708244290.jpg?resize=1200%2C630",
        "/wp-content/uploads/2021/11/2021-03-22T000000Z_1978782810_RC2MGM9RATX9_RTRMADP_3_EMERGING-SAUDI-ESG.jpg?resize=170%2C113",
        "/static/media/aj-footer-logo.bac952ad.svg",
        "/wp-content/uploads/2021/11/AP4548441314484617.jpg?resize=170%2C113",
        "/wp-content/uploads/2021/11/DSC2825.jpg?resize=170%2C113",
        "/wp-content/uploads/2020/12/AP_20343708244290.jpg?resize=770%2C513",
        "/wp-content/uploads/2021/03/369165278.jpg?resize=170%2C113"
    ],
    "publication-date": null,
    "text": "The US president also continued to insist, without any evidence, that he won the presidential election.\n\nAs coronavirus cases and deaths continue to surge in the United States, President Donald Trump took a victory lap on Tuesday, crediting his administration\u2019s Operation Warp Speed programme for contributing to the quick development of a vaccine.\n\n\u201cNobody thought it was even remotely possible to do what we\u2019ve done in a period of less than nine months. Something that \u2013 just not even thinkable,\u201d Trump said at the White House on Tuesday. \u201cAnd we took a lot of heat when we said this is our goal.\u201d\n\nTrump, who has been heavily criticised over his handling of the pandemic, played a video at the beginning of the event that highlighted a litany of TV talking heads suggesting his claim of that a vaccine would be ready by the end of 2020 was impossible.\n\n\u201cOf course, they\u2019ll be saying now \u2018we always told you it was so,\u2019 but we have them saying a little bit different, but it has been incredible and it will end the pandemic. It will end the pandemic,\u201d Trump said.\n\nThe president\u2019s remarks come amid a surge in coronavirus cases, hospitalisations and deaths across the US. The number of daily confirmed infections passed 200,000 for the first time last week and on Monday there were 102,148 people hospitalised with COVID-19, according to COVID Tracking Project data.\n\nThe US has confirmed more than 15 million cases and over 285,000 deaths, the highest totals in the world, according to a Johns Hopkins University tally.\n\n\n\n\n\nTrump also signed an executive order Tuesday that will give Americans priority access to the COVID-19 vaccines the US government is set to receive and distribute. It is unclear exactly how the executive order will work, however, and when asked Tuesday morning for details about Trump\u2019s executive order and why it is needed, Dr Moncef Slaoui, a top official on Operation Warp Speed, said he did not know.\n\n\u201cFrankly, I don\u2019t know. And frankly, I\u2019m staying out of this. I can\u2019t comment. I literally don\u2019t know,\u201d Slaoui told ABC News before the White House event.\n\nI asked Operation Warp Speed's chief scientific adviser, Moncef Slaoui, to explain Trump's vaccine executive order.\n\n\u201cFrankly, I don't know. And frankly, I'm staying out of this. I can't comment. I literally don't know.\" \u2014 GeorgeStephanopoulos (@GStephanopoulos) December 8, 2020\n\nTrump\u2019s comments come on the heels of a New York Times report revealing that Pfizer, which is developing a vaccine, will not be able to provide more than 100 million doses of its vaccines to the US because of commitments made to other nations.\n\nMeanwhile, the Washington Post reported that Pfizer offered over the summer to sell as many as 200 million doses to the US, which would cover 100 million Americans, but the Trump administration declined that offer. The White House insists they will have enough doses from Pfizer and other vaccine manufacturers to immunise all Americans who want the vaccine by the end of June 2021.\n\n\u201cWe have committed to have enough vaccine doses to immunise the full population by the middle of the year, 2021. We remain confident this will be the case,\u201d Slaoui told Fox News.\n\nPfizer and another vaccine developer, Moderna, were not in attendance at the Trump event Tuesday because emergency use applications for their vaccines are currently being considered by the US Food and Drug Administration (FDA). FDA official Peter Marks was present, and a senior administration official said on Monday that Marks\u2019s attendance is the reason that the drugmakers were not invited.\n\nAttendees also included executives of companies that will be involved in vaccine distribution, such as pharmacy chains CVS Health and Walgreens Boots Alliance, drug distributor McKesson, as well as package delivery companies United Parcel Service and FedEx.\n\n\n\n\n\nFollowing his remarks, Trump was asked by a reporter about the current surge of cases and what his message is to the American people about travelling over the upcoming holidays. The president briefly referenced guidelines from the US Centers for Disease Control and Prevention (CDC) before touting the vaccine again.\n\n\u201cCDC puts out their guidelines and they\u2019re very important guidelines, but I think this, I think that the vaccine was our goal. That was number one, because that was the way, it was the way it ends.\u201d\n\nWhen asked why members of President-elect Joe Biden\u2019s team were not invited to participate in Tuesday\u2019s event, as Biden\u2019s administration will be overseeing the majority of the distribution next year, Trump took the opportunity to continue insisting, without evidence, that the election still has yet to be decided.\n\n\u201cWe\u2019ll have to see who the next administration is because we won in those swing states and there was terrible things that went on. So, we\u2019re going to have to see who the next administration is,\u201d Trump said on the same day that marked the deadline for states to certify their election results ahead of next week\u2019s Electoral College meetings, beginning the final phase of the presidential election process.\n\n\u201cAnd hopefully the next administration will be the Trump administration because you can\u2019t steal hundreds of thousands of votes,\u201d he continued, referencing repeatedly debunked claims. \u201cYou can\u2019t have fraud and deception and all of the things that they did.\u201d",
    "title": "Trump takes another vaccine victory lap as US COVID-19 cases rise",
    "top-image": "https://www.aljazeera.com/wp-content/uploads/2020/12/AP_20343708244290.jpg?resize=1200%2C630",
    "df_date": 20201209,
    "source": "www.aljazeera.com",
    "label": "reliable"
}