{
    "url": "https://widerimage.reuters.com/story/i-cannot-save-everybody-houston-doctor-fights-newest-covid-19-surge",
    "uid": "1637682101.3963728.-story-i-cannot-save-everybody-houston-doctor-fights-newest-covid-19-surge",
    "images": [
        "https://photos.wi.gcs.trstatic.net/ViapOFpvvzhpEIO6QRT7NVQVH0Jmqq8cPSf6SY3OattNihqwvxZ-jDPhFuyXESRrtDPOCB4JaLbY-jNkq8nCytr8D3dtgr6QMH6mydCauTE",
        "https://photos.wi.gcs.trstatic.net/f0ofMhO1fOI2212VopfhoCb_IWJ3z01jSZNy9w42Wf7jEvjt1m1oTpsvAdhVJMjxJ5bzUO5ovX76_g1DHltfBg",
        "https://photos.wi.gcs.trstatic.net/OvarGu3Belsyxnll5FhK97XA-WuTUcOoC2xq1oFdLFGX5K1o1dwFKcaWVQDjYUjMPmRs9XbHRtvJU3GXeY1lk1yymPqBO-JG8EampUR86r4f7sVnPa8HCBEsoT0GfgcF",
        "https://assets.wi.gcs.trstatic.net/assets/images/themes/search/perspective.jpg?rev-f2c357c1",
        "https://photos.wi.gcs.trstatic.net/ViapOFpvvzhpEIO6QRT7NXjPqw9DdSx4V2wuV2YfveOBVp75kqbRPRQeCqBXVk6V-_mzXNaeLLvG6dxHhNjVM874uPpqQfulQZ7639pSQrI",
        "https://assets.wi.gcs.trstatic.net/assets/images/themes/search/living-planet.jpg?rev-f2c357c1",
        "https://assets.wi.gcs.trstatic.net/assets/images/themes/search/behind-the-news.jpg?rev-f2c357c1",
        "https://photos.wi.gcs.trstatic.net/OvarGu3Belsyxnll5FhK9wXf7LuXdD1wPHp4OX86HAG4_pTM2VhHZNSikyfYRuB2n80ui9K2ePmf8mmW5IUc5lTbtxTOuILZw9xfO2eQjKb974sKCvJL_OsrbLkv-S5v",
        "https://assets.wi.gcs.trstatic.net/assets/images/themes/search/forces-of-industry.jpg?rev-f2c357c1",
        "https://photos.wi.gcs.trstatic.net/WBTnOVC7qqta06gXHeKsQ_PjTP7IBmlP13lhXKU8-9M3ER0pLxccTsr7fmKKBSEhrzACfnCh1e969CKmrfimwNV9hg8-zbVy4TSKsKg3mofV4rYMxcSgHzVoaFTdzamZ",
        "https://assets.wi.gcs.trstatic.net/assets/images/themes/search/shifting-society.jpg?rev-f2c357c1",
        "https://photos.wi.gcs.trstatic.net/OvarGu3Belsyxnll5FhK91WfSdkkbmqos_7hOx4dUU-sxe1kusO_GFpO-M69YxXJ4-2iUNkWO_jjnkpH_lGVGX69vvqNYZ-Bdsxnl8-fcCs4gD0uEXSasfk6a3jJBhbn",
        "https://assets.wi.gcs.trstatic.net/assets/images/themes/search/tales-of-the-unexpected.jpg?rev-f2c357c1",
        "https://assets.wi.gcs.trstatic.net/assets/images/themes/search/cultural-atlas.jpg?rev-f2c357c1",
        "https://assets.wi.gcs.trstatic.net/assets/images/themes/search/moment-of-history.jpg?rev-f2c357c1"
    ],
    "publication-date": null,
    "text": "Advertisement\n\nThe scene inside United Memorial Medical Center in Houston has become all too familiar: Overwhelmed medical staff fighting to curb the wave of COVID-19 patients that come through the hospital\u2019s doors every day.\n\nWhile in earlier pandemic hot spots like New York the medical emergency has subsided, Texas is among the many U.S. states battling a resurgence of the virus that is straining their healthcare systems.\n\nDr. Varon goes over the files of patients infected with the COVID-19 at a daily meeting with his team of healthcare workers. Dr. Joseph Varon, the chief medical officer of United Memorial Medical Center (UMMC,) said he is afraid he will soon face a dilemma many doctors elsewhere said they confronted earlier in the pandemic: Deciding who to save. \"I'm afraid that at some point in time I'm going have to make some very serious decisions,\" he told Reuters in an interview. \"I'm starting to get the idea that I cannot save everybody.\"\n\nA death note written by Dr. Varon about a COVID-19 patient who died while being intubated. Varon, 58, is overseeing the hospital's unit dedicated to COVID-19 patients, where he said he tends to an average of 40 people a day. He said he signed more death certificates in the last week than at any point in his career.\n\nDr. Varon stretches his legs before treating COVID-19 patients. Earlier this month, Reuters followed the lung and critical care specialist on a shift as he hurried through the hallways - a small cohort of nurses and medical students in tow - pausing to inspect X-rays or medical charts and check on patients, at times offering them words of comfort or reaching out to hold their hand. Many of those in Varon's COVID-19 unit needed nasal tubes to help them breathe, some required intubation.\n\nDr. Varon and a team of healthcare workers perform CPR on a COVID-19 patient. In the afternoon, the physician and his team rushed to resuscitate a patient, performing CPR on the man who was later pronounced dead. Medical personnel covered his body in white sheets and wrapped it in a biohazard bag. As the coronavirus pandemic that has gripped the nation for months showed little signs of abating, healthcare workers on the frontlines often fall prey to the virus that has killed around 150,000 people in the United States.\n\nAn X-ray of a COVID-19 patient's lungs. Varon's team is no exception. Christina Mathers, a 43-year-old nurse at UMMC, (pictured in the first photograph) was told she tested positive for COVID-19 last week after she reported feeling ill during her shift. \"That's the hardest thing to ever hear... It messes with you,\" said Mathers, who has been working every other day since April 29. \"But I wouldn't go anywhere else but here.\"\n\nVaron speaks to Henry Rodriguez, 39, who has been hospitalised with COVID-19. Varon, who was a hospital intern when a huge quake struck Mexico City in 1985, said dealing with the virus has been incredibly challenging for medical professionals. \"Throughout my life, I have been in major disasters,\" he said. \"Nothing has been as difficult to deal with (as) COVID.\"\n\nHarrison lies on a hospital bed as he watches television. Riley Harrison, 67, said he started feeling out of breath at work and that he struggled to get enough air in his lungs to call his wife, who also contracted the virus. Now, they are both hospitalized at UMMC. \"I couldn't breathe,\" Riley said in a whisper as oxygen flowed through tubes in his nose. \"If you got a death wish, play with COVID.\"\n\nRaudales sits on a hospital bed as she is checked on by 26-year-old medical student Fernando Olvera. Medical experts and officials have been sounding the alarm on the growing number of young people who are falling ill with COVID-19, warning they should not discount it as a virus dangerous for elderly people alone. Eighteen-year-old Larissa Raudales had trouble breathing and said her lungs hurt when she was taken to UMMC. With medication, she was starting to feel better. \"I was terrified... I thought I couldn't breathe anymore,\" she said. \"I just thought I was going to practically die right there.\"\n\nNurse Flor Trevino, 39, prepares the body of a patient who died during an intubation procedure. Texas, along with California and Florida, has emerged as one of the new national hot spots. So far in July, the state has more than doubled its cases to over 400,000 total. Deaths rose by 32%, or over 1,000 lives lost, in the last week alone. But lately the number of new cases has slowed and hospitalized COVID-19 patients are down from record highs.\n\nA television shows the news inside a laboratory. Dr. David Persse, the health authority for the Houston Health Department, said hospitals in the area were \"struggling\" as they dealt with a shortage of personnel to tackle a crisis that has been dragging out for months.\n\nMedical school student Fernando Olvera, 26, helps Efrain Guevara, 63, who has been hospitalised with COVID-19, get up from his hospital bed.\n\nStory \"The people who work in hospitals are exhausted... It takes a physical and an emotional toll on you,\" he said. \"It's not always been pretty but it's been functional, and this is why we call it a disaster.\"",
    "title": "'I cannot save everybody': Houston doctor fights newest COVID-19 surge",
    "top-image": "https://photos.wi.gcs.trstatic.net/WBTnOVC7qqta06gXHeKsQ_PjTP7IBmlP13lhXKU8-9M3ER0pLxccTsr7fmKKBSEhrzACfnCh1e969CKmrfimwNV9hg8-zbVy4TSKsKg3mofV4rYMxcSgHzVoaFTdzamZ",
    "df_date": 20200722,
    "source": "widerimage.reuters.com",
    "label": "reliable"
}