{
    "url": "https://uk.reuters.com/uk.reuters.com/article/us-usa-aerospace-boeing-airbus-focus/covid-floors-aero-suppliers-after-years-of-planemaker-blows-idUKKCN24M1VE",
    "uid": "1637690034.1326923.-uk-reuters-com-article-us-usa-aerospace-boeing-airbus-focus-covid-floors-aero-suppliers-after-years",
    "images": [
        "https://static.reuters.com/resources/r/?m=02&d=20200721&t=2&i=1526568613&r=LYNXNPEG6K10Z&w=800"
    ],
    "publication-date": "2020-07-21",
    "text": "SEATTLE/NEW YORK (Reuters) - Before the 737 MAX and COVID-19 crises rocked aviation, Boeing BA.N offered a major 737 supplier, Teledyne Controls, a take-it-or-leave-it deal.\n\nFILE PHOTO: Boeing 737 Max aircraft are parked in a parking lot at Boeing Field in this aerial photo over Seattle, Washington, U.S., June 11, 2020. REUTERS/Lindsey Wasson/File Photo\n\nIf the Teledyne Technologies TDY.N unit also wanted to be a top-tier supplier on the blockbuster 737 MAX program and a future jet codenamed NMA, it had to slash prices for its data systems, according to a person familiar with the situation.\n\nIt also needed to give Boeing a share of the higher-margin work for repairs.\n\nLike hundreds of suppliers facing similar demands from Boeing and European rival Airbus AIR.PA, Teledyne agreed to sell its parts at razor-thin margins. In exchange, Teledyne and other U.S. suppliers thought they were guaranteed profits for 20 years, fueled by record output of Boeing 737s and Airbus A320s.\n\nBut the 15-month-old MAX grounding, prompted by two crashes, and now the COVID-19 pandemic have left the plans in tatters.\n\nAlready weakened by a decade of pressure from Boeing and Airbus to cut prices and invest in new technology, U.S. aerospace firms now face a wave of bankruptcies, restructurings, takeovers and mergers, industry sources and bankers say.\n\nTeledyne Controls has laid off more than half of the 600 or so workers at its El Segundo, California factory, and closed its Seattle-area office, with more cuts expected, the person familiar with the situation said.\n\nTriumph Group TGI.N, which makes parts for Boeing's T-X training jet, is also planning a large layoff this summer and is studying selling off businesses and other options, according to another person familiar with the matter.\n\nTeledyne and Triumph did not answer requests for comment.\n\nBoeing declined to comment about individual suppliers.\n\nThe planemakers\u2019 strategy toward suppliers had already triggered consolidation as companies looked to bolster their negotiating power.\n\nNow, Boeing and Airbus face a dilemma between letting industrial juggernauts like Raytheon Technologies RTX.N, with a $95 billion market value, absorb smaller companies and boost their pricing power, or shelling out precious cash to bring technology in-house.\n\nPARTS SHORTAGES\n\nTeledyne joins Kansas-based Spirit AeroSystems SPR.N, Britain's GKN [GKNHL.UL], Montreal-based Heroux-Devtek HRX.TO, and many others in shedding jobs.\n\nThe downturn has led to grumbling from some suppliers that Boeing is not pulling its weight.\n\nBoeing argues it poured billions of dollars into the supply chain by producing 737 MAXs for months even after the jet was grounded in March 2019, people familiar with its thinking say.\n\nBoeing, which has also invested heavily in its factory and hiring to prepare for higher output, bears more of the risk throughout multibillion-dollar programs, they add.\n\n\u201cThere are so many mouths to feed and not enough food to go round,\u201d one supply chain source said.\n\nIn April, Boeing bypassed the government support it had initially lobbied for and raised $25 billion in debt, one of the largest investment-grade bond issues of all time.\n\nAt the time, Boeing said the sale would \u201ckeep liquidity flowing through our business and the 17,000 companies in our industry\u2019s supply chain.\u201d Boeing has also paid Spirit $225 million for fuselages it did not immediately need.\n\nNow, industry sources say Boeing is putting pressure on its largest \u201ctier 1\u201d suppliers to flow money down to smaller \u201ctier 3\u201d and \u201ctier 4\u201d parts manufacturers, some of which have also applied for the COVID-related U.S. payroll protection program.\n\nKevin Michaels, managing director of AeroDynamic Advisory, said Boeing needed to do more, such as paying supplier invoices in 60 days instead of 90, and backing off on a campaign to bring in-house technology long-supplied by outside firms.\n\nWith failures likely, planemakers face potential parts and skill shortages, Michaels said.\n\n\u201cI think the challenges ahead are underestimated by both Boeing and Airbus,\u201d Michaels added.\n\nA Boeing spokesman said: \u201cWe are working closely with our airline customers and our suppliers to manage through the unprecedented downturn and balance supply and demand going forward.\u201d\n\nAirbus was not immediately available for comment.\n\nPAYCHECK TO PAYCHECK\n\nBoeing has said it expects to reach production of 31 737s monthly during 2021. That means Boeing will more than double the rate in a few months, as industry sources say it will only reach 14 per month by the end of 2020.\n\nBoeing sees 14 per month as low enough to begin to clear an inventory of 450 new 737 MAX jets once U.S. regulators clear it for service, but high enough to keep suppliers on life support.\n\nAirbus is also producing 40 narrow-body jets a month, partly to stabilize the supply chain, a senior European source said.\n\nFor some suppliers, the damage will be tough to reverse.\n\nAs of June, Teledyne Controls\u2019 revenue had plunged some 50%, the person familiar with the situation said.\n\nNor is there much hope for new business on the horizon after Boeing shelved plans for its mid-market NMA jet.\n\n\u201cWith how ugly business looks and how bad the forecasts look, I would not be surprised if Teledyne (Controls) is sold off,\u201d the person said. \u201cThe question is, who would buy it?\u201d",
    "title": "COVID floors aero suppliers after years of planemaker blows",
    "top-image": "https://static.reuters.com/resources/r/?m=02&d=20200721&t=2&i=1526568613&r=LYNXNPEG6K10Z&w=800",
    "df_date": 20200722,
    "source": "uk.reuters.com",
    "label": "reliable"
}