{
    "url": "https://www.aljazeera.com/news/2020/07/trump-americans-wear-masks-200721221912131.html",
    "uid": "1637690032.316542.-news-2020-07-trump-americans-wear-masks-200721221912131-html",
    "images": [
        "/wp-content/uploads/2021/11/000_9T68YB.jpg?resize=170%2C113",
        "/wp-content/uploads/2021/11/000_9T79MJ.jpg?resize=170%2C113",
        "https://www.aljazeera.com/wp-content/uploads/2020/07/d9afc61060a54766b5a40297b5ba67e6_18.jpeg?fit=1000%2C562",
        "/wp-content/uploads/2020/07/d9afc61060a54766b5a40297b5ba67e6_18.jpeg?resize=770%2C513",
        "/wp-content/uploads/2021/11/h_57280247.jpg?resize=170%2C113",
        "/static/media/aj-footer-logo.bac952ad.svg",
        "/wp-content/uploads/2018/11/8b48e70b2a214d8ebc6c735f0247f353_18.jpeg?resize=170%2C113",
        "/wp-content/uploads/2021/11/AP4548441314484617.jpg?resize=170%2C113",
        "/wp-content/uploads/2021/11/000_9T83V4.jpg?resize=170%2C113",
        "/wp-content/uploads/2021/11/apple-2.jpg?resize=170%2C113",
        "/wp-content/uploads/2021/11/liz.jpg?resize=170%2C113"
    ],
    "publication-date": null,
    "text": "In his first coronavirus briefing in months, Trump said the pandemic will probably get worse before it gets better.\n\nUnited States President Donald Trump, in a shift in rhetoric on facial coverings, encouraged Americans on Tuesday to wear a mask if they cannot maintain social distance from people around them in an effort to curb the spread of the coronavirus.\n\nIn his first briefing focused on the coronavirus pandemic in months, Trump told reporters at the White House \u201cit will probably unfortunately get worse before it gets better.\n\n\u201cSomething I don\u2019t like saying about things, but that\u2019s the way it is.\u201d\n\nTrump has been reluctant to wear a mask himself in public. He wore one for the first time in public during a recent visit to a military hospital, but has otherwise avoided putting one on in front of the press.\n\nAs cases rise in states around the country, including in politically important states such as Florida, Texas and Arizona, Trump is shifting his tone to try to get the number of cases under control.\n\n\n\n\n\n\u201cWe\u2019re asking everybody that when you are not able to socially distance, wear a mask, get a mask. Whether you like the mask or not, they have an impact, they\u2019ll have an effect and we need everything we can get,\u201d he said.\n\nTrump said he was getting used to masks and would wear one himself in groups or when on an elevator.\n\n\u201cI will use it, gladly,\u201d he said. \u201cAnything that potentially can help \u2026 is a good thing.\u201d\n\nThe president also urged young Americans to avoid crowded bars where the virus could spread.\n\nThe comments came at the end of Trump\u2019s evening briefing, which lasted less than half an hour. Trump appeared alone, with no public health experts joining him.\n\nDuring the question-and-answer session following his prepared remarks, Trump raised eyebrows by saying he wished alleged sex trafficker Ghislaine Maxwell well, noting that he had met her multiple times in the past.\n\nTrump was asked if he thinks Maxwell will \u201cturn in powerful men\u201d following her arrest, given that she was the longtime associate of Jeffrey Epstein and was his alleged co-conspirator.\n\n\u201cI don\u2019t know, I haven\u2019t really been following it too much,\u201d Trump said of the case. \u201cI just wish her well, frankly. I\u2019ve met her numerous times over the years \u2014 especially since I lived in Palm Beach, and I guess they lived in Palm Beach \u2014 but I wish her well, whatever it is.\u201d\n\nMaxwell was arrested early this month in New Hampshire, where authorities said she had been hiding at a sprawling property she bought while shielding her identity.\n\nProsecutors have accused Maxwell, 58, of helping Epstein recruit and eventually abuse girls as young as 14 from 1994 to 1997 and lying about her role in depositions in 2016, charges she has strenuously denied.\n\nHer trial is set to start on July 12, 2021.",
    "title": "Trump: Americans should wear masks whether they like them or not",
    "top-image": "https://www.aljazeera.com/wp-content/uploads/2020/07/d9afc61060a54766b5a40297b5ba67e6_18.jpeg?fit=1000%2C562",
    "df_date": 20200722,
    "source": "www.aljazeera.com",
    "label": "reliable"
}