{
    "url": "https://uk.reuters.com/article/uk-health-coronavirus-usa-congress/key-jobless-benefit-at-risk-as-u-s-congress-coronavirus-talks-stalled-idUKKCN24U1GS",
    "uid": "1637682113.8339832.-article-uk-health-coronavirus-usa-congress-key-jobless-benefit-at-risk-as-u-s-congress-coronavirus-",
    "images": [
        "https://static.reuters.com/resources/r/?m=02&d=20200729&t=2&i=1527615379&r=LYNXNPEG6S1Y5&w=800"
    ],
    "publication-date": "2020-07-29",
    "text": "WASHINGTON (Reuters) - U.S. congressional Republicans and Democrats, struggling to reach a deal to provide more aid to those hurt by the coronavirus pandemic, slid on Wednesday toward letting a $600-per-week unemployment benefit lapse when it expires this week.\n\nU.S. Treasury Secretary Steven Mnuchin, left, and White House Chief of Staff Mark Meadows speak to reporters in the U.S. Capitol in Washington, U.S. July 29, 2020. REUTERS/Erin Scott\n\nHigh-ranking Trump administration officials met privately with lawmakers from both parties to see if they can bridge vast differences over the enhanced unemployment benefit and a host of other issues including a moratorium on evictions that expired last Friday.\n\nDespite the day of meetings, there was little apparent progress on legislation to ease the impact of a pandemic that has killed 150,000 Americans and thrown tens of millions out of work.\n\n\u201cOur Republican friends don\u2019t seem to come close to meeting the moment,\u201d Senator Chuck Schumer, the Senate\u2019s Democratic leader, told reporters after he and House of Representatives Speaker Nancy Pelosi met with Treasury Secretary Steven Mnuchin and White House Chief of Staff Mark Meadows.\n\n\u201cThey have no coherent plan, they have no comprehensive plan,\u201d Schumer said.\n\nSenator John Thune, the No. 2 Senate Republican, said lawmakers might have a better idea by the end of this week on whether there is a chance for a deal so \u201cthat we could actually get to a package by the end of next week.\u201d\n\nEarlier on Wednesday, Republican President Donald Trump said he was in no hurry to act despite the tight deadlines.\n\n\u201cWe\u2019re so far apart, we don\u2019t care. We really don\u2019t care,\u201d Trump told reporters as he departed the White House for a trip to Texas, blaming Democrats.\n\nWhile some Republicans talked about the need for a stopgap extension of the enhanced unemployment benefit, Pelosi said she opposed doing that or leaving behind other initiatives important to Democrats.\n\n\u201cWe have to have a comprehensive, full bill,\u201d Pelosi said.\n\n\u2018FAR FROM AN AGREEMENT\u2019\n\nMnuchin said there was a \u201csubset of issues\u201d on which all sides agree, including more personal protective equipment for healthcare workers and increased funds for education.\n\n\u201cBut overall, we\u2019re far from an agreement,\u201d he said, adding that Trump is focused on the unemployment benefit, without providing details.\n\nThe amount of support for a short-term extension of the unemployment benefit was unclear because most Senate Republicans adamantly oppose the $600 supplement.\n\nMnuchin and Meadows said they planned more meetings with lawmakers on Thursday.\n\nOn Monday, Senate Republican leaders rolled out a $1 trillion package of proposals that some in their own party have criticized as too expensive. Democrats rejected the new proposal as inadequate compared with the $3 trillion plan the House passed in May.\n\nAmid the legislative infighting, Republican Representative Louie Gohmert, a Trump ally who has balked at wearing a mask, said he had tested positive for COVID-19.\n\nSlideshow ( 5 images )\n\nCongress has so far passed more than $3 trillion in funding intended to ease the pandemic\u2019s heavy human and economic toll.\n\nDemocrats want to extend the $600 jobless benefit for several more months. Republicans, arguing that it discourages workers from seeking employment, have proposed temporarily reducing the federal payment to $200 a week, on top of state unemployment benefits.\n\nOther major issues at play: a Republican plan to prevent liability lawsuits against reopening businesses and schools, more money for testing and a Democratic-led push for aid to state and local governments so they can avoid massive layoffs as tax revenues dwindle.\n\nTrump also wants any legislation to include $1.8 billion to build a new FBI headquarters in Washington.\n\nMembers of both parties object. Democrats say Trump is trying to protect his Washington hotel, which is across the street from the FBI. Some Republicans said they want coronavirus aid to focus on the health crisis.",
    "title": "U.S. jobless benefit at risk as Congress coronavirus talks stalled",
    "top-image": "https://static.reuters.com/resources/r/?m=02&d=20200729&t=2&i=1527615379&r=LYNXNPEG6S1Y5&w=800",
    "df_date": 20200722,
    "source": "uk.reuters.com",
    "label": "reliable"
}