{
    "url": "https://uk.reuters.com/article/uk-health-coronavirus-mexico-usa/us-expected-to-announce-restrictions-on-travel-across-mexico-border-sources-idUKKBN2163T9",
    "uid": "1637747629.3737757.-article-uk-health-coronavirus-mexico-usa-us-expected-to-announce-restrictions-on-travel-across-mexi",
    "images": [
        "https://static.reuters.com/resources/r/?m=02&d=20200320&t=2&i=1505626434&r=LYNXMPEG2J031&w=800"
    ],
    "publication-date": "2020-03-19",
    "text": "WASHINGTON (Reuters) - U.S. Secretary of State Mike Pompeo said on Thursday he was working with his Mexican counterpart on travel restrictions to curb the spread of the coronavirus.\n\nFILE PHOTO: U.S. Secretary of State Mike Pompeo delivers remarks on the current state of the coronavirus disease (COVID-19) during a news conference at the State Department in Washington, U.S., March 17, 2020. REUTERS/Tom Brenner\n\nThe United States could announce restrictions on travel across the U.S.-Mexico border as soon as Friday, limiting crossings to essential travel, two officials briefed on the matter said.\n\nThe sources said the restrictions would be similar to those the United States and Canada have agreed to adopt on the northern U.S. border.\n\nPompeo said in a Twitter post that he had been working closely with Mexican Foreign Minister Marcelo Ebrard \u201con travel restrictions that balance protecting our citizens from further transmission\u201d of COVID-19, the disease caused by coronavirus.\n\n\u201cTogether, we can reduce public health risks and prioritize essential cross-border commerce and trade,\u201d Pompeo said.\n\nMexico\u2019s foreign ministry said in a statement after a conversation between Pompeo and Ebrard that the bilateral efforts would seek to maintain trade flows and economic activity between the two countries while also tackling coronavirus.\n\nThe U.S. and Mexican governments are still discussing the possible border restrictions, which would not include cross-border trade, according to three U.S. officials and one Mexican official.\n\nThe administration of U.S. President Donald Trump has stepped up its response to the coronavirus outbreak over the past week. Nearly 12,000 confirmed cases of the disease have surfaced in the United States with 199 deaths, according to the latest data compiled by Reuters.\n\nThe United States and Canada also plan to close their border to nonessential traffic in the coming days.\n\nA Mexican government source, speaking on condition of anonymity, said President Andres Manuel Lopez Obrador is concerned about the economic impact of border restrictions with his country already in recession.\n\nA senior official with the U.S. Department of Homeland Security (DHS), who also requested anonymity to discuss the ongoing talks, said the United States would prefer to reach an agreement with Mexico, but could act unilaterally if necessary.\n\nWhile the restrictions are not expected to affect trade, communities on both sides of the border depend on economic activity generated from visitors.\n\nRoughly 3 million personal vehicles crossed legally each month in 2019 between San Diego, California, and the Mexican border city of Tijuana, according to U.S. Department of Transportation data.\n\nU.S. Representative Henry Cuellar, a Democrat whose district sits on the border in south Texas, said he had spoken with U.S. border officials who said possible restrictions would be limited to non-essential travel.\n\nCuellar said the officials were working to define what type of travel would be permitted.\n\n\u201cIf someone is coming for recreation purposes, that\u2019s one thing,\u201d he said. \u201cBut you have people who come over to work or go over to buy food and medicines. Those we would consider essential and they\u2019re trying to work on that.\u201d\n\nRogelio Villa, a 45-year-old audiovisual technician who works full-time in Tijuana but often performs extra freelance work for clients in the United States, said border restrictions would hurt him financially.\n\n\u201cThe extra hours are a huge help in terms of money,\u201d he said.",
    "title": "U.S., Mexico working on travel restrictions to curb coronavirus - Pompeo",
    "top-image": "https://static.reuters.com/resources/r/?m=02&d=20200320&t=2&i=1505626434&r=LYNXMPEG2J031&w=800",
    "df_date": 20200320,
    "source": "uk.reuters.com",
    "label": "reliable"
}