{
    "url": "https://www.reuters.com/article/us-health-coronavirus-brazil-flights/brazil-bars-certain-foreigners-allows-americans-as-coronavirus-spreads-idUSKBN2170BS",
    "uid": "1637747690.0977688.-article-us-health-coronavirus-brazil-flights-brazil-bars-certain-foreigners-allows-americans-as-cor",
    "images": [
        "https://static.reuters.com/resources/r/?m=02&d=20200320&t=2&i=1505664781&r=LYNXMPEG2J099&w=800"
    ],
    "publication-date": "2020-03-20",
    "text": "A restaurant is seen empty amid the coronavirus disease (COVID-19) outbreak in Sao Paulo, Brazil March 19, 2020. REUTERS/Rahel Patrasso\n\nBRASILIA (Reuters) - Brazil late on Thursday announced it will bar citizens from certain countries affected by the coronavirus outbreak from entering the country, but exempted the United States, one of the countries with the highest number of cases.\n\nThe measure was published in Brazil\u2019s federal gazette and is relatively weak in its restrictions compared to other Latin American nations. Those banned include citizens of the EU, China, Japan, Australia, Malaysia and South Korea.\n\nBrazil crossed 600 coronavirus cases on Thursday, more than doubling in two days. So far Brazil has remained the odd country in the region not implementing severe air travel restrictions.\n\nBrazil\u2019s Justice Ministry said countries were selected based on risk, but did not explain why the United States was not included, which has one of the highest infected counts in the world.\n\nIn Latin America, Colombia and Panama announced on Thursday that they would ban all international flights for 30 days. Other countries such as Peru, Ecuador and El Salvador have already implemented similar measures.\n\nEarlier on Thursday Brazil closed its land borders.",
    "title": "Brazil bars certain foreigners, allows Americans, as coronavirus spreads",
    "top-image": "https://static.reuters.com/resources/r/?m=02&d=20200320&t=2&i=1505664781&r=LYNXMPEG2J099&w=800",
    "df_date": 20200320,
    "source": "www.reuters.com",
    "label": "reliable"
}