{
    "url": "https://nypost.com/2020/03/19/gop-coronavirus-stimulus-bill-unveils-1200-checks-for-public/",
    "uid": "1637747625.5567732.-2020-03-19-gop-coronavirus-stimulus-bill-unveils-1200-checks-for-public-",
    "images": [
        "https://nypost.com/wp-content/uploads/sites/2/2021/11/Christian-marriage-rules.jpg?quality=90&strip=all&w=260",
        "https://nypost.com/wp-content/mu-plugins/vip-helpers/images/vip-powered-dark-small.png",
        "//googleads.g.doubleclick.net/pagead/viewthroughconversion/988380111/?value=0&guid=ON&script=0",
        "https://nypost.com/wp-content/uploads/sites/2/2021/11/laundrie-comp.jpg?quality=90&strip=all&w=260",
        "https://nypost.com/wp-content/uploads/sites/2/2021/11/uber-date-1.jpg?quality=90&strip=all&w=260",
        "https://nypost.com/wp-content/uploads/sites/2/2021/11/saks_light_show_wp-thumb.jpg?quality=90&strip=all&w=1024",
        "https://nypost.com/wp-content/uploads/sites/2/2020/03/wap20200319032_lg.jpg?quality=90&strip=all&w=744",
        "https://nypost.com/wp-content/mu-plugins/jetpack-9.8/modules/sharedaddy/images/loading.gif",
        "https://nypost.com/wp-content/uploads/sites/2/2020/03/wap20200319032_lg.jpg?quality=90&strip=all&w=1024",
        "https://nypost.com/wp-content/uploads/sites/2/2021/11/biden-kitchen-comp.jpg?quality=90&strip=all&w=260",
        "https://sb.scorecardresearch.com/p?c1=2&c2=6390601&cj=1&cv=3.6"
    ],
    "publication-date": "2020-03-20",
    "text": "Senate Republicans unveiled a massive stimulus bill Thursday to blunt the economic crash caused by the coronavirus, including large direct payments to millions of Americans.\n\nThe approximately $1 trillion package would give a $1,200 tax rebate to people who earned $75,000 or less in 2018.\n\nThe rebate gradually decreases for higher incomes, and people earning more than $99,000 would get nothing \u2014 a slightly higher cap than anticipated.\n\nLower-income people would get less as well, with a minimum rebate of $600 if their income was at least $2,500. The 247-page bill also proposes a $500-per-child rebate.\n\n\u201cRecovery checks of up to $1,200 will be put into the hands of most taxpayers, providing cash immediately to individuals and families,\u201d the Senate Finance Committee said in a statement.\n\nPresident Trump requested that the legislation include the direct payments to boost consumer purchasing. The White House requested two waves of $1,000 checks to all taxpayers, but some Republicans viewed the idea skeptically.\n\nRepublican senators told reporters earlier in the day that the rebates \u2014 often referred to as \u201cchecks\u201d \u2014 likely would be transmitted electronically.\n\nSome Republicans, including Sen. Lindsey Graham of South Carolina, objected to direct payments in favor of boosting unemployment insurance pay.\n\nThe package also includes $300 billion in small business loans, which would be forgiven if the firms don\u2019t lay off workers.\n\nAnother $58 billion in loans would go to airlines suffering a plunge in demand worse than after 9/11, with another $150 billion of loans and loan guarantees to other businesses.\n\nSenate Majority Leader Mitch McConnell (R-Ky.) unveiled the package Thursday, but notably shared no specific figures on the Senate floor. He said the bill was a starting point for talks with Democrats.\n\n\u201cBipartisan discussions must begin immediately and continue with urgency,\u201d McConnell said. \u201cWe need to have the American people\u2019s backs. This legislation is a significant next step and the Senate is not going anywhere until we take action.\u201d\n\nShortly after the announcement, White House economist Larry Kudlow and legislative affairs director Eric Ueland arrived on Capitol Hill to meet with senators.\n\nMcConnell said \u201cwe look forward to meeting with our Democratic counterparts tomorrow.\u201d\n\nSenate Minority Leader Chuck Schumer (D-NY) has argued for the stimulus to focus on the unemployed. Many GOP senators also support a boost in temporary unemployment pay to people laid off as a result of local governments ordering businesses closed.\n\nSchumer on Thursday also proposed a $400 billion Marshall Plan-style hospital funding boost.\n\nOn Thursday, the Senate voted 90-8 to pass another massive coronavirus response package that was crafted by Treasury Secretary Steve Mnuchin and House Speaker Nancy Pelosi (D-Calif.). That deal established free COVID-19 testing, massively boosted funds for states by increasing federal Medicaid payments and required many businesses to expand paid sick leave. It also included $1 billion in food aid and $1 billion in unemployment funds.\n\nEarly this month, Congress passed an initial $8.3 billion response package funding medical supplies, vaccine research and government response efforts.",
    "title": "GOP coronavirus stimulus bill unveils $1,200 checks for public",
    "top-image": "https://nypost.com/wp-content/uploads/sites/2/2020/03/wap20200319032_lg.jpg?quality=90&strip=all&w=1024",
    "df_date": 20200320,
    "source": "nypost.com",
    "label": "reliable"
}