{
    "url": "https://www.nbcnews.com/health/health-news/experimental-drug-holds-promise-treating-coronavirus-n1158316?cid=public-rss_20200320",
    "uid": "1637747640.7576563.-health-health-news-experimental-drug-holds-promise-treating-coronavirus-n1158316",
    "images": [
        "https://media-cldnry.s-nbcnews.com/image/upload/t_nbcnews-fp-1200-630,f_auto,q_auto:best/newscms/2020_11/3269161/200313-remdesivir-al-1423.jpg",
        "https://media-cldnry.s-nbcnews.com/image/upload/t_fit-760w,f_auto,q_auto:best/newscms/2020_11/3269161/200313-remdesivir-al-1423.jpg",
        "https://media-cldnry.s-nbcnews.com/image/upload/t_focal-760x428,f_auto,q_auto:best/MSNBC/Components/Video/202003/nbc_trump_fda_orders_200319_1920x1080.jpg"
    ],
    "publication-date": "2020-03-19",
    "text": "There are early signs that an experimental treatment for people who become very sick from the coronavirus may start working within 24 hours of the first dose.\n\nThe treatment, an antiviral therapy called remdesivir, is thought to work by blocking the virus from reproducing itself in the body.\n\nFull coverage of the coronavirus outbreak\n\n\"It basically stops the production of the virus,\" Dr. Gregory Poland, an infectious diseases expert and director of the Mayo Clinic's Vaccine Research Group in Rochester, Minnesota, told NBC News.\n\nRemdesivir was one of the potential treatments mentioned by President Donald Trump during a press briefing on Thursday. He announced that federal health officials are removing barriers in attempts to roll out treatments as fast as possible.\n\nPreliminarily, it seems at least two hospitalized patients who received remdesivir started to feel better the next day.\n\nChris Kane, 55, was diagnosed with the coronavirus and hospitalized at Providence Regional Medical Center in Everett, Washington, this month.\n\n\"He was really sick,\" his wife, Susan Kane, told NBC News. \"They put him on oxygen right away.\"\n\nHis doctors decided to try remdesivir after it had shown promise in at least one earlier patient.\n\nSusan Kane credits remdesivir for her husband's recovery from the coronavirus. Courtesy Susan Kane\n\nResearch in animals had shown the drug, developed by Gilead Sciences, might treat MERS, another type of coronavirus.\n\nIt was also widely promoted as a potential treatment for Ebola, but failed to show any significant benefit.\n\nThen came COVID-19, which has now sickened well over 200,000 people worldwide, including nearly 10,000 in the United States. Pressure to develop and study effective treatments has mounted over the past few months.\n\nDownload the NBC News app for full coverage of the coronavirus outbreak\n\nAbout two weeks before Chris Kane arrived at the hospital, his doctors had treated a 35-year-old man who'd recently returned to his Washington home after traveling in Wuhan, China.\n\nThe unidentified man became the first person in the U.S. to be diagnosed with the coronavirus.\n\nWithin a week of being admitted to the hospital, the man's condition deteriorated. His physicians, including the doctor who would later treat Chris Kane, worked with the federal health authorities to try remdesivir through what's called compassionate use, reserved for unapproved drugs in specific, potentially life-saving situations.\n\nThe doctors published details about that first case in the New England Journal of Medicine.\n\n\"Treatment with intravenous remdesivir was initiated on the evening of day seven,\" they wrote.\n\nOn day eight, the man's condition started to improve. He was able to be taken off the ventilator and got his appetite back. His fever resolved and his cough slowly dissipated.\n\nBut questions remain about the quick recovery. Was it the drug that lead to the improvement? Or would the man have gotten better the next day anyway?\n\nSusan Kane said remdesivir appeared to work quickly for her husband, too.\n\n\"On the very next day, he said: 'You know, I think it's lifting. I think I'm starting to feel better,'\" she recalled.\n\nChris Kane is now home and, although he still gets winded easily, he is improving, according to his wife.\n\n\"We are 100,000 percent convinced that the remdesivir turned things around for him,\" Susan Kane said.\n\nBecause remdesivir is now officially in clinical trials at Providence Regional Medical Center, Kane's doctors declined an interview with NBC News, as they are unable to comment on the efficacy of the drug before results are made public. First results are expected in late April.\n\n\"We can't discuss any particular patient's care aside from the first one (published in the New England Journal of Medicine case report),\" a spokesman for the hospital system wrote in an email.\n\nIn partnership with Gilead, the spokesman said, up to 1,000 patients will be enrolled in the clinical trial. Patients are slowly being recruited into the trials, not only in Washington, but also at the University of Nebraska Medical Center, and Emory Vaccine Center in Atlanta.",
    "title": "Experimental drug holds promise for treating the coronavirus",
    "top-image": "https://media-cldnry.s-nbcnews.com/image/upload/t_nbcnews-fp-1200-630,f_auto,q_auto:best/newscms/2020_11/3269161/200313-remdesivir-al-1423.jpg",
    "df_date": 20200320,
    "source": "www.nbcnews.com",
    "label": "reliable"
}