{
    "url": "https://www.aljazeera.com/news/2020/03/coronavirus-live-updates-italy-overtakes-china-death-toll-200319224219279.html",
    "uid": "1637747627.5937786.-news-2020-03-coronavirus-live-updates-italy-overtakes-china-death-toll-200319224219279-html",
    "images": [
        "/wp-content/uploads/2021/11/1236407196.jpg?resize=170%2C113",
        "/wp-content/uploads/2021/11/2021-11-22T092215Z_746281632_RC2EZQ937XW7_RTRMADP_3_HEALTH-CORONAVIRUS-INDIA-SCHOOLS.jpg?resize=170%2C113",
        "/wp-content/uploads/2020/03/dee345613141444a9c8700c51306aae3_18.jpeg",
        "/wp-content/uploads/2021/11/DART-at-Asteroids-1024x576-1.jpeg?resize=170%2C113",
        "/wp-content/uploads/2021/11/2021-11-13T000001Z_1812655296_RC2BTQ9K5AIL_RTRMADP_3_USA-CHINA-TAIWAN-AUSTRALIA.jpg?resize=170%2C113",
        "/wp-content/uploads/2020/03/2b18aa7b5d624c2aaf50678d9ee7af4a_18.jpeg?resize=270%2C180",
        "/wp-content/uploads/2020/03/124e474f18f84c0caa346ab7648c5c40_18.jpeg",
        "/wp-content/uploads/2020/03/b6b56d8918e14e4e8ea569fa6addac09_18.jpeg",
        "/wp-content/uploads/2020/03/10bf56faa28c41a8a35c55e3faddd8f6_18.jpeg",
        "/wp-content/uploads/2020/03/24137d3c216f47b68c931aa25ed494be_18.jpeg",
        "/wp-content/uploads/2020/03/eae98b16c9a04738a148936aad475fa0_18.jpeg?resize=270%2C180",
        "/wp-content/uploads/2020/03/074f071f178e4e518482ea14eb7b1506_18.jpeg",
        "/wp-content/uploads/2020/03/9264db6a90774700a8c56c4cba7856bd_18.jpeg",
        "/wp-content/uploads/2020/03/ae2e664d299e4a5f8b71c37f11a888d8_18.jpeg",
        "/wp-content/uploads/2020/03/bb5c1dfc7d5a4bf0893c8db23d93d07c_18.jpeg",
        "/wp-content/uploads/2020/03/b9256bbf71dd4a7695154b98c5704314_18.jpeg",
        "/wp-content/uploads/2020/03/9e0e762adaea48a19f4d2b6d319cb743_18.jpeg",
        "/wp-content/uploads/2020/03/a3a6dcba249643ea9ca06dc846d441d2_18.jpeg",
        "/wp-content/uploads/2020/03/c024f906748c48f19cb556bf868819d1_18.jpeg",
        "/wp-content/uploads/2020/03/a545e80456ee4dfda8261795364a977a_18.jpeg",
        "/wp-content/uploads/2020/03/2efccf23d02b4547a75b5d982e9ca305_18.jpeg",
        "/wp-content/uploads/2020/03/1369180fb6fc4d89beddd38390260998_18.jpeg",
        "/wp-content/uploads/2020/03/345037d9962648ca91cdfd0073672f2c_18.jpeg?resize=270%2C180",
        "/wp-content/uploads/2020/03/d2cf203eb6774853859180cf2e0e1889_18.jpeg?resize=270%2C180",
        "/wp-content/uploads/2021/11/h_55621032.jpg?resize=170%2C113",
        "/wp-content/uploads/2021/11/AP21250562457262.jpg?resize=170%2C113",
        "/static/media/aj-footer-logo.bac952ad.svg",
        "/wp-content/uploads/2020/03/6fdc5c1bc6a14f3c91574b2ee94048e8_18.jpeg",
        "/wp-content/uploads/2020/03/864e88f53ba44c46af1df58319ae59d6_18.jpeg",
        "/wp-content/uploads/2021/11/2021-11-11T143909Z_466735942_RC2DSQ90DTVF_RTRMADP_3_LEBANON-CRISIS-HEZBOLLAH.jpg?resize=170%2C113",
        "https://www.aljazeera.com/wp-content/uploads/2020/03/149a983d01d248048200b14ad4190f7b_18.jpeg?fit=1000%2C560",
        "/wp-content/uploads/2020/03/256a9b132ac84cf3973881adf6b2bb86_18.jpeg",
        "/wp-content/uploads/2020/03/7ca19cde1a6b42fcbb62140979bc02b0_18.jpeg",
        "/wp-content/uploads/2021/11/AP21314219060154.jpg?resize=170%2C113",
        "/wp-content/uploads/2020/03/149a983d01d248048200b14ad4190f7b_18.jpeg?resize=770%2C513"
    ],
    "publication-date": null,
    "text": "Largest daily jump in Italy\u2019s death toll, as WHO warns the world\u2019s youth they are not invincible against COVID-19.\n\nThe death toll from the new coronavirus has surpassed 5,000 in Europe \u2013 the new epicentre of the pandemic \u2013 as Italy, Germany and Spain reported a steep rise in infections.\n\nItaly announced 627 more deaths on Friday, the biggest day-to-day increase in the country\u2019s four-week epidemic, a day after surpassing China\u2019s death toll. The total number of deaths in Italy reached 4,032.\n\nMore than 209,000 people have been infected by the coronavirus globally and more than 8,700 have died, according to the World Health Organization.\n\nAt least 87,000 have recovered from COVID-19, according to data collected by the Johns Hopkins University in the United States. JHU\u2019s global death toll has surpassed 10,000.\n\nHere are all the latest updates:\n\nClick here to read Saturday, March 21 updates\n\nFriday, March 20:\n\n20:23 GMT \u2013 Turkey\u2019s death toll rises, 670 confirmed cases\n\nThe death toll in Turkey due to the coronavirus rose to nine, Health Minister Fahrettin Koca said.\n\nThe number of confirmed cases increased to 670 from 359 on Thursday.\n\nKoca said 3,656 tests had been conducted in the past 24 hours, 311 of which came back positive.\n\n20:11 GMT \u2013 Israel reports first fatality from coronavirus\n\nIsrael reported its first death from the coronavirus, an 88-year-old man who also suffered from previous illnesses.\n\nThe health ministry said in a statement the man had been brought to the hospital about a week ago in serious condition.\n\nIsrael has so far reported 705 cases of coronavirus, the large majority with mild symptoms. About 10 patients are in serious condition and 15 have recovered completely.\n\n\"You\u2019re a terrible reporter.\u201d President Trump insults reporter when asked to respond to Americans scared by the #coronavirus pandemic. pic.twitter.com/zXC2pquGu4 \u2014 Al Jazeera English (@AJEnglish) March 20, 2020\n\n19:38 GMT \u2013 India\u2019s Tamil Nadu shuts borders over virus fear\n\nThe Indian state of Tamil Nadu took the rare step of closing its borders with several neighbouring states because of the coronavirus pandemic.\n\nThe Tamil Nadu government shut the borders with Kerala, Karnataka and Andhra Pradesh states, which have reported a growing number of coronavirus cases.\n\nA government statement said the measure would last until at least March 31 and that only \u201cessential goods\u201d and government buses would be allowed across the border.\n\n\n\n\n\n19:25 GMT \u2013 Zimbabwe announces 1st coronavirus case\n\nZimbabwe has confirmed its first case of the coronavirus as the pandemic reaches a health system that has nearly collapsed amid an economic crisis.\n\nThe southern African nation\u2019s health minister said the infected man lives in Victoria Falls, one of the most visited tourist destinations in Africa.\n\n\u201cThis is the first case of COVID-19 in Zimbabwe. The patient is a 38-year-old Caucasian man \u2026 who had travelled to Manchester in the UK on the 7th of March and returned to his home in Victoria Falls on the 15th of March via South Africa,\u201d Health Minister Obadiah Moyo said on state television ZTV.\n\n19:24 GMT \u2013 Italy closes all parks and public gardens\n\nItaly\u2019s health ministry approved new measures to limit people\u2019s movements in an effort to contain the worst coronavirus outbreak in Europe.\n\nFrom Saturday, parks and public gardens will be shut down and people will be allowed to take exercise only around their homes, a directive seen by Reuters News Agency said.\n\nThe Palazzo Marino building is seen illuminated with the colours of the Italian flag in Milan, Italy [Daniele Mascolo,Reuters]\n\nGames and recreational activities in the open air will also be prohibited.\n\n\u201cWe must do even more to contain the contagion,\u201d Health Minister Roberto Speranza said in a statement.\n\n18:38 GMT \u2013 France reports 78 more coronavirus deaths\n\nFrench health authorities reported 78 new deaths from coronavirus, taking the total to 450 or an increase of 21 percent.\n\nDuring a news conference, health agency director Jerome Salomon said the number of cases had risen to 12,612, up from 10,995 on Thursday, a rise of 15 percent in 24 hours.\n\n18:30 GMT \u2013 Muted Nowruz in Afghanistan over coronavirus\n\nThe Sultan Agha shrine in Herat is a major place for public gatherings during Nowruz [Agnieszka Pikulicka-Wilczewska/Al Jazeera]\n\nEvery year on Nowruz, one of the most important festivals in Afghanistan, residents in Herat and other cities organise picnics or gather in large numbers around the city\u2019s landmark sites to celebrate the day with their families and friends.\n\nHowever, Nowruz this year was unusually quiet in Herat due to the coronavirus pandemic, with the city\u2019s popular sites seeing no festivities and even the green areas on the outskirts remaining deserted.\n\nRead the full story.\n\n18:11 GMT \u2013 Poland shuts schools until Easter\n\nPoland\u2019s government has declared a state of epidemic threat and will cancel school classes until Easter, Poland\u2019s Prime Minister Mateusz Morawiecki said.\n\n\u201cWe are today introducing a state of epidemic \u2026 which gives us new prerogatives but also gives us new responsibilities. We have decided to cancel lessons until Easter. It is a difficult but important decision.\u201d\n\nPoland had cancelled classes for students earlier this month and shut its borders to foreigners in an effort to curtail the spread of the virus. Poland currently has 411 confirmed cases of the coronavirus and five deaths.\n\n18:00 GMT \u2013 Coronavirus travel bans hit South Asia migrant workers\n\nRemittances are a crucial lifeline for families in Nepal and other countries in the region, including Bangladesh and India, which currently has more than 30 million people in jobs overseas, according to the International Labour Organization.\n\nBut travel restrictions aimed at slowing the spread of coronavirus, which has infected more than 245,000 people globally and killed more than 10,000, threaten to leave millions of South Asian migrant labourers without work.\n\nMigrant workers, mostly from Bangladesh, queue to collect free masks and get their temperatures taken in Singapore [File: Feline Lim/Reuters]\n\nRead more here.\n\n17:52 GMT \u2013 Ukraine declares state of emergency in capital Kyiv\n\nUkraine\u2019s government declared a state of emergency in Kyiv and two more out of the country\u2019s 25 regions due to the coronavirus outbreak.\n\nUkraine, which reported 26 coronavirus cases and three deaths, had previously declared a state of emergency in two other regions with coronavirus patients.\n\n17:41 GMT \u2013 WHO chief to youth: \u2018You are not invincible\u2019\n\nThe head of the World Health Organization has warned young people they are \u201cnot invincible\u201d against the coronavirus pandemic, and said their self-restraint could save the lives of older people.\n\n\u201cToday, I have a message for young people: you are not invincible. This virus could put you in hospital for weeks, or even kill you,\u201d WHO chief Tedros Adhanom Ghebreyesus said at a virtual press conference in Geneva.\n\nLIVE: World Health Organization (@WHO) holds briefing on the latest worldwide developments of the coronavirus outbreak. Follow latest updates: https://t.co/nnrDgyvaiv https://t.co/b4gsB1M2ZB \u2014 Al Jazeera News (@AJENews) March 20, 2020\n\n\u201cEven if you don\u2019t get sick, the choices you make about where you go could be the difference between life and death for someone else.\u201d\n\n17:30 GMT \u2013 Bulgaria military allowed to use force amid curbs\n\nBulgaria\u2019s parliament has voted after a heated debate to allow the military to help curb the movement of people amid the coronavirus outbreak, with a mandate to use force if necessary.\n\nThe armed forces will be mobilised to assist civilian authorities, with the authorisation to stop vehicles and people until the police arrive.\n\nRead more here.\n\n\n\n\n\n17:16 GMT \u2013 UK PM Johnson tells cafes, pubs, restaurants to close\n\nUnited Kingdom Prime Minister Boris Johnson told cafes, pubs and restaurants across the country to close on Friday night and to stay shut indefinitely to help slow the spread of the coronavirus outbreak.\n\n\u201cWe are telling cafes, bars and restaurants to close tonight as soon as they reasonably can and not to open tomorrow,\u201d Johnson told reporters in Downing Street. \u201cThough to be clear, they can continue to provide takeout services.\n\n\u201cSome people may of course be tempted to go out tonight, and I say to those people, \u2018please don\u2019t,'\u201d Johnson said.\n\nJohnson holds a news conference addressing the government\u2019s response to the coronavirus outbreak, at Downing Street in London [File: Simon Dawson/Reuters]\n\n17:12 GMT \u2013 Italy coronavirus deaths surge by 627 in a day\n\nThe death toll from an outbreak of coronavirus in Italy has leapt by 627 to 4,032, officials said, marking the largest daily rise since the contagion emerged a month ago.\n\nThe total number of cases in Italy rose to 47,021 from a previous 41,035, an increase of 14.6 percent, the Civil Protection Department said.\n\n17:00 GMT \u2013 Dow Jones drops below 20,000\n\nUnited States stock markets turned negative in afternoon trading on Wall Street, putting all three major US indexes on track for their worst week since the 2008 financial crisis.\n\nGoldman Sachs says the US economy could contract 24 percent between April and June, and unemployment could peak at nine percent over coronavirus.\n\nRead more here.\n\n16:11 GMT \u2013 US and Mexico to restrict \u2018non-essential\u2019 border travel\n\nThe US and Mexico have agreed to restrict non-essential travel over their shared border, US Secretary of State Mike Pompeo said, placing limitations on one of the world\u2019s busiest borders.\n\nThe restrictions will be reviewed after 30 days, Pompeo said at a White House news briefing.\n\nUS President Donald Trump also announced that he would invoke a health-focused statute to block migrants from either border from entering the country illegally, saying illegal immigration \u201cthreatens to create a perfect storm\u201d.\n\n15:45 GMT \u2013 Non-essential businesses ordered shut in New York\n\nNew York Governor Andrew Cuomo has ordered all non-essential businesses to be closed, calling non-essential members of the workforce to stay home by an executive order expected later in the day.\n\nOnly essential businesses will be functioning, including pharmacies and grocery stores.\n\n\u201cThis is the most drastic action we can take,\u201d Cuomo said at news briefing. \u201cRemain indoors, go outside for solitary exercise.\u201d\n\n15:25 GMT \u2013 Tunisian president orders general lockdown\n\nTunisian President Kais Saied ordered a general lockdown, restricting public movement to counter the spread of the coronavirus.\n\nSpeaking in a televised broadcast, Saied said he was asking the majority of people to stay at home and stopping movement between Tunisian cities. So far, 39 cases have been confirmed in the Tunisia, with one death.\n\nA view of empty Avenue Habib Bourguiba after a daily curfew as part of precautions against coronavirus in Tunis, Tunisia [Yassine Gaidi/Anadolu]\n\n15:20 GMT \u2013 Brazil\u2019s Senate approves state of emergency\n\nBrazil\u2019s Senate approved a presidential decree declaring a national emergency over the coronavirus epidemic, allowing the government to waive fiscal targets and free up budget resources to fight the virus that has killed seven and infected 621 in the country.\n\nThe decree passed the lower house on Wednesday. The senators voted remotely on Friday under new social distancing procedures adopted after two of them tested positive for coronavirus, including National Congress of Brazil President Davi Alcolumbre.\n\n15:00 GMT \u2013 New US-Mexico travel restrictions expected\n\nUnited States officials are expected to announce new restrictions on the southern border with Mexico as they try to halt the spread of the coronavirus pandemic.\n\nThe plan is expected to look much like restrictions already announced on all-but-essential travel and trade between the US and Canada.\n\n\u201cWe\u2019re looking at both our northern and our southern border,\u201d Acting Homeland Security Secretary Chad Wolf told reporters at the White House, explaining that the restrictions were aimed at \u201celiminating non-essential travel across that border.\u201d\n\nTraveling with cleaning or disinfecting #wipes? Pre-moistened wipes are allowed in carry-on luggage. They do not need to be placed in your travel-size liquids bag. pic.twitter.com/m9iEp7OJJn \u2014 TSA (@TSA) March 20, 2020\n\n14:45 GMT \u2013 Will a US airline bailout come with serious strings attached?\n\nIn the United States, carriers are looking to the federal government for immediate assistance to help cushion the blow that the pandemic has delivered to the industry.\n\nThe White House is proposing a $50bn bailout in the form of secured loans.\n\nBut many are questioning why \u2013 after an 11-year economic expansion \u2013 US carriers are not in a better financial position to weather the coronavirus storm. Read more here.\n\n14:30 GMT \u2013 US stocks open higher for second day, but week looks bleak\n\nA flood of cheap money from central banks and signs of momentum behind a second, larger economic rescue package in Washington to help cushion the economic blow from coronavirus helped propel United States stock markets to their second straight plus side open.\n\nRead more here.\n\nTraders work on the floor of the New York Stock Exchange (NYSE) in New York, US on March 20, 2020 [Lucas Jackson/Reuters]\n\n14:15 GMT \u2013 Saudi Arabia to borrow more to cover coronavirus response\n\nSaudi Arabia will tap debt markets more than previously planned to help finance $32bn in economic measures to mitigate the impact of the coronavirus outbreak, the kingdom\u2019s finance minister said on Friday.\n\nMinister of Finance Mohammed al-Jadaan said in a news conference broadcast on state television that King Salman had approved raising the debt ceiling to 50 percent of gross domestic product, from 30 percent, but that borrowing this year would not exceed 100 billion riyals ($26.61bn).\n\n14:00 GMT \u2013 Vulnerable communities struggle amid pandemic\n\nAs Italy\u2019s north struggles to contain the spread of coronavirus, fears are growing in the south for thousands of migrant workers, mostly from Africa, who pick fruit and vegetables for a pittance and live in overcrowded tent camps and shantytowns.\n\nIn Kenya\u2019s capital, Nairobi, despite calls for social distancing and quarantining, residents of poorer areas of the city continue to go outside, interacting with others and working to support their families.\n\nMeanwhile, for most people living in crowded refugee camps on the Greek islands, following the measures recommended to prevent the spread of the coronavirus infection is just not possible. Read more here.\n\n\n\n\n\n13:30 GMT \u2013 Jordan announces curfew to combat coronavirus\n\nJordan will impose a curfew early on Saturday to prevent people from moving except for emergencies to combat coronavirus, the government said.\n\nThe curfew across the country would start from 7am local time (05:00 GMT) on Saturday until further notice said Amjad Al Adailah, government spokesman.\n\nKing Abdullah had enacted an emergency decree last Tuesday that gives the government sweeping powers invoked in times of war and calamities to enforce an army imposed curfew and other measures.\n\nJordanians from all governorates took to their balconies to applaud the efforts of the medical staff, doctors and armed forces \ud83d\ude4c pic.twitter.com/wsGfPWE4Z7 \u2014 Al Jazeera English (@AJEnglish) March 20, 2020\n\n13:15 GMT \u2013 Pakistan\u2019s PM urges Iran sanctions to be lifted\n\nPakistan\u2019s Prime Minister Imran Khan has called for the lifting of \u201cunjust\u201d US-led sanctions on neighbouring Iran, so Tehran can better deal with the novel coronavirus crisis.\n\n\u201cI would stress and insist to the international community to lift the sanctions on Iran,\u201d Khan said at a news conference in the capital, Islamabad.\n\n\u201cIt is very unjust they are dealing with such a large outbreak on one side, and on the other they are facing international sanctions.\u201d\n\nMore than 19,000 cases have been reported in Iran with 1,433 deaths.\n\nDespite global pandemic of COVID 19, we remain committed to supporting our Afghan brothers & sisters. I have given instructions to open the Chaman-Spinboldak border & let trucks crossover into Afghanistan. In time of crisis, we remain steadfast with Afghanistan. \u2014 Imran Khan (@ImranKhanPTI) March 20, 2020\n\n13:11 GMT \u2013 Dutch coronavirus cases at almost 3,000\n\nDutch health authorities confirmed 534 new cases of coronavirus and 30 new deaths, bringing the total in the Netherlands to 2,994 cases and 106 deaths.\n\nThe National Institute for Public Health and the Environment said in a daily update that the ages of those that have died range from 63 to 95 years. In all, 643 patients have been admitted to hospital.\n\n13:10 GMT \u2013 Italian army to enforce lockdown in worst-hit region\n\nThe president of Lombardy said the government had agreed to deploy the army in his region to enforce the lockdown against the coronavirus epidemic, which is not slowing down.\n\n\u201c(The request to use the army) has been accepted \u2026 and 114 soldiers will be on the ground throughout Lombardy \u2026 it is still too little, but it is positive,\u201d Attilio Fontana told a news conference.\n\nLombardy has also asked the government to further tighten the restrictions already in place, which include the closure of all non-essential commercial activities and a ban on public gatherings.\n\nThis photo provided by Italian news agency Ansa on March 19, 2020 shows Italian army trucks parked outside the Monumental cemetery of Bergamo, Lombardy [AFP]\n\n13:10 GMT \u2013 Malaysia reports third coronavirus death\n\nA 58-year-old man has died in Malaysia from COVID-19, bringing the country\u2019s total number of deaths from coronavirus infection to three.\n\nThe case is linked to an Islamic gathering near Kuala Lumpur that was attended by 16,000 people, the health ministry said.\n\nHere is list of all the countries with confirmed cases.\n\n13:00 GMT\n\nHello. This is Saba Aziz in Doha taking over from my colleague Farah Najjar. Here\u2019s a quick recap of the day\u2019s developments.\n\nAn increasing number of cases were reported in Europe, particularly Spain, Belgium and Germany.\n\nSaudi Arabia banned prayers at its two holy mosques in Mecca and Medina, while thousands of Indonesians refused to offer prayers at home despite government orders.\n\nIn Russia, scientists have begun testing prototypes of potential vaccines against the new coronavirus on animals.\n\n12:30 GMT \u2013 Social distancing in Bangladesh a tough task\n\nFor people in one of the densest countries on the Earth, social distancing is a difficult task, especially while commuting in crowded public transport or living in cheek-by-jowl urban slums.\n\nRead more here.\n\n12:09 GMT \u2013 War-torn Syria takes new steps against coronavirus\n\nSyria has banned entry for foreigners arriving from many countries hit by the coronavirus as part of widening measures to combat the epidemic.\n\nAlthough the government says it has yet to document any infections, Syria is seen at high risk from the virus.\n\n\u201cWe have vulnerable populations in camps, refugees, slum areas at the outskirts of large urban centres,\u201d the WHO\u2019s Syria representative, Nima Saeed Abid, told Reuters news agency.\n\nPeople are being informed as a preventive measure against the coronavirus as Idlib Health Directorate and Civil Defense Crews along with local charities carry out disinfection works at Qasr Ibn Wardan tent city in Idlib, Syria [Muhammed Said/Anadolu]\n\n11:35 GMT \u2013 Wuhan records second day with no new cases\n\nThe Chinese city of Wuhan, where the virus at the heart of the global pandemic was first detected, has recorded a second consecutive day with no new confirmed or suspected cases.\n\nNationwide, a total of 39 confirmed cases and 31 suspected cases were recorded on Friday, the health ministry said, all of them brought from overseas.\n\nThree more deaths were also registered, bringing China\u2019s total to 3,248, a figure surpassed on Thursday by Italy as the highest in a single nation.\n\n11:32 GMT \u2013 Singapore reports 40 new cases\n\nSingapore reported 40 new coronavirus cases, mainly imported infections from the United Kingdom, and advised further social distancing measures in its fight against the pandemic.\n\nIts tally of cases stands at 385, with no deaths.\n\nThe health ministry said all gatherings of 250 people or more must be cancelled. Among other measures, it asked employers to facilitate working from home and stagger working hours to reduce contact between staff.\n\n11:15 GMT \u2013 Spain\u2019s coronavirus death toll surpasses 1,000\n\nSpain\u2019s death toll from the coronavirus pandemic soared to 1,002 from 767, the country\u2019s health emergencies chief Fernando Simon said.\n\nThe number of registered cases in the country rose to 19,980 on Friday from 17,147 on Thursday, Simon said.\n\n\n\n10:40 GMT \u2013 Belgium passes 2,000 cases, deaths mount\n\nThe number of coronavirus cases recorded in Belgium surged past 2,000, while the number of deaths attributed to the COVID-19 disease jumped by 16 to a total of 37.\n\nAccording to the country\u2019s national crisis centre, 462 new confirmed cases of the virus have been reported, bringing the total to 2,257 in a country of 11.4 million people.\n\n10:45 GMT \u2013 Iran announces more deaths\n\nIran announced 149 more deaths from the coronavirus, bringing the total to 1,433 amid nearly 20,000 confirmed cases in the sanctions-hit country.\n\nMembers of firefighters wear protective face masks, amid fear of coronavirus disease, as they disinfect the streets in Tehran, Iran [Reuters]\n\n10:33 GMT \u2013 Indonesians refusing to offer prayers at home\n\nHealth authorities want people to stay at home to limit the spread of the coronavirus.\n\nBut one of the world\u2019s most populous countries is struggling as religious events continue across the country. Indonesia\u2019s president has urged people to stay home and pray but many are not listening.\n\nIn the video below, Al Jazeera\u2019s Jessica Washington reports on thousands of Muslims travelling to South Sulawesi for a mass gathering despite the cancellation of the event.\n\n\n\n\n\n10:19 GMT \u2013 For Kibera dwellers, quarantine not an option\n\nResidents of Nairobi\u2019s vast informal settlement prepare for potential coronavirus outbreak.\n\nRead more here.\n\nFind below the emergency numbers in all the 55 @_AfricanUnion Members Sates for Coronavirus. Share them with family, friends and colleagues for a fast turnaround and incase of needed assistance.#COVID19 #FactsNotFear #AfricaPrepares pic.twitter.com/3rscoJvD4y \u2014 Africa CDC (@AfricaCDC) March 20, 2020\n\n09:51 GMT \u2013 Malaysia reports 130 new cases\n\nMalaysia reported 130 new cases of coronavirus infection, sending the cumulative total to 1,030, as it grapples with the highest number of infections in Southeast Asia.\n\nOf the new cases, 48 are linked to an Islamic gathering last month near the capital, Kuala Lumpur, that attracted 16,000 participants. More than 670 infections in Southeast Asia have been linked to the gathering in Malaysia.\n\nA man travels in an almost empty train in Kuala Lumpur, Malaysia [Rahman Roslan/Getty Images]\n\n09:49 GMT \u2013 South Africa\u2019s cases rise to 202\n\nSouth Africa\u2019s Health Minister Zweli Mkhize said the number of confirmed coronavirus cases had risen by 52 to 202, with the first cases recorded in the Free State province.\n\nThe virus has multiplied in Africa slower than in Asia or Europe, but the number of cases has started to rise more rapidly in South Africa in recent days.\n\n09:47 GMT \u2013 Cape Verde reports first case\n\nCape Verde confirmed its first coronavirus case, the government said in a statement.\n\nThe patient is a 62-year-old British citizen who entered the country on March 9 and began showing symptoms on March 16, the statement added.\n\n\n\n\n\n09:37 GMT \u2013 Germany cases surge overnight\n\nGermany\u2019s Robert Koch Institute (RKI) said the number of cases of COVID-19 rose by 2,958 overnight to 13,957.\n\nThe number of deaths rose by 11 to a total of 31 so far.\n\n09:32 GMT \u2013 Macron: We are at start of crisis\n\nFrance is only at the beginning of the coronavirus crisis and is in a race to curb its progress, President Emmanuel Macron said.\n\n\u201cWe are at the start of this crisis. We have taken exceptional measures to absorb this first wave, but we\u2019ve started a race against the virus,\u201d Macron said at the start of a crisis meeting at the Interior Ministry.\n\n\u201cWe must react a great deal and reorganise ourselves at every moment. We need to anticipate.\u201d\n\n09:29 GMT \u2013 Number of cases in Taiwan surges again\n\nThe number of coronavirus cases in Taiwan jumped, with 27 new infections, taking the total to 135.\n\nA second death has also been reported. The person was in their 80s with underlying health conditions including diabetes and renal problems, the government said.\n\n\n\n\n\nTaiwan won global plaudits for its efforts to contain the spread of the virus, but has begun reporting daily rises in cases among people returning from other countries, especially in Europe.\n\n09:24 GMT \u2013 Indonesia confirms 60 new cases, more deaths\n\nIndonesia has confirmed 60 new coronavirus infections and 32 deaths, taking the total number of cases to 369, according to a health ministry official.\n\n09:22 GMT \u2013 Hong Kong sees 48 new cases\n\nHong Kong said it had recorded 48 new cases of coronavirus, a one-day record, as the city hunkers down to deal with a flood of people returning from overseas who are infected.\n\nThe number brings the total of confirmed cases in Hong Kong to 256.\n\nOf the confirmed new cases, 36 had overseas travel records, the government said.\n\n08:33 GMT \u2013 Philippines reports new cases, one death\n\nThe health ministry in the Philippines has reported 13 new coronavirus infections, bringing the total number of positive cases in the country to 230.\n\nThe ministry also announced one death linked to the virus, bringing the total number of deaths recorded in the Philippines to 18 so far.\n\n08:26 \u2013 India\u2019s Maharashtra state to close shops, offices\n\nIndia\u2019s western state of Maharashtra has decided to close all shops and offices except those providing essential services in India\u2019s financial capital Mumbai, Pune and Nagpur until March 31, the chief minister of the state said.\n\n08:25 \u2013 Japan PM asks to compile steps for school reopening urgently\n\nJapanese Prime Minister Shinzo Abe issued instructions at a coronavirus taskforce meeting to compile concrete steps urgently to reopen schools as the new school year in Japan starts in April, Jiji news agency reported.\n\nAbe last month asked Japan\u2019s entire school system, from elementary to high schools, to close until spring break late in March to help contain the outbreak.\n\n08:10 GMT \u2013 UK hopes newly made ventilators will be ready next week\n\nBritain said its scramble to produce thousands of ventilators to fight the coronavirus outbreak was achieving results as top companies have already produced a prototype which should be ready for use in hospitals by the end of next week.\n\n\u201cMore than half a dozen companies have already made one in prototype, to check with us that we are happy with the quality,\u201d Matt Hancock, the health minister, told the BBC.\n\nThe UK has recorded 3,269 positive cases so far.\n\n07:49 GMT \u2013 Saudi Arabia bans prayers at holy mosques\n\nSaudi Arabia has suspended the holding of daily prayers and the weekly Friday prayers inside and outside the walls of the two mosques in Mecca and Medina to limit the spread of coronavirus.\n\nThe kingdom recorded 36 new infections on Thursday, bringing its total to 274 with no deaths so far.\n\nRead more here.\n\nMuslims worldwide are adapting their worship as more mosques continue to close over #coronavirus fears. pic.twitter.com/QSbbM5YKHj \u2014 Al Jazeera English (@AJEnglish) March 19, 2020\n\n07:29 GMT \u2013 How to socially distance during the coronavirus pandemic\n\nWhat is the difference between social distancing and self-isolation?\n\nClick here to find out.\n\n07:20 GMT \u2013 Russia starts testing coronavirus vaccine prototypes on animals\n\nRussian scientists have begun testing prototypes of potential vaccines against the new coronavirus on animals in a laboratory in Siberia, Russia\u2019s consumer health regulator said.\n\nScientists in the Vector State Virology and Biotechnology Centre in the city of Novosibirsk have developed vaccine prototypes based on six different technological platforms and began tests on Monday to try to work out how effective they are and in what doses they could be administered, the regulator said.\n\nScientists in Russia expect it will be possible to start rolling out a vaccine in the last three months of 2020 [Andreas Gebert/Reuters]\n\nScientists around the world have warned that the development of a vaccine is a lengthy and complex process that might only yield something for broader use in the next 12-18 months.\n\nHowever, the Russian regulator said it could be possible to start rolling out a vaccine in the last three months of 2020.\n\n07:17 GMT \u2013 YouTube to reduce streaming quality in Europe\n\nYouTube said it will reduce its streaming quality in the European Union to avoid straining the internet as thousands of Europeans, constrained by the coronavirus outbreak, switch to teleworking and watch videos at home.\n\nYouTube is the second company after Netflix to act after EU industry chief Thierry Breton urged streaming platforms to cut the quality of their videos to prevent internet gridlock.\n\n\u201cWe are making a commitment to temporarily switch all traffic in the EU to standard definition by default,\u201d the company said in a statement.\n\nEurope\u2019s telecoms providers from Vodafone to Deutsche Telekom have reported a spike in data traffic in recent days, forcing Breton to issue his pre-emptive call before the internet breaks down.\n\n07:12 GMT \u2013 First medical aid shipments trickle into North Korea\n\nThe first shipments of international medical aid are due to arrive at North Korea\u2019s borders this week, but strict border controls could mean the stream of supplies remains a trickle.\n\nSome aid organisations had to get emergency sanction exemptions from the UN to clear the way for the shipments and are now navigating North Korea\u2019s border controls imposed in a bid to shut out the virus.\n\nNorth Korea has not reported any cases of the coronavirus.\n\n07:06 GMT \u2013 Sri Lanka postpones general elections\n\nThe island nation of Sri Lanka said it would delay parliamentary elections, initially slated for April 25.\n\nIt also banned all incoming flights for two weeks on Wednesday and imposed a curfew on some areas. So far, there have been 59 cases of the virus in Sri Lanka.\n\n\n\n\n\n07:01 GMT \u2013 Roads in Kashmir sealed off, impacting millions\n\nDozens of people in India-administered Kashmir say they had been prevented from leaving their neighbourhoods by police and paramilitary units.\n\nSrinagar\u2019s senior superintendent of police, Haseeb Mughal, told Reuters News Agency that road blockades across the valley had been imposed to prevent the spread of the virus.\n\n\u201cI had to take my mother to hospital in Srinagar but the police closed the road,\u201d said Mohammed Ayub, from the nearby town of Budgam.\n\n\u201cI am waiting here for the last two hours. I can\u2019t even go home now as the road is blocked due to a traffic jam.\u201d\n\nMuslim-majority Kashmir has been relatively unaffected by the virus, reporting its first case on Wednesday.\n\n06:55 GMT \u2013 Pakistan reports third death, urges people to practise social distancing\n\nA 77-year-old patient in the southern city of Karachi died from the secondary transmission of the virus, provincial health minister Azra Pechucho has announced.\n\nThe patient was a cancer survivor and had suffered from hypertension and diabetes. They had no history of recent travel to any country with a coronavirus outbreak, and had not been in contact with anyone who had travelled to such a country.\n\nMilitary officers stand near parked ambulances at the premises of the Expo Center in Karachi after the government declared it a mass isolation centre and field hospital [Akhtar Soomro/Reuters]\n\nFriday\u2019s death brings the total number of deaths in Pakistan due to COVID-19 to three.\n\n\u201cWe have now reached the point of community circulation,\u201d said Pechucho in a video statement.\n\n\u201cThis means there is hidden circulation of the virus in the community. This is why we need to be very careful. Please take care, of yourself, your family and your loved ones, take care of everyone and practise social distancing.\u201d\n\n06:27 GMT \u2013 Turkey postpones all major events until end of April\n\nTurkish President Recep Tayyip Erdogan issued a decree postponing all events related to science, culture and art.\n\nThe decree said all meetings and activities, indoors or outdoors, would be postponed until the end of April.\n\nHello, this is Farah Najjar taking over from my colleague Ted Regencia.\n\n05:55 GMT \u2013 Vanuatu reports first suspected case of coronavirus\n\nThe South Pacific Ocean nation of Vanuatu announced on Friday its first suspected case of coronavirus.\n\nThe person is in quarantine and samples have been collected for testing, according to the country\u2019s health ministry. Testing options for the country have been limited by a reduction of international flights.\n\nThe country\u2019s National Emergency Operations Centre has assumed control of the coronavirus response operation.\n\n05:15 GMT \u2013 Australia steps up social distancing regulations\n\nAustralia has ratcheted up its social distancing regulations to slow the spread of the new coronavirus, demanding indoor venues provide at least four square metres (43 square feet) of space per person.\n\nThe space constraint announced on Friday follows a ban on Wednesday of non-essential indoor gatherings of more than 100 people, including weddings and restaurants.\n\nGatherings considered essential include schools, supermarkets and workplaces which are exempt.\n\nAustralia has also tightened regulations on travel to and from remote indigenous communities in a bid to spare them from the outbreak.\n\nSri Lankan soldiers in protective gear spray disinfectants at a railway station in Colombo [Eranga Jayawardena/The Associated Press]\n\n04:50 GMT \u2013 Sri Lankan government imposes curfew\n\nThe Sri Lankan government on Friday imposed a 2 1/2 day curfew across the whole island in a bid to contain the spreading of the coronavirus.\n\nThe curfew will be in effect from Friday 6pm until 6am on Monday. The number of positive cases has risen to 59.\n\n04:25 GMT \u2013 US governors ask Pentagon for clarification on National Guard authorisation\n\nA group of governors in the United States has asked the defence secretary, Mark Esper, to clarify the federal government\u2019s plan for activating the National Guard as part of the containment action against the coronavirus disease.\n\nIn a letter to Esper, Council of Governors representatives Arkansas Governor Asa Hutchinson and Hawaii Governor David Ige, said activating the National Guard should be done in consultation with the heads of all 50 states in the US.\n\nThe governors expressed concern that in times of emergency, such as the coronavirus pandemic, the state powers over the National Guard could be taken from them.\n\n03:50 GMT \u2013 Olympic flame lands in Japan as doubts grow over Tokyo Games\n\nThe Olympic flame arrived in Japan from Greece on Friday in a scaled-down ceremony at an airbase in northern Japan.\n\nThe flame, carried in a special canister, touched down amid growing doubts as to whether the Tokyo Games can open as scheduled on July 24 because of the coronavirus pandemic.\n\nOrganisers and the International Olympic Committee say it will, but postponement or cancellation is viewed increasingly as a possible option.\n\nThree-time Olympic gold medallists Tadahiro Nomura, left, and Saori Yoshida carry the Olympic flame during the Flame Arrival Ceremony at Japan Air Self-Defense Force base north of Tokyo on Friday [Eugene Hoshiko/AP]\n\n03:35 GMT \u2013 Iran pleads for lifting of US sanctions amid deadly outbreak\n\nIran\u2019s Mission to the United Nations is urging the international community to call on the United States to lift sanctions against the country immediately so it can import medicine and medical equipment desperately needed to fight the coronavirus pandemic.\n\nIran is one of the world\u2019s hardest-hit countries by the coronavirus pandemic. Nine out of 10 cases in the Middle East come from the Islamic republic, and fears remain that it may be under-reporting its cases.\n\nIran\u2019s UN Mission said in a statement that \u201cwhile the US is trying to curb the virus internally, it is helping the spread of virus externally by undermining the professional capabilities of certain affected countries who try to combat its pandemic,\u201d the mission said.\n\nAs of Thursday, the official number of infections in Iran has reached more than 18,000 with 1,284 deaths.\n\nAs of Thursday, the official number of infections in Iran has reached more than 18,000 with 1,284 deaths [Stringer/AFP]\n\n03:10 GMT \u2013 North Korea releases thousands from quarantine\n\nNorth Korea says it released thousands of people from quarantine, including all but three foreigners, while maintaining a tough campaign to stem the spread of the coronavirus in the country, according to the Associated Press.\n\nNorth Korea has not publicly confirmed a single case of the coronavirus, but state media has described anti-virus efforts as a matter of \u201cnational existence\u201d.\n\nPyongyang\u2019s official Korean Central News Agency on Friday said more than 4,000 people were released in the provinces of North and South Pyongan and Kangwon after health officials confirmed they no longer had symptoms.\n\nWhen combining the numbers from previous state media reports, it is presumed that the North has so far released around 8,000 people from quarantine.\n\n02:30 GMT \u2013 California issues \u2018stay home\u2019 order; US death toll hits 200\n\nThe US state of California has issued a statewide \u2018stay at home\u201d order for its 40 million residents and Washington warned Americans to return home or stay abroad indefinitely, with the number of coronavirus deaths in the country hitting 200.\n\nGovernor Gavin Newsom said modelling has shown that 56 percent of California residents were expected to contract COVID-19 over the next eight weeks, requiring nearly 20,000 more hospital beds than the state could currently provide\n\nHe said Los Angeles, the nation\u2019s second-largest city, would likely be \u201cdisproportionately impacted\u201d by the pandemic in the coming weeks.\n\nAs of Thursday night, there were more than 13,000 coronavirus cases reported in the US.\n\nDespite the increasing number of coronavirus cases in the US, thousands of young people congregated in the southern state of Florida for the annual spring break [Chris O\u2019Meara/AP]\n\n02:30 GMT \u2013 Mexico, US discuss travel restrictions\n\nMexico\u2019s Foreign Relations Minister says he has held talks with US Secretary of State Mike Pompeo about travel restrictions at the border \u201cthat won\u2019t paralyse economic activity, and leave the border open to commerce and workers\u201d, amid the coronavirus pandemic.\n\nMarcelo Ebrard said he would provide more details on the discussion later on Friday.\n\nPompeo wrote on social media that he and Ebrard \u201chave been working closely on travel restrictions that balance protecting our citizens from further transmission of #COVID19. Together, we can reduce public health risks and prioritize essential cross-border commerce and trade.\u201d\n\nThe concern is growing about a steady rise in coronavirus cases in the Seoul metropolitan areas, where about half of South Korea\u2019s 51 million people live [Kim Hong-Ji/Reuters]\n\n01:45 GMT \u2013 South Korea reports 87 new cases and three more deaths\n\nSouth Korea has reported 87 new cases of the novel coronavirus and three more deaths, bringing its totals to 8,652 cases and 94 deaths.\n\nThe Associated Press news agency quoted South Korea\u2019s Centers for Disease Control and Prevention on Friday as saying that 316,600 people have so far been tested for the virus and 2,230 have been released from hospitals.\n\nWhile infections have slowed in the worst-hit city of Daegu, there is also growing concern about a steady rise in cases in the Seoul metropolitan areas, where about half of South Korea\u2019s 51 million people live.\n\n01:25 GMT \u2013 China reports record new coronavirus cases from abroad\n\nChina\u2019s coronavirus infections from abroad hit a new daily record while infected travellers reached an unprecedented number of Chinese provinces, pressuring authorities to hold the bar high on already tough customs rules and public-health protocols.\n\nMainland China had 39 new confirmed cases on Thursday, the country\u2019s National Health Commission said on Friday, all of which were imported cases. There were no locally transmitted cases for a second day.\n\nOf the new imported infections, 14 were in Guangdong, eight in Shanghai and six in Beijing, the health authority said in a statement on Friday.\n\nAs of Thursday, there were 228 imported infections in China.\n\nMainland China had 39 new confirmed cases on Thursday, the country\u2019s National Health Commission said on Friday [Aly Song/Mediawires via Reuters]\n\n01:18 GMT- Philippines bans entries of all foreigners\n\nThe Philippines is indefinitely banning the entry of foreigners after the government declared a state of calamity and public health emergency amid the coronavirus outbreak.\n\nThe Department of Foreign Affairs said in a statement that it was temporarily suspending visa issuances in all its foreign posts, effective immediately.\n\nThe drastic move exempts foreign government and international organisation officials and their dependents, as well as foreign spouses and children of Filipino citizens, the department said.\n\nForeigners line up at the departure area of Manila\u2019s international airport on Wednesday [Joeal Calupitan/AP]\n\n00:23 GMT- Australian banks announce $57bn loan relief package for businesses\n\nAustralian banks on Friday said they would defer loan repayments for six months for small businesses impacted by the coronavirus in a 100 billion Australian dollars ($57.34bn) relief package, Reuters news agency reported.\n\nDepending on customer take-up, this could help put as much as A$8bn ($4.6bn) back into the coffers of small businesses, Australia Banking Association chief Anna Bligh said.\n\n\u201cThese are extraordinary times,\u201d she told reporters, adding Australia\u2019s banking system was among the strongest and the most stable in the world.\n\nThere were more than 700 confirmed coronavirus cases in Australia as of Thursday.\n\nTravellers are seen at Kingsford Smith International Airport on Wednesday amid the coronavirus outbreak in Australia [Loren Elliott/Reuters]\n\n00:01 GMT Friday \u2013 Fears for tourism in Bali amid coronavirus pandemic\n\nIndonesia will suspend its visa-on-arrival policy for a month from Friday to curb the spread of the deadly COVID-19 virus in the archipelago, effectively shutting the country\u2019s tourism.\n\nFor the resort island of Bali, where more than three-quarters of the economy is linked to tourism, the de-facto border closure could prove catastrophic for the population of 4.2 million people.\n\nRead the full story here.\n\n23:55 GMT Thursday \u2013 US court declines to release immigration detainees\n\nA federal judge in the US has declined to order the release of immigration detainees who may be especially vulnerable to the new coronavirus because they are old or have underlying health conditions, according to the Associated Press news agency.\n\nThe American Civil Liberties Union of Washington and the Northwest Immigrant Rights Project sought the release of nine detainees at US Immigration and Customs Enforcement\u2019s Northwest detention centre in Tacoma in the state of Washington.\n\nUS District Judge James L Robart said he was aware of the gravity and rapidly evolving nature of the COVID-19 crisis, but that there was no evidence of an outbreak at the privately-run jail or that the agency\u2019s precautions were inadequate.\n\n20:00 GMT \u2013 Potential treatment touted by Trump already in shortage\n\nSupply of a malaria treatment that has been tried with some success against the new coronavirus is in short supply as demand surges amid the fast-spreading outbreak, according to independent pharmacies and the American Society of Health-System Pharmacists (ASHP).\n\nThe ASHP, which maintains a list of drugs in shortage independent of the US Food and Drug Administration\u2019s list, plans to add the generic malaria drug hydroxychloroquine to its list of shortages later on Thursday, according to Erin Fox, senior director of drug information at the University of Utah Health, who maintains the shortages list for the ASHP.\n\nThe FDA could not be immediately reached for comment, but hydroxychloroquine is not currently on its list of drugs in shortage.\n\nPresident Donald Trump on Thursday called on US health regulators to expedite potential therapies aimed at treating COVID-19 for which there is no approved treatments or vaccines.\n\n19:55 GMT \u2013 US sick leave aid leaves millions of workers in the cold\n\nIt is usually standing room only at O\u2019Duffy\u2019s Pub on St Patrick\u2019s Day, as patrons clad in green pack into the bar to share a drink or two and plenty of food. But this year, owner Jamie Kavanaugh and one of his bartenders sat alone on the holiday that commemorates Ireland\u2019s patron saint. Like restaurants across the country, Kavanaugh\u2019s Kalamazoo, Michigan, bar is now only allowed to serve takeaway food as part of social distancing rules meant to curb the coronavirus pandemic.\n\n\u201cPeople are usually celebrating, smiling, toasting one another, sharing hugs and smiles. Instead, the pub is empty,\u201d Kavanaugh told Al Jazeera. \u201cPeople that came in for takeout didn\u2019t even want to come in the door, and they\u2019re afraid to use the pen to sign.\u201d\n\nRead more here.\n\nI am Ted Regencia in Kuala Lumpur with Al Jazeera\u2019s continuing coverage of the unfolding coronavirus pandemic.\n\nFor all the updates from yesterday (March 19), please click here.",
    "title": "Coronavirus live updates: 627 die in a single day in Italy",
    "top-image": "https://www.aljazeera.com/wp-content/uploads/2020/03/149a983d01d248048200b14ad4190f7b_18.jpeg?fit=1000%2C560",
    "df_date": 20200320,
    "source": "www.aljazeera.com",
    "label": "reliable"
}