{
    "url": "https://www.nytimes.com/2020/03/19/us/distilleries-virus-hand-sanitizer.html",
    "uid": "1637747649.7902367.-2020-03-19-us-distilleries-virus-hand-sanitizer-html",
    "images": [
        "https://static01.nyt.com/images/2020/03/19/us/politics/19-whisky-hand-sanitazer/19-whisky-hand-sanitazer-facebookJumbo-v2.jpg?year=2020&h=550&w=1050&s=1aad3056083bc06bb3914f2f16a941e8f0973078506340d375aae667c6b59ce9&k=ZQJBKqZ0VN",
        "https://static01.nyt.com/images/2020/03/19/us/politics/19xp-virus-distilleries/merlin_170744034_4d9fe890-459b-446b-9c4b-148dd047e557-articleLarge.jpg?quality=75&auto=webp&disable=upscale"
    ],
    "publication-date": "2020-03-20",
    "text": "The brewing giant Anheuser-Busch has joined craft distilleries that have heeded the call of duty to respond to the coronavirus pandemic by adding a new product to their lineups of beer, gins, whiskeys and rums: hand sanitizer.\n\nMany are reporting extraordinary demand for the product, which has been hard, if not impossible, to find on store shelves. Yet many distilleries are giving away hand sanitizer for free, despite losing sales of their traditional spirits because of the closing of restaurants, bars and their own tasting rooms.\n\n\u201cThis is not an economic lifeline for distilleries,\u201d said Brad Plummer, a spokesman for the American Distilling Institute and editor in chief of Distiller Magazine. \u201cWe live in these communities. We know these people. We\u2019re watching them suffer, and we have the ability to help.\u201d\n\nAnheuser-Busch InBev, the maker of Budweiser and one of the world\u2019s largest brewers, announced on Monday that it would also repurpose facilities and its supply chain to make and distribute hand sanitizer.",
    "title": "Anheuser-Busch and Distilleries Race to Make Hand Sanitizer Amid Coronavirus Pandemic",
    "top-image": "https://static01.nyt.com/images/2020/03/19/us/politics/19-whisky-hand-sanitazer/19-whisky-hand-sanitazer-facebookJumbo-v2.jpg?year=2020&h=550&w=1050&s=1aad3056083bc06bb3914f2f16a941e8f0973078506340d375aae667c6b59ce9&k=ZQJBKqZ0VN",
    "df_date": 20200320,
    "source": "www.nytimes.com",
    "label": "reliable"
}