{
    "url": "https://www.nytimes.com/2020/03/19/health/coronavirus-drugs-chloroquine.html",
    "uid": "1637747618.6220872.-2020-03-19-health-coronavirus-drugs-chloroquine-html",
    "images": [
        "https://static01.nyt.com/images/2020/03/19/science/19VIRUS-CHLOROQUINE1/19VIRUS-CHLOROQUINE1-facebookJumbo.jpg?year=2020&h=550&w=1050&s=60e2ee225df9b2924403018cc3093919b7b6d64db4795df46b1b7da9eacf4612&k=ZQJBKqZ0VN",
        "https://static01.nyt.com/images/2020/03/19/science/19VIRUS-CHLOROQUINE1/19VIRUS-CHLOROQUINE1-articleLarge.jpg?quality=75&auto=webp&disable=upscale"
    ],
    "publication-date": "2020-03-19",
    "text": "But the F.D.A. has not approved any drugs for use in the treatment of coronavirus, and the drugs were already available, to treat malaria as well as rheumatoid arthritis and lupus. To date, the F.D.A. has not added the coronavirus to the list of illnesses for which the drugs are specifically approved. Then again, doctors have been free to use both old malaria drugs for any purpose deemed appropriate.\n\nAt the briefing on Thursday, Dr. Stephen M. Hahn, who has been the commissioner of the Food and Drug Administration for only three months, tended to walk back some of the president\u2019s more inflated predictions that these drugs might vanquish the virus altogether.\n\nHe said Mr. Trump had asked the agency to look into chloroquine to fight the coronavirus, and that it was setting up a large clinical trial to evaluate the drug.\n\nSome hospitals in the United States have already begun using the drugs for coronavirus patients, apparently reasoning that they may help and are unlikely to do harm. They are cheap and relatively safe. Laboratory studies have found that they prevent the coronavirus from invading cells, suggesting that the drugs could help prevent or limit the infection.\n\nNot everyone can take the drugs: They are not safe for people who suffer from heart arrhythmia, or those with impaired kidneys or liver.\n\nThe University of Minnesota is conducting a study in which people who live with a coronavirus patient are being given hydroxychloroquine to find out if it can prevent the infection.\n\nDr. Hahn also said that the agency was allowing sick patients to use remdesivir, the not-yet-approved antiviral drug made by Gilead. Such so-called \u201ccompassionate use\u201d programs allow patients to take unapproved, experimental drugs if they have no other options.",
    "title": "With Minimal Evidence, Trump Asks F.D.A. to Study Malaria Drugs for Coronavirus",
    "top-image": "https://static01.nyt.com/images/2020/03/19/science/19VIRUS-CHLOROQUINE1/19VIRUS-CHLOROQUINE1-facebookJumbo.jpg?year=2020&h=550&w=1050&s=60e2ee225df9b2924403018cc3093919b7b6d64db4795df46b1b7da9eacf4612&k=ZQJBKqZ0VN",
    "df_date": 20200320,
    "source": "www.nytimes.com",
    "label": "reliable"
}