{
    "url": "https://nypost.com/2020/03/19/say-thanks-to-greedy-pharmaceutical-companies-theyre-our-best-coronavirus-hope/",
    "uid": "1637747621.631545.-2020-03-19-say-thanks-to-greedy-pharmaceutical-companies-theyre-our-best-coronavirus-hope-",
    "images": [
        "https://nypost.com/wp-content/uploads/sites/2/2021/11/Christian-marriage-rules.jpg?quality=90&strip=all&w=260",
        "https://nypost.com/wp-content/mu-plugins/vip-helpers/images/vip-powered-dark-small.png",
        "https://nypost.com/wp-content/uploads/sites/2/2013/08/rich-lowry.png?w=76&h=69&crop=1",
        "//googleads.g.doubleclick.net/pagead/viewthroughconversion/988380111/?value=0&guid=ON&script=0",
        "https://nypost.com/wp-content/uploads/sites/2/2021/11/laundrie-comp.jpg?quality=90&strip=all&w=260",
        "https://nypost.com/wp-content/uploads/sites/2/2021/11/uber-date-1.jpg?quality=90&strip=all&w=260",
        "https://nypost.com/wp-content/uploads/sites/2/2021/11/saks_light_show_wp-thumb.jpg?quality=90&strip=all&w=1024",
        "https://nypost.com/wp-content/uploads/sites/2/2020/03/shutterstock_drug-formulary_pharmacy-1.jpg?quality=90&strip=all&w=1024",
        "https://nypost.com/wp-content/uploads/sites/2/2020/03/shutterstock_drug-formulary_pharmacy-1.jpg?quality=90&strip=all&w=744",
        "https://nypost.com/wp-content/mu-plugins/jetpack-9.8/modules/sharedaddy/images/loading.gif",
        "https://nypost.com/wp-content/uploads/sites/2/2021/11/biden-kitchen-comp.jpg?quality=90&strip=all&w=260",
        "https://sb.scorecardresearch.com/p?c1=2&c2=6390601&cj=1&cv=3.6",
        "https://nypost.com/wp-content/uploads/sites/2/2020/03/queens-supreme-court.jpg?quality=90&strip=all&w=389"
    ],
    "publication-date": "2020-03-19",
    "text": "A SPECTER haunts progressive America \u2014 the possibility that a company might make too much money solving the world\u2019s coronavirus crisis.\n\nAt the last Democratic debate, Bernie Sanders called the leaders of the pharmaceutical industry \u201ca bunch of crooks,\u201d who are telling themselves in the midst of the epidemic, \u201cWow, what an opportunity to make a fortune.\u201d\n\nOp-eds have sprung up warning, \u201cDrug Companies Will Make a Killing from Coronavirus\u201d (The New York Times) and \u201cHow Big Pharma Will Profit From the Coronavirus\u201d (The Intercept).\n\nThis would seem the least of our problems right now, but the pharmaceutical industry is such a \u00adboogeyman that it gets roundly \u00adattacked even while racing to provide a boon to public health.\n\nBernie\u2019s view that drug-company executives are \u201ccrooks\u201d \u00adbetrays his Marxoid belief that profit is a form of theft. Of course, even people who aren\u2019t socialists are scourges of the industry. Pharma brought much of this on itself with the opioid debacle. Yet these companies routinely create medical miracles.\n\nYes, they make money doing it, but the profit motive is the reason why they exist in the first place. There\u2019s a reason the United States introduces more new therapies than any country in the world.\n\nWhen faced with what has been called a once-in-a-generation pathogen, would we rather have a robust commercial drug industry or not? Brilliant, creative people scattered throughout companies and universities working to be the first to a solution or not? Investors looking to back promising research, or not?\n\nIf your answer to any of these questions is \u201cno,\u201d you are probably a socialist, a populist firing at the wrong targets or someone \u00adincapable of doing basic cost-benefit calculations.\n\nAs Chris Pope of the Manhattan Institute notes, if a new drug \u2014 even an expensive one \u2014 obviates hospital stays and physician care, it can reduce health-care costs over time.\n\nConsider the current crisis. The costs of the \u201cmedieval\u201d methods we are using to try to control the coronavirus virus are unimaginably high \u2014 shutting down swaths of the economy and throwing millions out of work. Gross domestic product could drop 10 percent or more this quarter.\n\nWhat would we pay for a vaccine to render all this needless? Even if it were a trillion dollars, the price of the Trump-proposed stimulus package, it would be a bargain.\n\nThat said, the price for a vaccine probably won\u2019t be exorbitant. The nightmare stories of ungodly \u00adexpensive treatments usually \u00adinvolve drugs for rare diseases \u00adaffecting a small number of people. This is different. There is a vast pool of people who will want the coronavirus vaccine.\n\nThe overall picture of prescription drugs is more complicated than advertised. Once new drugs come off patent, cheaper generic drugs arrive. This is why per-capita spending on traditional drugs has been declining.\n\nAs for patents, the point of them is, as the Constitution puts it, \u201cto promote the progress of science and useful arts.\u201d They ensure that companies get the benefit of \u00adresearch that is expensive and risky. Even in the best circumstance, after perhaps spending $2 billion on \u00adresearch, a company may wait a decade for federal approval.\n\nIf a company doesn\u2019t have a period of protection for its intellectual property when it can reap the market benefits, much of this research would dry up. And who is going to step up and fill the gap?\n\nIt is a marvel that the National Institute of Allergy and Infectious Diseases is already working with a Cambridge, Mass., company, Moderna, on a vaccine trial. This is a model of public-private cooperation. Anyone who would want to subtract Moderna from the process because it stands to profit is an ideological zealot heedless of public health.\n\nThis crisis brings home the \u00adincalculable value of a world-class pharmaceutical sector. We can continue to shelter in place \u2014 or hope that the \u201ccrooks\u201d pursuing breakthrough drugs and treatments make the current disruptions in our national life completely unnecessary.\n\nTwitter: @RichLowry",
    "title": "Say thanks to \u2018greedy pharmaceutical companies\u2019 \u2014 they\u2019re our best coronavirus hope",
    "top-image": "https://nypost.com/wp-content/uploads/sites/2/2020/03/shutterstock_drug-formulary_pharmacy-1.jpg?quality=90&strip=all&w=1024",
    "df_date": 20200320,
    "source": "nypost.com",
    "label": "reliable"
}