{
    "url": "https://www.bbc.co.uk/news/av/world-us-canada-51955362/us-students-party-on-spring-break-despite-coronavirus-warnings",
    "uid": "1637747624.940028.-news-av-world-us-canada-51955362-us-students-party-on-spring-break-despite-coronavirus-warnings",
    "images": [
        "https://ichef.bbci.co.uk/images/ic/400xn/p0b5wwm4.jpg",
        "https://news.bbcimg.co.uk/media/images/48351000/gif/_48351578_640x360-world-news.gif",
        "https://ichef.bbci.co.uk/images/ic/400xn/p0b5sf0j.jpg",
        "https://ichef.bbci.co.uk/images/ic/400xn/p0b5qdyb.jpg",
        "https://ichef.bbci.co.uk/news/1024/branded_news/12671/production/_111377357_p0875f9z.jpg",
        "https://ichef.bbci.co.uk/images/ic/400xn/p0b60mxf.jpg",
        "https://ichef.bbci.co.uk/images/ic/400xn/p0b5s3p7.jpg",
        "https://ichef.bbci.co.uk/images/ic/400xn/p0b60zh5.jpg",
        "https://ichef.bbci.co.uk/images/ic/400xn/p0b5rdc3.jpg",
        "https://ichef.bbci.co.uk/images/ic/400xn/p0b5tyd5.jpg",
        "https://ichef.bbci.co.uk/images/ic/400xn/p0b61021.jpg",
        "https://ichef.bbci.co.uk/images/ic/400xn/p0875f9z.jpg"
    ],
    "publication-date": null,
    "text": "Crowds of US university students flocked to Florida for their spring break, defying recommendations from the federal government and Center for Disease Control (CDC) over the coronavirus outbreak.\n\nNational health officials are advising against gatherings of 10 or more people.\n\nMiami bars and restaurants are closing early, and some beaches have been shut to the public to avoid infection.",
    "title": "US students party on spring break despite coronavirus",
    "top-image": "https://ichef.bbci.co.uk/news/1024/branded_news/12671/production/_111377357_p0875f9z.jpg",
    "df_date": 20200320,
    "source": "www.bbc.co.uk",
    "label": "reliable"
}