{
    "url": "https://www.nytimes.com/2020/04/10/us/politics/trump-polls-coronavirus.html",
    "uid": "1637683092.1762967.-2020-04-10-us-politics-trump-polls-coronavirus-html",
    "images": [
        "https://static01.nyt.com/images/2019/04/03/multimedia/author-giovanni-russonello/author-giovanni-russonello-thumbLarge.png",
        "https://static01.nyt.com/images/2020/04/10/us/politics/10pollwatch/10pollwatch-facebookJumbo.jpg?year=2020&h=550&w=1050&s=425f310dedecbc8101701557300f81645082ec2b9bd9350f6edf1f67f17bc351&k=ZQJBKqZ0VN",
        "https://static01.nyt.com/images/2020/04/10/us/politics/10pollwatch/merlin_171414660_c499c6cb-672b-4680-9833-18a7f0c87f1e-articleLarge.jpg?quality=75&auto=webp&disable=upscale"
    ],
    "publication-date": "2020-04-10",
    "text": "In any election, different types of voters are likely to be swayed by different factors. Liberals, for instance, often express more concern about health care, whereas conservatives generally pay more attention to foreign affairs. Among ambivalent swing voters, it is often candidates\u2019 personalities \u2014 whether they are perceived as relatable, trustworthy, evenhanded and so on \u2014 that make a difference.\n\nBut this year\u2019s presidential race may be an anomaly. With the response to the pandemic taking center stage, issues like health care, the economy and voting rights are likely to be viewed through the lens of the virus. So how the president handles the response \u2014 and how his presumptive opponent, former Vice President Joseph R. Biden Jr., proposes to confront the outbreak \u2014 could become a kind of omni-issue.\n\nAt his daily news conferences, and in frequent tweets about the virus, Mr. Trump has sought to project authority as the nation weathers the storm. But he has hardly let up on his habit of lashing out at political opponents, and he has refused to take responsibility for things like shortages of test kits and medical supplies, which many governors say they need.\n\nMost Americans are not convinced of the president\u2019s position. Roughly seven in 10 said the federal government should be doing more to address shortages in personal protective equipment and medical devices, the CNN poll found. And by a 14-percentage-point margin, most respondents to that survey said the federal government had done a bad job of preventing the virus\u2019s spread. (That is a significant change since last month, when back-to-back CNN polls found the public more split on the question.)\n\nAs the pandemic has worsened nationwide, Americans have expressed widespread approval of their own governors (72 percent, according to a Monmouth University poll released this week) and of federal health agencies (66 percent, per the Monmouth poll). This bucks the trend in recent years of waning faith in American institutions.\n\nBut Mr. Trump has never shed his public persona as an anti-establishment firebrand. Throughout the crisis he has criticized everyone from nonpartisan inspectors general to popular state governors. So the president will need to contend with Americans\u2019 belief in core institutions \u2014 which Mr. Biden has consistently echoed \u2014 alongside their wavering confidence in Mr. Trump himself.\n\n\u201cHe likes to say, \u2018Well, the governors messed up,\u2019 and \u2018China lied to me,\u2019 and all this other stuff,\u201d Bob Shrum, the director of the Center for the Political Future at the University of Southern California, said in an interview. \u201cI think it\u2019s a little like Herbert Hoover saying, \u2018The Great Depression, you know, that\u2019s really a world problem.\u2019 People\u2019s reaction was: \u2018Well, wait. You\u2019re the president of the United States. Fix it.\u2019\u201d",
    "title": "Trust in Trump\u2019s Virus Response Is Falling. What Does It Mean for November?",
    "top-image": "https://static01.nyt.com/images/2020/04/10/us/politics/10pollwatch/10pollwatch-facebookJumbo.jpg?year=2020&h=550&w=1050&s=425f310dedecbc8101701557300f81645082ec2b9bd9350f6edf1f67f17bc351&k=ZQJBKqZ0VN",
    "df_date": 20200410,
    "source": "www.nytimes.com",
    "label": "reliable"
}