{
    "url": "https://abcnews.go.com/Health/homeless-americans-unaware-coronavirus-shelters-scramble-adhere-guidelines/story?id=69962473",
    "uid": "1637683091.7544696.-health-homeless-americans-unaware-coronavirus-shelters-scramble-adhere-guidelines-story",
    "images": [
        "https://s.abcnews.com/images/Politics/homeless-2-gty-er-200325_hpMain_16x9_992.jpg",
        "data:image/gif;base64,R0lGODlhAQABAIAAAAAAAP///yH5BAEAAAAALAAAAAABAAEAAAIBRAA7"
    ],
    "publication-date": null,
    "text": "The homeless community is among the most vulnerable of contracting the deadly novel coronavirus.\n\n\u201cHousing is health care so people without housing really are in a compromised health situation from the get-go,\" Nan Roman, president and CEO of the National Alliance to End Homelessness, told ABC News.\n\n\u201cThey're a high-risk population,\" she added. \"People who are homeless live in situations that don't contribute to good health, they're under stress, they don't eat well, they don't have a home, they are traumatized.\"\n\nAnother area where she sees major concern is their access to food. Some shelters don't actually provide meals and instead rely on donations from volunteers.\n\nThe biggest issue right now, according to Herbert Smith, president and CEO of the Los Angeles Mission, is that the homeless need to understand they aren\u2019t immune from the virus.\n\n\u201cThe biggest challenge, I think, is really just getting people to understand the severity of it,\u201d he said.\n\nOver half a million people experience homelessness on a given night in the U.S., according to a 2019 White House report. New research from UCLA\u2019s Fielding School of Public Health, Boston University and the University of Pennsylvania shows that COVID-19 is likely to kill more than 3,400 homeless Americans.\n\nIn California, those numbers could reach as many as 1,200 deaths and 7,000 hospitalizations, according to the report. Los Angeles has one of the largest homeless populations in the country and officials have been planning on testing the homeless there for weeks, but with a current lag in receiving test results, they haven\u2019t figured out how to inform someone if they've tested positive.\n\nLos Angeles Fire Department spokesman Peter Sanders told ABC News that testing has already begun at shelters but not on streets. Sanders said some homeless people have not consented to the swab test.\n\nA game-changer for the city, according to Sanders, would be the five-minute test to eliminate the lag in obtaining results and remove the fear that officials won\u2019t be able to find, treat and isolate those who have the virus.\n\n\u201cThey\u2019re just detached,\u201d Roman said. \u201cA lot of homeless people do have phones but many don\u2019t \u2026 they don\u2019t have any way to find out these things.\u201d\n\nDuring this pandemic, shelters are having to adjust their facilities to adhere to social distancing guidelines. Smith said his shelters in LA are being re-worked to create more spacing between beds. Meal lines are also being affected.\n\n\u201cWe can\u2019t have as many people in the dining room at any one time so we\u2019ve spaced that out,\" he said. \"We had to cut down some of the sit-down hot meals to takeaway meals for individuals.\u201d\n\nHe said he and his team are trying to accommodate everyone and keep them safe. But, he acknowledged, some homeless \"feel they\u2019re actually safer out on the street.\"\n\nBrenda Rosen, president and CEO of Breaking Ground in New York City, said it\u2019s not practical for shelters that are running large-scale operations to comply with the social distancing guidelines.\n\n\u201cThey're still eating in the same place and they're still traveling in the same elevator and they're bumping into each other or they're walking right by each other because there simply isn't the space to ensure that,\" she said.\n\nThe $2 trillion federal stimulus package set aside $4 billion to help the homeless. Roman said the funds could be used to create more shelters that meet social distancing guidelines or to rent hotel rooms for the homeless.\n\nBut according to the report from UCLA, there\u2019s an immediate need for 400,000 additional emergency accommodation beds to manage the impact of the pandemic. That is estimated to cost $11.5 billion.\n\n\u201cWe were hearing about and talking to people who just had really no idea what was going on,\u201d Roman said. \u201cYou know, just completely clueless as to what was happening \u2026 them being informed or even getting any kind of information is challenging.\u201d",
    "title": "Some homeless Americans unaware of coronavirus as shelters scramble to adhere to guidelines",
    "top-image": "https://s.abcnews.com/images/Politics/homeless-2-gty-er-200325_hpMain_16x9_992.jpg",
    "df_date": 20200410,
    "source": "abcnews.go.com",
    "label": "reliable"
}