{
    "url": "https://www.washingtontimes.com/news/2020/apr/10/ag-investigating-price-gouging-of-protective-virus/",
    "uid": "1637683093.1230555.-news-2020-apr-10-ag-investigating-price-gouging-of-protective-virus-",
    "images": [
        "//twt-assets.washtimes.com/images/TWTlogo3.5238e37e24b5.png",
        "//twt-assets.washtimes.com/img/icon-twitter.fc7373fc5e89.jpg",
        "//pixel.quantserve.com/pixel/p-c69_1G6fdlihY.gif",
        "//twt-assets.washtimes.com/img/WLogoNoBack.b80e1949f96a.png",
        "//twt-assets.washtimes.com/img/icon-instagram.72fc92d824f0.jpg",
        "https://twt-thumbs.washtimes.com/media/specials/Martin_Square_c0-0-1400-1400_s65x65.jpg?dc490f8254460a2b3d9942f04bc6121fe02a99a2",
        "https://twt-thumbs.washtimes.com/media/img/staff/2016/emmett-tyrrell-350_s85x119.jpg?aa9e42ea593811e08acc2f2e2737164ab5d201f0",
        "https://twt-thumbs.washtimes.com/media/image/2020/04/10/virus_outbreak_massachusetts_56575_c0-271-6508-4067_s1200x700.jpg?75fd7073d808fa67a662a0fdf34748853fa70b18",
        "//twt-assets.washtimes.com/img/icon-facebook.0660d81626c5.jpg",
        "https://twt-thumbs.washtimes.com/media/image/2020/04/10/virus_outbreak_massachusetts_56575_c0-272-6508-4066_s885x516.jpg?7e2d7cf3369b7db149b7ae080db5739cb50f4ec8",
        "https://px.ads.linkedin.com/collect/?pid=1586410&fmt=gif",
        "//twt-assets.washtimes.com/img/icon-rss.ecce5bc46ce2.jpg",
        "https://twt-thumbs.washtimes.com/media/specials/FP_1400X1400.7_c0-0-1400-1400_s65x65.png?dc490f8254460a2b3d9942f04bc6121fe02a99a2",
        "https://twt-thumbs.washtimes.com/media/specials/UNREGULATED_1400_x_1400_c0-0-1400-1400_s65x65.png?dc490f8254460a2b3d9942f04bc6121fe02a99a2",
        "https://twt-thumbs.washtimes.com/media/img/staff/2016/charles-hurt-350_s85x119.jpg?aa9e42ea593811e08acc2f2e2737164ab5d201f0",
        "https://twt-thumbs.washtimes.com/media/img/staff/2016/richard-rahn-350_s85x119.jpg?aa9e42ea593811e08acc2f2e2737164ab5d201f0"
    ],
    "publication-date": null,
    "text": "BOSTON (AP) - Massachusetts reported nearly 100 new coronavirus deaths Friday as officials and health care workers braced for the pandemic to reach its peak in the state in the coming days.\n\nThe 96 new deaths brought the state\u2019s total to 599, officials said. There were 2,033 new confirmed cases reported, pushing the state\u2019s total to 20,974.\n\nIn other virus-related developments:\n\n_____\n\nVETERANS HOME INVESTIGATION\n\nFederal authorities are investigating a Massachusetts veterans home hit hard by the coronavirus to determine whether residents were denied adequate medical care, officials said Friday.\n\nThe U.S. attorney\u2019s office in Massachusetts and the Department of Justice\u2019s Civil Rights Division said the investigation into the Soldiers\u2019 Home in Holyoke will focus on whether residents\u2019 rights were violated.\n\n\u201cWe will aggressively investigate recent events at the Home and, as needed, require the Commonwealth to adopt reforms to ensure patient safety in the future,\u201d U.S. Attorney Andrew Lelling said. \u201cMy condolences to the families of those veterans who died while in the Home\u2019s care; we will get to the bottom of what happened here.\u201d\n\nAs of Thursday, 32 residents at the home had died, 28 of whom tested positive for the virus.\n\nBennett Walsh, superintendent of the home, has been placed on administrative leave.\n\nAn email was sent Friday to a person who sent a statement on behalf of Walsh on Thursday for comment. Walsh said Thursday that claims that officials were not notified about the virus\u2019s spread and that staffing problems at the home are false.\n\nFor most people, the coronavirus causes mild or moderate symptoms, such as fever and cough that clear up in two to three weeks. For some, especially older adults and the infirm, it can cause more severe illness, including pneumonia, or death.\n\nIn other virus-related developments:\n\n___\n\nUPWARD SLOPE\n\nRepublican Gov. Charlie Baker said officials expect the number of confirmed coronavirus cases to peak in the state between now and April 20. Baker said the peak will likely be about 2,500 new confirmed cases per day.\n\n\u201cWe\u2019re still on the upward slope of this pandemic,\u201d he said.\n\nMassachusetts is advising people to wear a mask or face covering when they are in public but cannot practice social distancing, such as when grocery shopping.\n\n___\n\nFLOWERS FOR THE FRONT LINES\n\nHealth care workers on the front lines of the fight against the coronavirus were greeted with a sight of spring Friday when flowers were arranged in the shape of a heart outside one Boston hospital.\n\nFlorists donated the hydrangeas, daffodils and other flowers that were placed outside Beth Israel Deaconess Medical Center to show appreciation for medical workers. Many of the daffodils were supposed to line the route of the Boston Marathon, which was pushed to September, The Boston Globe reported.\n\n\u201cPlants make people happy, and if we can bring a smile to their faces after a 12-hour shift, let\u2019s do it,\u201d said Jan Goodman, the owner of a Boston-based flower company who came up with the idea, told the newspaper.\n\n___\n\nPRICE GOUGING PROBE\n\nMassachusetts\u2019 attorney general is investigating reports of price gouging on personal protective equipment as the state works to combat fraud tied to the pandemic.\n\nAttorney General Maura Healey said Thursday her office is looking into hundreds of complaints, including several filed by UMass Memorial Health Care, the largest hospital group in central Massachusetts.\n\nCEO Dr. Eric Dickson told Masslive.com that his health care network has \u201cbeen burned a couple of times\u201d as it scrambles to acquire masks, shields and other protective gear for doctors and nurses.\n\nLast month, Healey\u2019s office passed an emergency regulation outlawing price gouging of essential goods during an emergency.\n\n___\n\nAssociated Press reporter Eric Tucker in Washington contributed to this report. Follow AP news coverage of the coronavirus pandemic at https://apnews.com/VirusOutbreak and https://apnews.com/UnderstandingtheOutbreak.",
    "title": "State reports 96 more virus deaths; feds probe veterans home",
    "top-image": "https://twt-thumbs.washtimes.com/media/image/2020/04/10/virus_outbreak_massachusetts_56575_c0-271-6508-4067_s1200x700.jpg?75fd7073d808fa67a662a0fdf34748853fa70b18",
    "df_date": 20200410,
    "source": "www.washingtontimes.com",
    "label": "reliable"
}