{
    "url": "https://cointelegraph.com/news/silk-road-vendor-seeks-release-from-jail-fearing-covid-19-outbreak",
    "uid": "1637683091.903896.-news-silk-road-vendor-seeks-release-from-jail-fearing-covid-19-outbreak",
    "images": [
        "https://zoa.cointelegraph.com/pixel?postId=42867&regionId=1",
        "https://images.cointelegraph.com/images/1434_aHR0cHM6Ly9zMy5jb2ludGVsZWdyYXBoLmNvbS9zdG9yYWdlL3VwbG9hZHMvdmlldy82OThkOTEzYmU3MzExNTY0YmVmMmIwYmRiZmJmNDFkMy5qcGc=.jpg",
        "https://images.cointelegraph.com/images/1200_aHR0cHM6Ly9zMy5jb2ludGVsZWdyYXBoLmNvbS9zdG9yYWdlL3VwbG9hZHMvdmlldy82OThkOTEzYmU3MzExNTY0YmVmMmIwYmRiZmJmNDFkMy5qcGc=.jpg"
    ],
    "publication-date": null,
    "text": "United States Federal District Judge Jed Rakoff is considering temporarily releasing a 61-year-old toy retailer-turned-Silk Road vendor amid concerns of a purportedly imminent COVID-19 outbreak in a federal jail.\n\nAccording to Law360 on April 8, the prisoner, Hugh Haney, is serving a three-and-a-half-year money-laundering sentence for failing to explain where he obtained $19 million in Bitcoins (BTC).\n\nWhile Judge Rakoff gave additional time to brief a bail request after an April 8 hearing, he described the motion for Haney\u2019s compassionate release as \u201can argument for releasing every single person\u201d in the facility.\n\nJudge considers Silk Road vendor's request for release\n\nMartin Cohen, the lawyer representing Haney, asserts that his client may potentially face dying in prison if he is not released, adding that Haney wants to serve out his sentence in full after the outbreak has subsided.\n\nCohen asserts that only seven of the 1,700 inmates at the Metropolitan Detention Center in which his client is serving out his sentence have been tested for COVID-19 \u2014 three of whom have been confirmed to have the virus.\n\nThe motion for release was criticized by the Manhattan U.S. attorney\u2019s office. The office emphasized that federal judges in New York have denied bail for inmates with underlying medical conditions \u2014 which Haney does not have. The prosecution also expressed that they consider Haney to be a flight risk.\n\nThe 61-year-old sold oxycodone on Silk Road and ceased operating in 2012. He was apprehended after failing to explain how he came to possess $19 million in Bitcoin and pleaded guilty. When he quit operating on Silk Road, Haney\u2019s crypto stash was worth just $10,000.\n\n\"Crypto King\" fails in bid for temporary release\n\nHaney is among several crypto criminals seeking temporary release who are fearing a rapid spread of COVID-19 in U.S. prisons.\n\nAlso on March 8, John Caruso, co-founder of the $9 million Zima Digital Assets Ponzi scheme, had his request for reconsideration of the terms of his detention rejected by the Arizona District Court.\n\nCaruso sought the reconsideration based on COVID-19 posing an imminent threat to his health and safety in a pre-trial detention facility.\n\nIn March, the alleged operators of a $722 million Ponzi requested release from a New Jersey correctional facility citing the looming threat of a coronavirus outbreak.",
    "title": "Silk Road Vendor Seeks Release From Jail Fearing COVID-19 Outbreak",
    "top-image": "https://images.cointelegraph.com/images/1200_aHR0cHM6Ly9zMy5jb2ludGVsZWdyYXBoLmNvbS9zdG9yYWdlL3VwbG9hZHMvdmlldy82OThkOTEzYmU3MzExNTY0YmVmMmIwYmRiZmJmNDFkMy5qcGc=.jpg",
    "df_date": 20200410,
    "source": "cointelegraph.com",
    "label": "reliable"
}