{
    "url": "https://in.reuters.com/article/health-coronavirus-marriage-specialrepor/special-report-married-for-50-years-a-couple-are-separated-by-the-coronavirus-idINKCN21S1G8",
    "uid": "1637683094.9173355.-article-health-coronavirus-marriage-specialrepor-special-report-married-for-50-years-a-couple-are-s",
    "images": [
        "https://static.reuters.com/resources/r/?m=02&d=20200410&t=2&i=1514686193&r=LYNXNPEG390VU&w=800"
    ],
    "publication-date": "2020-04-10",
    "text": "NEW YORK (Reuters) - This is a love story. It began 50 years ago over an apple strudel in Paris, but Howard Smith says he has no time for romantic notions about the past. Right now he\u2019s worried about how the story will end.\n\nHoward, an abstract artist, is a man who spends much of his life focusing on small details and routines. His monochrome-like palettes often consist of thousands of repetitive brush strokes, and critics have seen his work as a meticulous attempt to control chaos. Today, Howard knows exactly how far he is from his wife, Lois: 23.7 miles. And he knows exactly how long it has been since he\u2019s seen her: 31 days.\n\nLois Kittson has late-stage Alzheimer\u2019s disease. Six days a week for the past five years, Howard has made the 40-minute drive to visit Lois at the New Paltz Center nursing home in the Hudson River Valley north of New York City.\n\nThey\u2019ve been separated since New York became the epicenter of the coronavirus epidemic in America. On March 11, the nursing home suspended all visitation to protect the residents. On March 20, Governor Andrew Cuomo ordered people statewide to shelter in place.\n\nHoward, 76, understands the need to flatten the curve, but he feels like Lois\u2019 life may depend on his visits. He wants to know how long the pandemic will keep him from his wife, and he worries about everyone else who is enduring similar separations. For thousands of family members locked out of nursing homes worldwide \u2013 some of them unable to obtain regular updates from staff inside \u2013 the fate of residents can seem suspended between life and death.\n\n\u201cIt\u2019s a complete banishment,\u201d said Howard, whose grandmother died in the Spanish flu epidemic of 1918 shortly after giving birth to his mother. That haunts him, particularly now. \u201cI don\u2019t know if I\u2019ll see Lois again.\u201d\n\nLois, 77, can no longer speak and rarely opens her eyes. She can\u2019t remember the moments that make up half a century of her life with Howard.\n\nHoward remembers them. He talks about the moment they met at a Paris art gallery in January 1970 as if 50 minutes had passed, not 50 years. He remembers how their friendship turned into something more the night they baked an apple strudel at his place in the 13th arrondissement. Concocting and stretching the dough took hours. By the time it came out of the oven, the Paris Metro was closed. Lois spent the night. Then she moved in.\n\nHe remembers how Lois, an accomplished artisan herself, always pledged to work straight jobs so that Howard could focus on his artwork. She\u2019s been a cook, a substitute schoolteacher, a drug and alcohol counselor, a nurse\u2019s aide, a sculpture patina expert. \u201cShe was a real 1970s feminist,\u201d said Howard, who would gain renown as a member of New York\u2019s Radical Painting Group. \u201cShe told me, \u2018You make the paintings, I\u2019ll make the money.\u2019\u201d\n\nHe remembers the day that Lois, who\u2019d grown up in rural northern British Columbia, came home from work at the Metropolitan Museum of Art in Manhattan and told Howard that she wanted to grow potatoes. So they moved upstate, to a dilapidated pogo-stick factory.\n\nAnd he remembers how her memory started to fade: slowly at first, until one day when she asked him, \u201cWho are you?\u201d as he helped her in the bathroom.\n\nOccasionally during our long phone calls and emails, Howard would get testy about the reminiscences. \u201cJosh, I wish we could forget this Paris crap,\u201d he said at one point. \u201cLet\u2019s talk about now, how we will make it through this.\u201d\n\nBut then he\u2019d launch into another memory of Lois.\n\nSo this is a love story, even if Howard insists he\u2019s focused on more practical matters. Because sometimes a love story is unavoidable.\n\nLOVED ONES HIDDEN FROM VIEW\n\nFor many of us, perhaps our greatest anxiety during this crisis is that something will happen to our elderly loved ones \u2013 whether they are infected with the virus or not \u2013 and we will be powerless to get to them with communities and medical facilities in lockdown. And for many, it goes even deeper than that, to the fear of dying alone, or not being able to say goodbye to those who will.\n\nIn a White House briefing last Tuesday, the doctors leading the Trump administration\u2019s pandemic response estimated that, in a worst-case scenario, the national death toll could reach as high as 240,000 people; more recent models have suggested it could be far lower. By Thursday, the death toll in New York State had risen to more than 7,000.\n\nThe U.S. epidemic began with heart-rending scenes at a nursing home in Kirkland, Washington. At least three dozen residents died in isolation from their relatives as the virus spread like brushfire. Family members could only peer in through the windows. In upstate New York, Lois\u2019 room has no windows facing outside.\n\nAcross the United States, nursing homes \u2013 some 15,000 of them, with around 1.5 million residents \u2013 are in quarantine. Banning visitors is meant to keep the virus out, but staff members still come and go. The same shortages of protective gear putting hospital workers at risk affects nursing home staff. Many have been calling in sick themselves.\n\nSlideshow ( 16 images )\n\nNursing homes, like cruise ships, have emerged as brutally efficient incubators for the virus, which is especially deadly for the elderly. As of April 9, there have been more than 4,000 confirmed cases of the novel coronavirus spread among 312 of New York State\u2019s 613 nursing homes, and 1,231 virus-related deaths, state health data showed.\n\nThe virus has also ravaged elder-care facilities across Europe. In Italy, Reuters reported that official death tolls have often excluded the many nursing home patients who are dying.\n\nHoward is unaware of any COVID-19 cases at Lois\u2019 nursing home; the home\u2019s administrator confirmed this Monday and wasn\u2019t immediately available for comment later in the week.\n\nHoward is preparing mentally for bad news, though. \u201cNone of us knows how this is going to turn out,\u201d he said. \u201cI\u2019m far more concerned for society than for myself or Lois.\u201d\n\nThe virus is hardly the only concern for residents at nursing homes. Many of the facilities are short-staffed, and residents rely on the routines and hands-on care that only family visits offer. A blanket visitation ban would be cruel and inhumane if it stretches on for months, Howard says.\n\nAt home, Howard paints. But his life, so bound up in the routine of caring for Lois, has become unmoored.\n\n\u201cThe days don\u2019t mean anything to me right now,\u201d he said. \u201cMy only cues at home come from the cat that needs to be fed.\u201d\n\nREMEMBERING A LIFE TOGETHER\n\nDuring normal times, Howard arrives at Lois\u2019 nursing home just after the residents have had breakfast. He\u2019s disciplined about the timing. Lois is freshest in the morning.\n\nHoward plays Lois classical music, reads to her and sometimes holds her hand.\n\n\u201cIt\u2019s a way we still have of communicating,\u201d he said.\n\nHe helps her with range-of-motion exercises and, weather permitting, he wheels her outside for fresh air. He cleans her teeth and bathes her eyelids to reduce inflammation.\n\nDuring each of Howard\u2019s last three visits, Lois opened her eyes briefly and smiled at him.\n\n\u201cThere\u2019s still that spark of recognition,\u201d he said. \u201cIt\u2019s sporadic, and unusual for someone whose disease is so advanced.\u201d\n\nCorresponding with a reporter seemed to bring Howard some solace during his isolation. Our phone calls, some of them hours-long, began to remind me of the Arabian Nights, as if sharing these tales of his life with Lois might offer some reprieve from the present threat.\n\nAlone at home, he went rummaging through photographs, decades-old journal entries. \u201cThis has conjured up all sorts of memories,\u201d he said.\n\nLike the first time he saw her, at the Ileana Sonnabend gallery, the one famous for helping to bring American Pop Art to Europe. Lois was a pretty 27-year-old Canadian art historian who worked there while also studying classical guitar and taking a cooking course at L\u2019Institut Cordon Bleu.\n\nHe watched as she switched confidently between French and English while chatting up the gallery\u2019s sophisticated clientele.\n\nSlideshow ( 16 images )\n\n\u201cLois seduces everyone with her smile,\u201d Howard said. \u201cEven the caregiver staff at her nursing home. She\u2019s got a fan club there.\u201d\n\nYears after they\u2019d returned from Paris and were living in an artists\u2019 loft in downtown Manhattan, the couple found themselves thinking of children, and Lois had a miscarriage. They began looking at property upstate, including a former pogo-stick factory on an acre plot in a town called Walker Valley. The roof was falling apart, and many of the windows had been shot out; someone apparently liked to use them for target practice. The original building had a long cinder-block addition, hastily erected during a commercial boom for pogo sticks.\n\n\u201cI really think, unfortunately, that this is it,\u201d Lois told Howard, recognizing the backbreaking project that lay ahead to convert the factory into a home and art studio.\n\nThey bought it for $28,500 and set to work, moving in permanently a few years later. They were both pushing 50. All the space they had upstate reminded them of a void that remained in their lives.\n\nIn 1994, they adopted their daughter, Laurel, at age 1 from China. Lois threw herself into caring for the child.\n\nIn a journal entry scribbled in neat cursive on Mother\u2019s Day, 1998, Lois is effusive: \u201cWe had a really special beginning this AM that must be noted on the day!\u201d She recounts how Laurel, age 4, brought her breakfast in bed, donuts with chocolate icing and hot coffee.\n\nOne reason for keeping the journal, Lois wrote, was for her daughter to read it someday. \u201cIt\u2019s very important to record what I can of Laurel\u2019s history, to give her a past because she has no connection to a Chinese family which could tie her down as it were to specific time, place and individuals \u2013 no family stories, diseases, disasters, etc.\u201d\n\nLois also had a business making fine gold jewelry in their studio. By the early 2000s, however, there were little signs of what lay ahead. She had a nocturnal seizure. She was becoming forgetful.\n\nIn 2008, Lois was diagnosed with epilepsy. In early 2010, Alzheimer\u2019s.\n\n\u201cEverything changed,\u201d Howard said. \u201cBut I just made adjustments in my work life and my painting to be with her, and care for her.\u201d\n\nA DAUGHTER WORRIES ABOUT HER FATHER\n\nAs hundreds of millions of Americans quarantine themselves, separated family members worry about each other in a kind of infinite loop. Just as Howard can\u2019t see his wife, their daughter, Laurel, now 27, can\u2019t see Howard. Both are thinking about how this affects families everywhere. Isolation is required in the face of the virus, but for every family it creates a crisis all its own.\n\n\u201cI don\u2019t think anybody\u2019s ever going to forget this time,\u201d Howard said.\n\nLaurel, who works in marketing in Manhattan, has hardly been out of her own apartment in East Harlem for weeks. She works from home to a morbid soundtrack, the howl of ambulances at all hours.\n\n\u201cI think a lot about my dad,\u201d she said. \u201cHe is bound by routines, and caring for my mom is at the center of all that.\u201d\n\nFor years after Lois\u2019 Alzheimer\u2019s diagnosis, Howard had tended to her at home. The bathing, feeding and toileting became more difficult as she deteriorated. Before she moved into the nursing home in 2015, Howard took her for one last time to Paris. Pictures of the trip show Lois out at restaurants and holding empty wine glasses.\n\n\u201cBy that time, she\u2019d forget that she\u2019d already had a glass or two,\u201d Howard said.\n\nHoward has been dogged about seeking news of his wife, and he has fared better than most.\n\nIn late March, he received an encouraging email from a doctor at the New Paltz Center. \u201cI wanted to tell you that I saw Lois today and she was doing well. She has finished breakfast and was sitting up in her wheelchair,\u201d read one passage.\n\nThere have been other unsettling developments since. He learned that Lois, who has trouble swallowing, had vomited up three of her recent meals. Then he found out from local press reports that a retirement home nearby had a fatal case of the virus within, and two others in the area had reported their first infections.\n\nHe also got word from museums and galleries in Germany and Switzerland that exhibitions of his work were being shuttered. Museums are closed worldwide. It\u2019s too dangerous for people to view art together.\n\n\u201cI\u2019m not dwelling on any of these things,\u201d Howard said. \u201cI want us to control this damn virus.\u201d\n\nAfter she moved to the nursing home, Lois entered a stage of decline. At the time, the nursing staff told Howard they didn\u2019t expect her to live long. To his surprise, with his frequent visits, Lois has been able to rally back from a few brushes with death.\n\n\u201cI don\u2019t think anyone realized how resilient she is,\u201d he said.\n\nThere is at least one exception that some nursing homes are making to allow visitors. If a resident is dying, a family member can come one last time. But Howard says that kind of visit is of no interest to him. He visits Lois to keep her alive.",
    "title": "Special Report: Married for 50 years, a couple are separated by the coronavirus",
    "top-image": "https://static.reuters.com/resources/r/?m=02&d=20200410&t=2&i=1514686193&r=LYNXNPEG390VU&w=800",
    "df_date": 20200410,
    "source": "in.reuters.com",
    "label": "reliable"
}